date,open,high,low,close,volume,dividend,split
2004-06-23,1.11329,1.15946,1.04206,1.0724,367279799,0.0,1.0
2004-06-24,1.07504,1.1278,1.04602,1.05525,122466870,0.0,1.0
2004-06-25,1.04206,1.05525,0.95039,0.95171,137661494,0.0,1.0
2004-06-28,0.93654,0.94973,0.89037,0.92598,69209090,0.0,1.0
2004-06-29,0.9273,0.96754,0.91609,0.95962,56707826,0.0,1.0
2004-06-30,0.95171,0.95962,0.9306,0.94445,48161616,0.0,1.0
2004-07-01,0.94445,0.97281,0.93126,0.95764,35220647,0.0,1.0
2004-07-02,0.95764,0.95764,0.91016,0.9372,32689100,0.0,1.0
2004-07-05,0.92335,0.94181,0.91675,0.93126,13832554,0.0,1.0
2004-07-06,0.93192,0.96094,0.92862,0.93786,27645018,0.0,1.0
2004-07-07,0.93456,0.94115,0.9273,0.93588,10632048,0.0,1.0
2004-07-08,0.93654,0.95237,0.92862,0.94445,14845255,0.0,1.0
2004-07-09,0.94313,0.95105,0.9273,0.93324,11029830,0.0,1.0
2004-07-12,0.92862,0.92862,0.86729,0.86795,48007204,0.0,1.0
2004-07-13,0.86795,0.87652,0.85146,0.85344,22447600,0.0,1.0
2004-07-14,0.8508,0.8541,0.81189,0.83233,27905323,0.0,1.0
2004-07-15,0.82574,0.85607,0.82574,0.8508,15246053,0.0,1.0
2004-07-16,0.85014,0.90752,0.84222,0.89565,31660539,0.0,1.0
2004-07-19,0.91082,0.93522,0.90884,0.91279,35460938,0.0,1.0
2004-07-20,0.91345,0.91675,0.90026,0.90488,11687188,0.0,1.0
2004-07-21,0.90422,0.91213,0.89894,0.90158,6797852,0.0,1.0
2004-07-22,0.90488,0.91675,0.86597,0.87058,16578526,0.0,1.0
2004-07-23,0.86267,0.87058,0.85344,0.86926,12503508,0.0,1.0
2004-07-26,0.85739,0.90026,0.8442,0.88509,15315678,0.0,1.0
2004-07-27,0.88575,0.89037,0.8508,0.86135,10268124,0.0,1.0
2004-07-28,0.86729,0.88509,0.85607,0.88443,9739144,0.0,1.0
2004-07-29,0.88575,0.90554,0.8785,0.90092,13935915,0.0,1.0
2004-07-30,0.89565,0.89565,0.86267,0.87058,12828829,0.0,1.0
2004-08-02,0.86399,0.87058,0.84486,0.85937,6833195,0.0,1.0
2004-08-03,0.85937,0.88114,0.85739,0.87784,6268084,0.0,1.0
2004-08-04,0.8785,0.91345,0.87784,0.89762,20946872,0.0,1.0
2004-08-05,0.90026,0.9062,0.88048,0.88246,8373800,0.0,1.0
2004-08-06,0.88377,0.91016,0.87916,0.8996,13635096,0.0,1.0
2004-08-09,0.89697,0.90554,0.87718,0.88377,7077262,0.0,1.0
2004-08-10,0.89697,0.90356,0.88246,0.89037,2653907,0.0,1.0
2004-08-11,0.85937,0.89631,0.85937,0.86003,8160316,0.0,1.0
2004-08-12,0.85739,0.85937,0.85014,0.85673,11692359,0.0,1.0
2004-08-13,0.84486,0.86597,0.84486,0.86201,7727434,0.0,1.0
2004-08-16,0.86069,0.86597,0.81782,0.83299,5090296,0.0,1.0
2004-08-17,0.82969,0.83827,0.8231,0.82771,4138260,0.0,1.0
2004-08-18,0.82771,0.8442,0.82442,0.82574,5968645,0.0,1.0
2004-08-19,0.81782,0.82442,0.76836,0.77297,15882094,0.0,1.0
2004-08-20,0.75912,0.77561,0.75912,0.77297,5121531,0.0,1.0
2004-08-23,0.76176,0.77363,0.74659,0.74989,4068453,0.0,1.0
2004-08-24,0.73802,0.76374,0.73736,0.75187,5690221,0.0,1.0
2004-08-25,0.75385,0.75385,0.7334,0.73604,4401127,0.0,1.0
2004-08-26,0.73406,0.75319,0.73406,0.74857,4451329,0.0,1.0
2004-08-27,0.74857,0.75385,0.73538,0.74329,3421495,0.0,1.0
2004-08-30,0.74857,0.7578,0.73604,0.75517,3729501,0.0,1.0
2004-08-31,0.76506,0.79078,0.76242,0.77165,9784980,0.0,1.0
2004-09-01,0.77165,0.77165,0.77165,0.77165,0,0.0,1.0
2004-09-02,0.75517,0.78089,0.75517,0.78023,8900536,0.0,1.0
2004-09-03,0.78023,0.79078,0.76308,0.78089,6017012,0.0,1.0
2004-09-06,0.77231,0.77759,0.76836,0.77693,1435606,0.0,1.0
2004-09-07,0.77693,0.77693,0.76572,0.77363,1568367,0.0,1.0
2004-09-08,0.76242,0.78155,0.76242,0.7677,1786111,0.0,1.0
2004-09-09,0.76572,0.7677,0.76176,0.76374,3716401,0.0,1.0
2004-09-10,0.76242,0.76638,0.74857,0.76506,2833231,0.0,1.0
2004-09-13,0.76506,0.76836,0.75055,0.75846,3835758,0.0,1.0
2004-09-14,0.75846,0.79078,0.74527,0.78221,4748403,0.0,1.0
2004-09-15,0.77891,0.83431,0.77891,0.8165,12915390,0.0,1.0
2004-09-16,0.8165,0.82969,0.81452,0.82442,11641262,0.0,1.0
2004-09-17,0.82442,0.8442,0.8132,0.8409,14626994,0.0,1.0
2004-09-20,0.84882,0.88246,0.83431,0.8752,32736224,0.0,1.0
2004-09-21,0.87388,0.88114,0.85146,0.86663,15655889,0.0,1.0
2004-09-22,0.86201,0.8752,0.84552,0.8541,12684318,0.0,1.0
2004-09-23,0.86069,0.86069,0.83299,0.85541,8204271,0.0,1.0
2004-09-24,0.86399,0.90026,0.84948,0.85805,25813541,0.0,1.0
2004-09-27,0.86069,0.86861,0.81123,0.82178,10772617,0.0,1.0
2004-09-28,0.82771,0.8409,0.8132,0.82771,5895866,0.0,1.0
2004-09-29,0.82837,0.83365,0.80859,0.8132,7089483,0.0,1.0
2004-09-30,0.81584,0.81782,0.79342,0.80397,7075594,0.0,1.0
2004-10-01,0.81584,0.81782,0.79342,0.80397,0,0.0,1.0
2004-10-04,0.81584,0.81782,0.79342,0.80397,0,0.0,1.0
2004-10-05,0.81584,0.81782,0.79342,0.80397,0,0.0,1.0
2004-10-06,0.81584,0.81782,0.79342,0.80397,0,0.0,1.0
2004-10-07,0.81584,0.81782,0.79342,0.80397,0,0.0,1.0
2004-10-08,0.79804,0.81584,0.78155,0.81123,10328349,0.0,1.0
2004-10-11,0.81123,0.83431,0.80133,0.82112,21456521,0.0,1.0
2004-10-12,0.8198,0.8198,0.77495,0.77891,13877540,0.0,1.0
2004-10-13,0.77891,0.79012,0.75055,0.77693,12012615,0.0,1.0
2004-10-14,0.77165,0.77825,0.73604,0.73802,8095967,0.0,1.0
2004-10-15,0.71889,0.74527,0.69581,0.70702,15636466,0.0,1.0
2004-10-18,0.709,0.72153,0.69251,0.71559,5836824,0.0,1.0
2004-10-19,0.71559,0.73142,0.7057,0.70702,6127636,0.0,1.0
2004-10-20,0.70174,0.7057,0.68723,0.7024,3530390,0.0,1.0
2004-10-21,0.70768,0.72153,0.69185,0.69317,5765213,0.0,1.0
2004-10-22,0.69383,0.69779,0.62985,0.66151,13937734,0.0,1.0
2004-10-25,0.66679,0.68921,0.65821,0.67272,18671991,0.0,1.0
2004-10-26,0.67272,0.72944,0.6714,0.71889,37119475,0.0,1.0
2004-10-27,0.73208,0.79012,0.72549,0.78155,34575722,0.0,1.0
2004-10-28,0.78155,0.78616,0.76836,0.77825,18847282,0.0,1.0
2004-10-29,0.75055,0.80925,0.74263,0.78616,17894502,0.0,1.0
2004-11-01,0.78155,0.81716,0.77693,0.78221,16178561,0.0,1.0
2004-11-02,0.77825,0.78946,0.77231,0.77759,8425321,0.0,1.0
2004-11-03,0.78221,0.79672,0.76902,0.79606,10809477,0.0,1.0
2004-11-04,0.79078,0.80397,0.78484,0.78748,13292718,0.0,1.0
2004-11-05,0.79144,0.79738,0.78089,0.78616,7415971,0.0,1.0
2004-11-08,0.78616,0.78616,0.75714,0.76242,12658678,0.0,1.0
2004-11-09,0.76242,0.81518,0.76242,0.81386,17802255,0.0,1.0
2004-11-10,0.8132,0.8541,0.80991,0.84882,30323154,0.0,1.0
2004-11-11,0.8475,0.85805,0.82903,0.82903,21333449,0.0,1.0
2004-11-12,0.82903,0.8508,0.82903,0.84222,10226944,0.0,1.0
2004-11-15,0.8475,0.8541,0.83629,0.85014,4997761,0.0,1.0
2004-11-16,0.84552,0.85344,0.83431,0.84222,5539887,0.0,1.0
2004-11-17,0.84288,0.86729,0.83761,0.84486,13701977,0.0,1.0
2004-11-18,0.8475,0.87388,0.8442,0.87058,16805884,0.0,1.0
2004-11-19,0.87454,0.89367,0.85805,0.88641,22472118,0.0,1.0
2004-11-22,0.88443,0.89367,0.86729,0.88246,11033863,0.0,1.0
2004-11-23,0.86399,0.88114,0.85805,0.86597,12029734,0.0,1.0
2004-11-24,0.85805,0.87124,0.85739,0.86267,6947686,0.0,1.0
2004-11-25,0.85739,0.87388,0.8409,0.84552,9627019,0.0,1.0
2004-11-26,0.84552,0.85607,0.83959,0.84684,2587997,0.0,1.0
2004-11-29,0.8442,0.86069,0.83893,0.84288,7750935,0.0,1.0
2004-11-30,0.84156,0.90158,0.83431,0.89433,24512136,0.0,1.0
2004-12-01,0.89433,0.91345,0.88048,0.88707,15954600,0.0,1.0
2004-12-02,0.88377,0.91279,0.88048,0.91082,23264723,0.0,1.0
2004-12-03,0.91082,0.91345,0.88971,0.89762,12242293,0.0,1.0
2004-12-06,0.89433,0.89697,0.86399,0.87454,10727464,0.0,1.0
2004-12-07,0.87718,0.89301,0.85937,0.86465,10384206,0.0,1.0
2004-12-08,0.85739,0.87454,0.85739,0.86201,3378131,0.0,1.0
2004-12-09,0.86201,0.88707,0.85146,0.87652,5572713,0.0,1.0
2004-12-10,0.87586,0.87652,0.86069,0.86201,4154089,0.0,1.0
2004-12-13,0.84948,0.86926,0.83827,0.85673,3583397,0.0,1.0
2004-12-14,0.8541,0.86663,0.84486,0.86135,8381093,0.0,1.0
2004-12-15,0.86399,0.87718,0.85937,0.87586,4028379,0.0,1.0
2004-12-16,0.86267,0.8719,0.86003,0.86201,4356808,0.0,1.0
2004-12-17,0.86399,0.86795,0.85739,0.85739,3614419,0.0,1.0
2004-12-20,0.8442,0.85739,0.82771,0.83893,5865011,0.0,1.0
2004-12-21,0.8409,0.86399,0.8409,0.8541,6732837,0.0,1.0
2004-12-22,0.84816,0.89037,0.8475,0.88575,5588512,0.0,1.0
2004-12-23,0.88246,0.88971,0.85805,0.86399,3228950,0.0,1.0
2004-12-24,0.86399,0.87982,0.85673,0.86333,3600501,0.0,1.0
2004-12-27,0.86333,0.87718,0.85673,0.85871,2580218,0.0,1.0
2004-12-28,0.86069,0.87718,0.8508,0.87124,5231760,0.0,1.0
2004-12-29,0.86795,0.87718,0.86465,0.86861,4341615,0.0,1.0
2004-12-30,0.86795,0.87718,0.84948,0.86069,11534186,0.0,1.0
2004-12-31,0.86069,0.87652,0.85212,0.85673,5809350,0.0,1.0
2005-01-03,0.86069,0.87652,0.85212,0.85673,0,0.0,1.0
2005-01-04,0.85014,0.86003,0.83959,0.8475,4014960,0.0,1.0
2005-01-05,0.85673,0.86729,0.83761,0.85146,2002188,0.0,1.0
2005-01-06,0.8541,0.8541,0.84486,0.85212,3907490,0.0,1.0
2005-01-07,0.85607,0.87718,0.83629,0.84288,7168417,0.0,1.0
2005-01-10,0.84288,0.85541,0.83101,0.84156,8145153,0.0,1.0
2005-01-11,0.8442,0.87058,0.8442,0.85739,6761599,0.0,1.0
2005-01-12,0.85739,0.90356,0.8541,0.89631,25862394,0.0,1.0
2005-01-13,0.89499,0.90224,0.88509,0.88971,7397777,0.0,1.0
2005-01-14,0.89169,0.89697,0.88312,0.88312,3763282,0.0,1.0
2005-01-17,0.88048,0.88377,0.84948,0.86531,5741636,0.0,1.0
2005-01-18,0.8752,0.8752,0.8508,0.86663,5785606,0.0,1.0
2005-01-19,0.86729,0.8719,0.8541,0.85607,3235621,0.0,1.0
2005-01-20,0.85739,0.85739,0.77033,0.77033,40316387,0.0,1.0
2005-01-21,0.75912,0.78353,0.74923,0.76968,11546923,0.0,1.0
2005-01-24,0.79144,0.79869,0.76968,0.77759,10647847,0.0,1.0
2005-01-25,0.76704,0.77825,0.76176,0.77429,9979011,0.0,1.0
2005-01-26,0.76374,0.77957,0.76374,0.77297,2979425,0.0,1.0
2005-01-27,0.77099,0.77495,0.75187,0.76176,5833837,0.0,1.0
2005-01-28,0.77165,0.77165,0.75319,0.76374,3826524,0.0,1.0
2005-01-31,0.76836,0.77495,0.75517,0.77363,4878010,0.0,1.0
2005-02-01,0.77363,0.77825,0.75846,0.76968,5273790,0.0,1.0
2005-02-02,0.76176,0.80463,0.76176,0.80397,6668913,0.0,1.0
2005-02-03,0.80793,0.80793,0.77297,0.77693,5302234,0.0,1.0
2005-02-04,0.78155,0.79672,0.77759,0.79408,8199662,0.0,1.0
2005-02-07,0.78155,0.79672,0.77759,0.79408,0,0.0,1.0
2005-02-08,0.78155,0.79672,0.77759,0.79408,0,0.0,1.0
2005-02-09,0.78155,0.79672,0.77759,0.79408,0,0.0,1.0
2005-02-10,0.78155,0.79672,0.77759,0.79408,0,0.0,1.0
2005-02-11,0.78155,0.79672,0.77759,0.79408,0,0.0,1.0
2005-02-14,0.78155,0.79672,0.77759,0.79408,0,0.0,1.0
2005-02-15,0.78155,0.79672,0.77759,0.79408,0,0.0,1.0
2005-02-16,0.79804,0.81123,0.79804,0.80595,5019458,0.0,1.0
2005-02-17,0.79935,0.79935,0.78484,0.78814,4942889,0.0,1.0
2005-02-18,0.79012,0.80793,0.78221,0.79012,11112403,0.0,1.0
2005-02-21,0.78484,0.81848,0.78089,0.81584,4317083,0.0,1.0
2005-02-22,0.81123,0.85607,0.80199,0.84882,7369969,0.0,1.0
2005-02-23,0.8475,0.89565,0.83959,0.87784,27396585,0.0,1.0
2005-02-24,0.88971,0.9029,0.8785,0.88773,24594330,0.0,1.0
2005-02-25,0.88773,0.91279,0.87388,0.90092,21627141,0.0,1.0
2005-02-28,0.90092,0.94445,0.90092,0.90818,36033631,0.0,1.0
2005-03-01,0.90092,0.90686,0.87454,0.8752,23877793,0.0,1.0
2005-03-02,0.87718,0.88905,0.87058,0.87718,10557389,0.0,1.0
2005-03-03,0.87586,0.90752,0.85212,0.90092,12187527,0.0,1.0
2005-03-04,0.90026,0.92467,0.89169,0.90554,18617331,0.0,1.0
2005-03-07,0.90356,0.91543,0.88114,0.88839,13364753,0.0,1.0
2005-03-08,0.89697,0.9616,0.89169,0.95171,57120300,0.0,1.0
2005-03-09,0.95039,0.97611,0.94313,0.95896,42789439,0.0,1.0
2005-03-10,0.95962,0.97611,0.93456,0.94379,29233596,0.0,1.0
2005-03-11,0.94313,1.00117,0.94313,0.97941,45184845,0.0,1.0
2005-03-14,1.00117,1.01238,0.9649,0.9827,41475601,0.0,1.0
2005-03-15,0.98139,0.98336,0.88443,0.90092,73824960,0.0,1.0
2005-03-16,0.90092,0.92796,0.87718,0.90752,24769166,0.0,1.0
2005-03-17,0.91148,0.91148,0.85476,0.85937,38072376,0.0,1.0
2005-03-18,0.8475,0.86795,0.83497,0.84156,25105449,0.0,1.0
2005-03-21,0.84486,0.86003,0.83827,0.84948,7088907,0.0,1.0
2005-03-22,0.85278,0.85278,0.78221,0.81123,30456688,0.0,1.0
2005-03-23,0.80331,0.83299,0.79672,0.81518,12647443,0.0,1.0
2005-03-24,0.8165,0.82969,0.80727,0.82442,7684434,0.0,1.0
2005-03-25,0.82442,0.82574,0.81123,0.81518,7968559,0.0,1.0
2005-03-28,0.7921,0.82705,0.77099,0.82376,9969034,0.0,1.0
2005-03-29,0.82837,0.83629,0.82112,0.82771,4514556,0.0,1.0
2005-03-30,0.82969,0.82969,0.80463,0.80463,12035783,0.0,1.0
2005-03-31,0.7954,0.8165,0.79276,0.81518,3731381,0.0,1.0
2005-04-01,0.81123,0.85607,0.80595,0.84816,15628748,0.0,1.0
2005-04-04,0.83497,0.86399,0.8264,0.84684,9149500,0.0,1.0
2005-04-05,0.84684,0.85344,0.83233,0.83431,7164157,0.0,1.0
2005-04-06,0.83431,0.87718,0.83431,0.87718,12816078,0.0,1.0
2005-04-07,0.87784,0.89631,0.86531,0.87982,24389686,0.0,1.0
2005-04-08,0.87718,0.89828,0.87124,0.89697,12759735,0.0,1.0
2005-04-11,0.89169,0.91279,0.88773,0.88839,17643385,0.0,1.0
2005-04-12,0.88707,0.89301,0.87388,0.88575,8750597,0.0,1.0
2005-04-13,0.83101,0.9273,0.83101,0.91675,26815462,0.0,1.0
2005-04-14,0.91543,0.93324,0.90818,0.91016,8414435,0.0,1.0
2005-04-15,0.90884,0.92269,0.89367,0.90422,6575210,0.0,1.0
2005-04-18,0.90422,0.90422,0.90422,0.90422,0,0.0,1.0
2005-04-19,0.9029,0.92203,0.88377,0.92005,5486683,0.0,1.0
2005-04-20,0.92071,0.92994,0.90356,0.91873,15664076,0.0,1.0
2005-04-21,0.89631,0.92335,0.89631,0.91675,21302821,0.0,1.0
2005-04-22,0.92071,0.93522,0.91675,0.9306,19131786,0.0,1.0
2005-04-25,0.86399,0.93522,0.86399,0.89828,18926792,0.0,1.0
2005-04-26,0.89565,0.92005,0.89037,0.91939,9411261,0.0,1.0
2005-04-27,0.92269,0.92335,0.89565,0.9029,4149904,0.0,1.0
2005-04-28,0.89631,0.92071,0.88443,0.91279,13587153,0.0,1.0
2005-04-29,0.91016,0.92005,0.90356,0.91477,8564435,0.0,1.0
2005-05-02,0.91016,0.92005,0.90356,0.91477,0,0.0,1.0
2005-05-03,0.91016,0.92005,0.90356,0.91477,0,0.0,1.0
2005-05-04,0.91016,0.92005,0.90356,0.91477,0,0.0,1.0
2005-05-05,0.91016,0.92005,0.90356,0.91477,0,0.0,1.0
2005-05-06,0.91016,0.92005,0.90356,0.91477,0,0.0,1.0
2005-05-09,0.92005,0.94511,0.90422,0.92071,18581321,0.0,1.0
2005-05-10,0.92994,0.93654,0.87784,0.89565,20349844,0.0,1.0
2005-05-11,0.89565,0.90026,0.87388,0.87784,13248762,0.0,1.0
2005-05-12,0.87586,0.88773,0.85805,0.8785,9524781,0.0,1.0
2005-05-13,0.86926,0.89301,0.86795,0.89037,5170383,0.0,1.0
2005-05-16,0.89037,0.92994,0.87916,0.92335,13433999,0.0,1.0
2005-05-17,0.92994,0.96028,0.92401,0.94775,16057703,0.0,1.0
2005-05-18,0.94973,0.96028,0.93324,0.95303,9416977,0.0,1.0
2005-05-19,0.94841,0.97149,0.94313,0.96226,6959755,0.0,1.0
2005-05-20,0.9583,0.97677,0.9306,0.93258,19243911,0.0,1.0
2005-05-23,0.92994,0.93192,0.91016,0.92137,13291217,0.0,1.0
2005-05-24,0.91873,0.93983,0.91807,0.93192,9378996,0.0,1.0
2005-05-25,0.93324,0.93324,0.90686,0.9095,11815794,0.0,1.0
2005-05-26,0.90422,0.91609,0.89433,0.91148,7573325,0.0,1.0
2005-05-27,0.90686,0.91675,0.89433,0.91279,8704701,0.0,1.0
2005-05-30,0.89433,0.93522,0.89433,0.93126,3691095,0.0,1.0
2005-05-31,0.92994,0.94313,0.91477,0.92598,4995350,0.0,1.0
2005-06-01,0.92664,0.92664,0.89697,0.90488,3103573,0.0,1.0
2005-06-02,0.89565,0.90554,0.85607,0.86399,25183216,0.0,1.0
2005-06-03,0.85739,0.86926,0.83101,0.85278,21710412,0.0,1.0
2005-06-06,0.84948,0.87586,0.83761,0.86729,7560194,0.0,1.0
2005-06-07,0.8752,0.89565,0.86465,0.86663,6153745,0.0,1.0
2005-06-08,0.87586,0.95303,0.85739,0.95303,30989413,0.0,1.0
2005-06-09,0.95632,0.9893,0.95369,0.9827,36934738,0.0,1.0
2005-06-10,0.98336,1.01568,0.96951,0.97347,39902321,0.0,1.0
2005-06-13,0.97347,0.9959,0.95632,0.99194,16482761,0.0,1.0
2005-06-14,0.9959,1.00909,0.93983,0.96226,23185728,0.0,1.0
2005-06-15,0.94913,0.99886,0.92598,0.98172,17472355,0.11859,1.0
2005-06-16,0.96885,1.0143,0.96714,1.01172,15881510,0.0,1.0
2005-06-17,1.01258,1.02887,0.98686,1.00658,21864365,0.0,1.0
2005-06-20,1.00658,1.00658,1.00658,1.00658,0,0.0,1.0
2005-06-21,1.00658,1.00658,1.00658,1.00658,0,0.0,1.0
2005-06-22,1.00658,1.00658,1.00658,1.00658,0,0.0,1.0
2005-06-23,1.00658,1.00658,1.00658,1.00658,0,0.0,1.0
2005-06-24,1.00658,1.00658,1.00658,1.00658,0,0.0,1.0
2005-06-27,1.00658,1.00658,1.00658,1.00658,0,0.0,1.0
2005-06-28,1.00658,1.00658,1.00658,1.00658,0,0.0,1.0
2005-06-29,1.00658,1.00658,1.00658,1.00658,0,0.0,1.0
2005-06-30,1.00658,1.00658,1.00658,1.00658,0,0.0,1.0
2005-07-01,1.00658,1.00658,1.00658,1.00658,0,0.0,1.0
2005-07-04,1.07088,1.10689,1.01344,1.04602,69369985,0.0,1.0
2005-07-05,1.04602,1.06231,1.03745,1.04773,11621644,0.0,1.0
2005-07-06,1.04516,1.05374,1.01258,1.0323,11310002,0.0,1.0
2005-07-07,1.02716,1.05459,1.02716,1.04259,5661859,0.0,1.0
2005-07-08,1.04259,1.04945,1.02887,1.04945,5057166,0.0,1.0
2005-07-11,1.05116,1.08717,1.04945,1.0606,7068565,0.0,1.0
2005-07-12,1.06145,1.08117,1.04173,1.0666,6063238,0.0,1.0
2005-07-13,1.07174,1.10604,1.07003,1.0906,12092945,0.0,1.0
2005-07-14,1.09318,1.10089,1.07689,1.09232,10848662,0.0,1.0
2005-07-15,1.11375,1.1189,1.09232,1.10775,15600472,0.0,1.0
2005-07-18,1.11461,1.11718,1.09746,1.10689,6101867,0.0,1.0
2005-07-19,1.10947,1.1129,1.06145,1.06574,28166339,0.0,1.0
2005-07-20,1.06231,1.12747,1.05459,1.11718,18668247,0.0,1.0
2005-07-21,1.11718,1.11718,1.11718,1.11718,0,0.0,1.0
2005-07-22,1.11718,1.11718,1.11718,1.11718,0,0.0,1.0
2005-07-25,1.11718,1.11718,1.11718,1.11718,0,0.0,1.0
2005-07-26,1.11718,1.11718,1.11718,1.11718,0,0.0,1.0
2005-07-27,1.11718,1.11718,1.11718,1.11718,0,0.0,1.0
2005-07-28,1.11718,1.11718,1.11718,1.11718,0,0.0,1.0
2005-07-29,1.11718,1.11718,1.11718,1.11718,0,0.0,1.0
2005-08-01,1.11718,1.11718,1.11718,1.11718,0,0.0,1.0
2005-08-02,1.11718,1.11718,1.11718,1.11718,0,0.0,1.0
2005-08-03,1.11718,1.11718,1.11718,1.11718,0,0.0,1.0
2005-08-04,1.11718,1.11718,1.11718,1.11718,0,0.0,1.0
2005-08-05,1.45234,1.45234,1.45234,1.45234,0,0.0,1.0
2005-08-08,1.45234,1.45234,1.45234,1.45234,0,0.0,1.0
2005-08-09,1.29072,1.29518,1.20712,1.22496,43868675,0.0,1.0
2005-08-10,1.24614,1.25951,1.22607,1.24836,24772493,0.0,1.0
2005-08-11,1.24836,1.24836,1.21604,1.23165,15208010,0.0,1.0
2005-08-12,1.22607,1.23165,1.19821,1.21604,16428095,0.0,1.0
2005-08-15,1.21493,1.24279,1.20824,1.22942,11817985,0.0,1.0
2005-08-16,1.23165,1.23165,1.16588,1.17257,25484059,0.0,1.0
2005-08-17,1.1592,1.16031,1.12576,1.1369,24785026,0.0,1.0
2005-08-18,1.15697,1.20267,1.13802,1.14805,23339015,0.0,1.0
2005-08-19,1.14582,1.20935,1.14025,1.19821,28925160,0.0,1.0
2005-08-22,1.20378,1.21493,1.18372,1.19932,7869335,0.0,1.0
2005-08-23,1.19821,1.21493,1.18929,1.19263,9415238,0.0,1.0
2005-08-24,1.19152,1.20824,1.17703,1.19263,6621196,0.0,1.0
2005-08-25,1.1904,1.20267,1.13245,1.14916,27893069,0.0,1.0
2005-08-26,1.12464,1.14805,1.11573,1.14025,12281627,0.0,1.0
2005-08-29,1.12353,1.13913,1.11573,1.12464,4505328,0.0,1.0
2005-08-30,1.14694,1.167,1.12576,1.14582,13732509,0.0,1.0
2005-08-31,1.1592,1.1592,1.11684,1.12576,13747259,0.0,1.0
2005-09-01,1.12576,1.14136,1.11796,1.14025,7811539,0.0,1.0
2005-09-02,1.12576,1.14136,1.12576,1.13467,4037434,0.0,1.0
2005-09-05,1.14025,1.14694,1.12799,1.13913,4113802,0.0,1.0
2005-09-06,1.14025,1.15697,1.13802,1.13802,5987953,0.0,1.0
2005-09-07,1.13913,1.17703,1.13913,1.1748,14041595,0.0,1.0
2005-09-08,1.17591,1.19263,1.15362,1.18706,13177670,0.0,1.0
2005-09-09,1.18595,1.18929,1.16142,1.167,3284921,0.0,1.0
2005-09-12,1.16254,1.18149,1.15808,1.16254,2730172,0.0,1.0
2005-09-13,1.16811,1.17034,1.14582,1.16365,5184390,0.0,1.0
2005-09-14,1.16477,1.17369,1.15362,1.16031,7339904,0.0,1.0
2005-09-15,1.16254,1.17926,1.15585,1.17703,6928388,0.0,1.0
2005-09-16,1.18149,1.19152,1.17034,1.18929,8789396,0.0,1.0
2005-09-19,1.19486,1.21716,1.1826,1.20824,13142232,0.0,1.0
2005-09-20,1.20935,1.24836,1.20378,1.21047,22724442,0.0,1.0
2005-09-21,1.20935,1.20935,1.16811,1.17257,13821724,0.0,1.0
2005-09-22,1.16923,1.17369,1.14359,1.15808,7461471,0.0,1.0
2005-09-23,1.15697,1.16588,1.14248,1.14248,7157886,0.0,1.0
2005-09-26,1.14805,1.18037,1.14248,1.17591,4568507,0.0,1.0
2005-09-27,1.17703,1.17926,1.16142,1.16923,5303481,0.0,1.0
2005-09-28,1.17369,1.1748,1.15251,1.1592,2600907,0.0,1.0
2005-09-29,1.16031,1.18149,1.15697,1.17814,6833467,0.0,1.0
2005-09-30,1.17926,1.21604,1.17591,1.20155,24359613,0.0,1.0
2005-10-03,1.17926,1.21604,1.17591,1.20155,0,0.0,1.0
2005-10-04,1.17926,1.21604,1.17591,1.20155,0,0.0,1.0
2005-10-05,1.17926,1.21604,1.17591,1.20155,0,0.0,1.0
2005-10-06,1.17926,1.21604,1.17591,1.20155,0,0.0,1.0
2005-10-07,1.17926,1.21604,1.17591,1.20155,0,0.0,1.0
2005-10-10,1.20155,1.20935,1.18149,1.20044,7850710,0.0,1.0
2005-10-11,1.20155,1.20712,1.19263,1.20601,11712307,0.0,1.0
2005-10-12,1.20935,1.23165,1.19932,1.22384,15351549,0.0,1.0
2005-10-13,1.22496,1.22719,1.20378,1.20824,10073171,0.0,1.0
2005-10-14,1.20378,1.21493,1.18372,1.19598,7611218,0.0,1.0
2005-10-17,1.19263,1.19709,1.15028,1.18483,13170448,0.0,1.0
2005-10-18,1.18372,1.22942,1.18149,1.22161,16508051,0.0,1.0
2005-10-19,1.22161,1.25505,1.20712,1.23833,29601288,0.0,1.0
2005-10-20,1.23276,1.25617,1.22161,1.24836,20522213,0.0,1.0
2005-10-21,1.26508,1.27957,1.23833,1.24725,30654902,0.0,1.0
2005-10-24,1.25059,1.26174,1.20601,1.22942,17154528,0.0,1.0
2005-10-25,1.23499,1.23499,1.2127,1.21938,15402724,0.0,1.0
2005-10-26,1.21493,1.22384,1.17703,1.1826,17867224,0.0,1.0
2005-10-27,1.18149,1.20712,1.18037,1.19709,6777107,0.0,1.0
2005-10-28,1.19486,1.20712,1.19263,1.20155,9638356,0.0,1.0
2005-10-31,1.20155,1.23165,1.19375,1.22607,8568673,0.0,1.0
2005-11-01,1.2283,1.2283,1.19932,1.21493,5866996,0.0,1.0
2005-11-02,1.21716,1.24168,1.21716,1.23165,6356081,0.0,1.0
2005-11-03,1.23165,1.23165,1.19709,1.19821,8014166,0.0,1.0
2005-11-04,1.19709,1.21047,1.18706,1.20601,5226952,0.0,1.0
2005-11-07,1.20601,1.20601,1.18818,1.20378,2435396,0.0,1.0
2005-11-08,1.19598,1.21381,1.19486,1.20712,6983206,0.0,1.0
2005-11-09,1.21381,1.22942,1.20712,1.21827,4900525,0.0,1.0
2005-11-10,1.21827,1.21827,1.19932,1.20935,9070202,0.0,1.0
2005-11-11,1.20155,1.2205,1.19932,1.21381,2858754,0.0,1.0
2005-11-14,1.2127,1.22607,1.20489,1.22607,3368645,0.0,1.0
2005-11-15,1.22942,1.24502,1.21604,1.22273,6214902,0.0,1.0
2005-11-16,1.23165,1.23165,1.19821,1.21158,8527134,0.0,1.0
2005-11-17,1.20935,1.22942,1.20935,1.22496,3253009,0.0,1.0
2005-11-18,1.2205,1.26508,1.2205,1.25617,11766398,0.0,1.0
2005-11-21,1.2584,1.26397,1.2361,1.25171,4874964,0.0,1.0
2005-11-22,1.25171,1.25171,1.22942,1.24279,3228363,0.0,1.0
2005-11-23,1.24502,1.25951,1.23722,1.25728,3133945,0.0,1.0
2005-11-24,1.25951,1.27066,1.24836,1.25951,4455508,0.0,1.0
2005-11-25,1.25951,1.26063,1.24391,1.25282,2195043,0.0,1.0
2005-11-28,1.25617,1.25617,1.23165,1.2361,3715412,0.0,1.0
2005-11-29,1.23276,1.26285,1.23276,1.25951,15956971,0.0,1.0
2005-11-30,1.27066,1.27177,1.25394,1.26508,7535990,0.0,1.0
2005-12-01,1.27623,1.27623,1.25282,1.2584,4237029,0.0,1.0
2005-12-02,1.25282,1.26285,1.25282,1.25951,3730036,0.0,1.0
2005-12-05,1.25394,1.26508,1.20712,1.21938,16345277,0.0,1.0
2005-12-06,1.21493,1.22273,1.19821,1.20824,8497599,0.0,1.0
2005-12-07,1.20489,1.22607,1.20489,1.22607,1234547,0.0,1.0
2005-12-08,1.21604,1.23165,1.20935,1.22273,1990389,0.0,1.0
2005-12-09,1.22273,1.23387,1.21493,1.23276,3105118,0.0,1.0
2005-12-12,1.22496,1.24056,1.22496,1.23387,10140360,0.0,1.0
2005-12-13,1.23276,1.23276,1.20378,1.21493,3594168,0.0,1.0
2005-12-14,1.21381,1.22161,1.20267,1.21604,4094952,0.0,1.0
2005-12-15,1.21604,1.2205,1.19152,1.19598,6412693,0.0,1.0
2005-12-16,1.19263,1.20712,1.16142,1.20601,8915700,0.0,1.0
2005-12-19,1.20267,1.20935,1.19263,1.19709,2843709,0.0,1.0
2005-12-20,1.20267,1.20489,1.17034,1.18929,5011379,0.0,1.0
2005-12-21,1.18818,1.1904,1.16923,1.17591,14454214,0.0,1.0
2005-12-22,1.17591,1.18929,1.17034,1.18818,2382014,0.0,1.0
2005-12-23,1.19263,1.19709,1.18149,1.19598,3894254,0.0,1.0
2005-12-26,1.19932,1.21493,1.1904,1.21381,5236848,0.0,1.0
2005-12-27,1.2205,1.2205,1.19486,1.20044,2980411,0.0,1.0
2005-12-28,1.19932,1.20712,1.19598,1.20378,3919698,0.0,1.0
2005-12-29,1.20378,1.21827,1.20267,1.20712,3474126,0.0,1.0
2005-12-30,1.21047,1.21381,1.18706,1.20935,3789402,0.0,1.0
2006-01-04,1.20712,1.20935,1.18372,1.20489,6850909,0.0,1.0
2006-01-05,1.20155,1.274,1.20155,1.26731,29277740,0.0,1.0
2006-01-06,1.26731,1.34757,1.26285,1.32193,39915781,0.0,1.0
2006-01-09,1.3353,1.34534,1.30075,1.31747,15623447,0.0,1.0
2006-01-10,1.3197,1.34088,1.31078,1.3275,13535840,0.0,1.0
2006-01-11,1.33753,1.3654,1.31859,1.35537,24029193,0.0,1.0
2006-01-12,1.35425,1.3654,1.33976,1.36428,13527577,0.0,1.0
2006-01-13,1.37654,1.38212,1.33976,1.34311,19796623,0.0,1.0
2006-01-16,1.34422,1.36428,1.30521,1.33865,15031814,0.0,1.0
2006-01-17,1.32639,1.36205,1.32081,1.34311,12354684,0.0,1.0
2006-01-18,1.34311,1.35202,1.3119,1.33753,13881602,0.0,1.0
2006-01-19,1.34199,1.38212,1.32862,1.37432,9903103,0.0,1.0
2006-01-20,1.37432,1.39661,1.35314,1.36094,11875082,0.0,1.0
2006-01-23,1.35871,1.35983,1.31747,1.33308,6522139,0.0,1.0
2006-01-24,1.3275,1.34979,1.30967,1.34199,7063691,0.0,1.0
2006-01-25,1.33753,1.34979,1.32081,1.34868,5801224,0.0,1.0
2006-02-06,1.34645,1.41779,1.33753,1.41556,10762739,0.0,1.0
2006-02-07,1.41333,1.41667,1.35537,1.35871,9499383,0.0,1.0
2006-02-08,1.34868,1.37654,1.31078,1.33642,12280174,0.0,1.0
2006-02-09,1.32639,1.35425,1.29295,1.30744,20709794,0.0,1.0
2006-02-10,1.29964,1.32527,1.27066,1.29183,23696790,0.0,1.0
2006-02-13,1.3041,1.31524,1.2818,1.30632,11731112,0.0,1.0
2006-02-14,1.30632,1.32973,1.27289,1.28626,15870923,0.0,1.0
2006-02-15,1.28961,1.30298,1.28292,1.29072,10212035,0.0,1.0
2006-02-16,1.27846,1.31524,1.27846,1.29295,13952191,0.0,1.0
2006-02-17,1.29406,1.30967,1.2818,1.29183,6069883,0.0,1.0
2006-02-20,1.29183,1.30075,1.28738,1.29518,3264385,0.0,1.0
2006-02-21,1.29072,1.30967,1.27066,1.30632,4986931,0.0,1.0
2006-02-22,1.31078,1.3353,1.3041,1.31636,6979411,0.0,1.0
2006-02-23,1.3041,1.32862,1.29629,1.30521,4818631,0.0,1.0
2006-02-24,1.3041,1.31859,1.29295,1.31524,4962618,0.0,1.0
2006-02-27,1.31524,1.33308,1.30187,1.30967,6033709,0.0,1.0
2006-02-28,1.30075,1.3119,1.2818,1.29852,4997931,0.0,1.0
2006-03-01,1.30967,1.31524,1.29741,1.31524,4131539,0.0,1.0
2006-03-02,1.32304,1.35314,1.30521,1.33419,13827753,0.0,1.0
2006-03-03,1.32639,1.34311,1.31078,1.3275,6652454,0.0,1.0
2006-03-06,1.33085,1.38212,1.33085,1.3654,21358415,0.0,1.0
2006-03-07,1.38212,1.38212,1.31636,1.34311,12937640,0.0,1.0
2006-03-08,1.32639,1.34645,1.30967,1.33085,8865494,0.0,1.0
2006-03-09,1.33753,1.35983,1.33196,1.3353,9935518,0.0,1.0
2006-03-10,1.33753,1.37543,1.33753,1.37097,17251557,0.0,1.0
2006-03-13,1.37097,1.38435,1.36094,1.37654,8094409,0.0,1.0
2006-03-14,1.38212,1.38323,1.35425,1.37097,6968088,0.0,1.0
2006-03-15,1.37097,1.45345,1.36651,1.44231,56758325,0.0,1.0
2006-03-16,1.43896,1.46014,1.43228,1.44788,23671140,0.0,1.0
2006-03-17,1.44899,1.44899,1.41221,1.4267,14538270,0.0,1.0
2006-03-20,1.42893,1.44677,1.40664,1.44342,9922966,0.0,1.0
2006-03-21,1.44899,1.44899,1.4267,1.43005,13801870,0.0,1.0
2006-03-22,1.42336,1.48801,1.42113,1.4724,19824579,0.0,1.0
2006-03-23,1.47129,1.50138,1.46126,1.48578,13945579,0.0,1.0
2006-03-24,1.48578,1.49358,1.44231,1.45122,12549586,0.0,1.0
2006-03-27,1.44565,1.46014,1.4267,1.45234,9072167,0.0,1.0
2006-03-28,1.44899,1.51141,1.44899,1.50138,14806059,0.0,1.0
2006-03-29,1.51141,1.55377,1.49692,1.50695,20562469,0.0,1.0
2006-03-30,1.5025,1.51587,1.47017,1.48132,11890980,0.0,1.0
2006-03-31,1.47129,1.52813,1.43896,1.52479,16880611,0.0,1.0
2006-04-03,1.52367,1.5716,1.5103,1.56714,23977516,0.0,1.0
2006-04-04,1.5716,1.58163,1.52813,1.57495,12396752,0.0,1.0
2006-04-05,1.57606,1.65074,1.56937,1.63848,25073432,0.0,1.0
2006-04-06,1.63736,1.64962,1.61173,1.62399,13967614,0.0,1.0
2006-04-07,1.62733,1.64851,1.58609,1.61061,15440908,0.0,1.0
2006-04-10,1.60838,1.70536,1.60504,1.69421,17735098,0.0,1.0
2006-04-11,1.68864,1.69978,1.66969,1.69644,11384821,0.0,1.0
2006-04-12,1.68306,1.70536,1.6552,1.70313,12386524,0.0,1.0
2006-04-13,1.69309,1.70536,1.6173,1.65185,17056224,0.0,1.0
2006-04-14,1.63848,1.69421,1.62176,1.68306,7948995,0.0,1.0
2006-04-17,1.66077,1.68641,1.63959,1.64628,13371379,0.0,1.0
2006-04-18,1.64628,1.64628,1.64628,1.64628,0,0.0,1.0
2006-04-19,1.6474,1.69309,1.62176,1.6786,15540243,0.0,1.0
2006-04-20,1.68195,1.69421,1.63625,1.65297,13471037,0.0,1.0
2006-04-21,1.5716,1.70536,1.5716,1.65185,17407243,0.0,1.0
2006-04-24,1.65185,1.66969,1.49581,1.53928,46827500,0.0,1.0
2006-04-25,1.52702,1.55488,1.48243,1.5259,14449333,0.0,1.0
2006-04-26,1.5259,1.62176,1.49804,1.59055,33226687,0.0,1.0
2006-04-27,1.58275,1.62733,1.56046,1.57272,14046673,0.0,1.0
2006-04-28,1.55934,1.61507,1.55154,1.58386,14785459,0.0,1.0
2006-05-08,1.58832,1.69421,1.58832,1.69198,29240337,0.0,1.0
2006-05-09,1.68306,1.81682,1.68083,1.73434,27325670,0.0,1.0
2006-05-10,1.72096,1.8079,1.67192,1.71873,37821903,0.0,1.0
2006-05-11,1.71093,1.79452,1.67749,1.70758,37229383,0.0,1.0
2006-05-12,1.6786,1.72653,1.65297,1.68752,40232089,0.0,1.0
2006-05-15,1.68306,1.78338,1.6786,1.76666,35496482,0.0,1.0
2006-05-16,1.78338,1.80567,1.61619,1.65743,63853651,0.0,1.0
2006-05-17,1.64962,1.7165,1.62845,1.67415,24767271,0.0,1.0
2006-05-18,1.66969,1.78338,1.66969,1.73211,35894693,0.0,1.0
2006-05-19,1.73211,1.90487,1.70536,1.90487,36718370,0.0,1.0
2006-05-22,1.90487,1.90487,1.90487,1.90487,0,0.0,1.0
2006-05-23,1.87923,2.09547,1.87923,2.00964,72673066,0.0,1.0
2006-05-24,2.03082,2.12891,1.85583,2.0063,54432151,0.0,1.0
2006-05-25,2.0063,2.11776,1.95949,2.10104,22374455,0.0,1.0
2006-05-26,2.10104,2.26823,2.09547,2.22811,25555725,0.0,1.0
2006-05-29,2.22811,2.26489,2.18464,2.2504,14972179,0.0,1.0
2006-05-30,2.25151,2.27158,2.1969,2.22365,18941455,0.0,1.0
2006-05-31,2.22922,2.39084,2.18575,2.36966,23162918,0.0,1.0
2006-06-01,2.34737,2.51791,2.33065,2.50788,17365103,0.0,1.0
2006-06-02,2.53797,2.59704,2.39641,2.4789,18148390,0.0,1.0
2006-06-05,2.47444,2.53908,2.42316,2.49227,16552264,0.0,1.0
2006-06-06,2.48737,2.54354,2.43431,2.50297,12669029,0.03879,1.0
2006-06-07,2.50453,2.50453,2.2533,2.33444,38445728,0.0,1.0
2006-06-08,2.29387,2.33444,2.18464,2.30167,12572769,0.0,1.0
2006-06-09,2.29387,2.48581,2.26422,2.47956,25011968,0.0,1.0
2006-06-12,2.44992,2.64965,2.42339,2.58568,15020887,0.0,1.0
2006-06-13,2.59036,2.61688,2.53418,2.58099,6913076,0.0,1.0
2006-06-14,2.55291,2.79009,2.55291,2.77917,14427817,0.0,1.0
2006-06-15,2.80882,2.88684,2.72456,2.7542,18694198,0.0,1.0
2006-06-16,2.71519,2.85563,2.69959,2.75733,17560722,0.0,1.0
2006-06-19,2.75733,2.84003,2.71051,2.78697,7331537,0.0,1.0
2006-06-20,2.7464,2.93522,2.7464,2.9321,11552528,0.0,1.0
2006-06-21,2.92742,3.00388,2.91493,2.96955,12465646,0.0,1.0
2006-06-22,2.96955,2.99608,2.94146,2.97735,4891808,0.0,1.0
2006-06-23,2.96487,3.00856,2.85407,2.97735,8868037,0.0,1.0
2006-06-26,2.96955,3.16148,2.91493,3.11311,7152551,0.0,1.0
2006-06-27,3.11311,3.15836,3.06161,3.11311,7337683,0.0,1.0
2006-06-28,3.11311,3.12091,3.03509,3.05225,5533473,0.0,1.0
2006-06-29,3.05225,3.11935,3.01168,3.10999,8406255,0.0,1.0
2006-06-30,3.09282,3.20362,3.02728,3.06161,5570071,0.0,1.0
2006-07-03,3.05849,3.05849,2.91493,2.98359,14966351,0.0,1.0
2006-07-04,3.05849,3.05849,2.91493,2.93522,9143027,0.0,1.0
2006-07-05,2.94146,2.99608,2.87124,2.91961,6958576,0.0,1.0
2006-07-06,2.91025,2.98047,2.90245,2.96487,5063187,0.0,1.0
2006-07-07,2.97423,2.99764,2.90245,2.97423,6149434,0.0,1.0
2006-07-10,2.97423,2.97423,2.88528,2.90557,4402617,0.0,1.0
2006-07-11,2.88684,2.90245,2.77917,2.8884,10255869,0.0,1.0
2006-07-12,2.88216,3.04289,2.80882,2.98203,7038546,0.0,1.0
2006-07-13,2.96487,2.99295,2.86344,2.87124,12011285,0.0,1.0
2006-07-14,2.84003,2.87904,2.80882,2.86656,3690659,0.0,1.0
2006-07-17,2.81662,2.97891,2.80882,2.92585,4445079,0.0,1.0
2006-07-18,2.91805,2.99608,2.89933,2.99451,7392532,0.0,1.0
2006-07-19,2.99608,3.02728,2.91805,2.98515,3214798,0.0,1.0
2006-07-20,2.96487,3.02728,2.93366,2.99451,5692849,0.0,1.0
2006-07-21,2.98047,3.03665,2.94614,2.99451,6976795,0.0,1.0
2006-07-24,2.95706,2.97735,2.88684,2.96643,2825168,0.0,1.0
2006-07-25,2.96643,3.00856,2.93366,2.96799,2949004,0.0,1.0
2006-07-26,2.96799,2.99295,2.84159,2.84783,8085324,0.0,1.0
2006-07-27,2.85563,2.88684,2.77761,2.85407,9197345,0.0,1.0
2006-07-28,2.86812,2.99608,2.865,2.9477,8511475,0.0,1.0
2006-07-31,2.91025,2.97735,2.81194,2.84315,3359922,0.0,1.0
2006-08-01,2.83691,2.86812,2.7464,2.865,3850362,0.0,1.0
2006-08-02,2.86812,2.87904,2.76981,2.78697,1516698,0.0,1.0
2006-08-03,2.78697,2.79322,2.65434,2.69803,7277854,0.0,1.0
2006-08-04,2.69803,2.69803,2.54354,2.57163,9952797,0.0,1.0
2006-08-07,2.49673,2.56695,2.49361,2.54354,6591177,0.0,1.0
2006-08-08,2.55135,2.68398,2.55135,2.66214,9870719,0.0,1.0
2006-08-09,2.68398,2.77761,2.64029,2.7308,4785864,0.0,1.0
2006-08-10,2.7386,2.85563,2.7386,2.83067,9307691,0.0,1.0
2006-08-11,2.85251,2.85563,2.79634,2.83067,3675003,0.0,1.0
2006-08-14,2.84003,2.85563,2.7464,2.76981,2511106,0.0,1.0
2006-08-15,2.77761,2.81818,2.75108,2.80726,1563383,0.0,1.0
2006-08-16,2.80882,2.84783,2.80882,2.82443,1387056,0.0,1.0
2006-08-17,2.82443,2.82443,2.77761,2.80726,1477786,0.0,1.0
2006-08-18,2.85563,2.85563,2.80882,2.83535,5147586,0.0,1.0
2006-08-21,2.77761,2.84783,2.73236,2.84627,6165904,0.0,1.0
2006-08-22,2.83223,2.84627,2.78541,2.83067,4893814,0.0,1.0
2006-08-23,2.7979,2.88372,2.7979,2.81194,4386763,0.0,1.0
2006-08-24,2.81194,2.83535,2.77761,2.80726,1325472,0.0,1.0
2006-08-25,2.81662,2.84783,2.78697,2.82443,4878478,0.0,1.0
2006-08-28,2.7308,2.8057,2.62313,2.76045,33559861,0.0,1.0
2006-08-29,2.7308,2.91805,2.69959,2.77761,61382834,0.0,1.0
2006-08-30,2.77761,2.80882,2.7464,2.78073,16407424,0.0,1.0
2006-08-31,2.78073,2.84627,2.78073,2.78541,46433939,0.0,1.0
2006-09-01,2.78541,2.78541,2.78541,2.78541,0,0.0,1.0
2006-09-04,2.80882,3.06474,2.80882,3.06474,16569518,0.0,1.0
2006-09-05,3.19893,3.37058,3.1568,3.35654,31392514,0.0,1.0
2006-09-06,3.32377,3.37058,3.24575,3.36122,11461273,0.0,1.0
2006-09-07,3.33157,3.36902,3.27696,3.3659,4310856,0.0,1.0
2006-09-08,3.33938,3.38463,3.27696,3.3503,6161206,0.0,1.0
2006-09-11,3.33625,3.36902,3.21454,3.34406,10618058,0.0,1.0
2006-09-12,3.34406,3.36746,3.29256,3.34718,6979922,0.0,1.0
2006-09-13,3.32533,3.35342,3.29256,3.33938,3511307,0.0,1.0
2006-09-14,3.33625,3.35498,3.24575,3.24575,3501515,0.0,1.0
2006-09-15,3.32221,3.33938,3.2161,3.31285,6163001,0.0,1.0
2006-09-18,3.31285,3.32065,3.21766,3.25199,4150134,0.0,1.0
2006-09-19,3.24887,3.30817,3.24887,3.30348,4305274,0.0,1.0
2006-09-20,3.30348,3.51103,3.30348,3.47201,8694472,0.0,1.0
2006-09-21,3.47201,3.7607,3.44237,3.72325,26235700,0.0,1.0
2006-09-22,3.72169,3.74353,3.65615,3.72949,14204055,0.0,1.0
2006-09-25,3.68424,3.94795,3.63742,3.91674,8413503,0.0,1.0
2006-09-26,3.99633,4.03378,3.82312,3.89646,6712353,0.0,1.0
2006-09-27,3.89646,3.93079,3.83248,3.89334,2108397,0.0,1.0
2006-09-28,3.89334,3.90114,3.85433,3.87461,2180485,0.0,1.0
2006-09-29,3.88553,4.08527,3.88553,3.962,8260189,0.0,1.0
2006-10-09,3.962,4.03846,3.90582,3.98072,1880700,0.0,1.0
2006-10-10,3.96044,4.11024,3.93235,4.09932,6499838,0.0,1.0
2006-10-11,4.11336,4.21167,4.05719,4.14925,2639274,0.0,1.0
2006-10-12,3.96044,4.11024,3.93235,4.09932,6498,0.0,1.0
2006-10-13,3.99165,4.1196,3.98384,4.11336,1963067,0.0,1.0
2006-10-16,4.03534,4.10244,4.03534,4.06655,2670316,0.0,1.0
2006-10-17,3.98853,4.07903,3.9776,4.04626,2619228,0.0,1.0
2006-10-18,4.02598,4.08059,4.01037,4.06031,1068880,0.0,1.0
2006-10-19,4.08839,4.104,4.01661,4.05719,1831753,0.0,1.0
2006-10-20,4.05719,4.29437,4.05719,4.20855,7886798,0.0,1.0
2006-10-23,4.13521,4.20699,4.06499,4.20543,1997346,0.0,1.0
2006-10-24,4.18982,4.21011,4.12741,4.14925,3551360,0.0,1.0
2006-10-25,4.16642,4.19451,4.104,4.16954,1767182,0.0,1.0
2006-10-26,4.16642,4.18202,4.08839,4.0962,3144459,0.0,1.0
2006-10-27,4.09308,4.09308,3.88241,3.97292,14373941,0.0,1.0
2006-10-30,3.94795,3.94795,3.72949,3.85745,10127361,0.0,1.0
2006-10-31,3.8278,3.89334,3.82312,3.86681,2159722,0.0,1.0
2006-11-01,3.83716,3.91362,3.83092,3.87305,1217311,0.0,1.0
2006-11-02,3.87305,3.90894,3.82312,3.87929,2142355,0.0,1.0
2006-11-03,3.82624,3.87929,3.82312,3.85901,2399132,0.0,1.0
2006-11-06,3.85745,3.96044,3.79503,3.80751,4805038,0.0,1.0
2006-11-07,3.80751,3.82312,3.68268,3.76382,3526912,0.0,1.0
2006-11-08,3.74509,3.94795,3.74509,3.83404,3908653,0.0,1.0
2006-11-09,3.83404,3.91674,3.83404,3.89646,2368712,0.0,1.0
2006-11-10,3.88553,3.96044,3.83092,3.85901,2706825,0.0,1.0
2006-11-13,3.87305,3.92455,3.68268,3.72637,5459430,0.0,1.0
2006-11-14,3.74509,3.86993,3.71388,3.84184,7721910,0.0,1.0
2006-11-15,3.88553,3.93235,3.80751,3.91518,6576008,0.0,1.0
2006-11-16,3.91362,4.29125,3.90114,4.16486,12893822,0.0,1.0
2006-11-17,4.15861,4.16018,4.08839,4.1118,3741612,0.0,1.0
2006-11-20,4.1196,4.21011,4.10868,4.14769,2602131,0.0,1.0
2006-11-21,4.13677,4.14925,4.06967,4.1196,4805577,0.0,1.0
2006-11-22,4.0962,4.21011,4.0962,4.18046,3407908,0.0,1.0
2006-11-23,4.15081,4.20699,4.12897,4.13365,3503444,0.0,1.0
2006-11-24,4.15861,4.19763,4.13209,4.17266,3670498,0.0,1.0
2006-11-27,4.13833,4.40049,4.13521,4.35367,7019276,0.0,1.0
2006-11-28,4.33183,4.54093,4.33183,4.53625,7147091,0.0,1.0
2006-11-29,4.54093,4.60022,4.4473,4.54405,11588614,0.0,1.0
2006-11-30,4.57994,4.7157,4.54873,4.67357,5539356,0.0,1.0
2006-12-01,4.67357,4.74066,4.54093,4.69697,5683538,0.0,1.0
2006-12-04,4.66576,4.72818,4.52532,4.71726,6733898,0.0,1.0
2006-12-05,4.69697,5.03871,4.69697,4.96225,4823257,0.0,1.0
2006-12-06,4.97473,5.06836,4.79216,5.01687,5295094,0.0,1.0
2006-12-07,4.97473,5.0153,4.82181,4.93728,3442949,0.0,1.0
2006-12-08,4.91231,5.00594,4.83741,4.94977,2006068,0.0,1.0
2006-12-11,4.917,5.1417,4.917,5.09489,7389437,0.0,1.0
2006-12-12,5.11517,5.16823,5.09645,5.16667,5659417,0.0,1.0
2006-12-13,5.18227,5.52401,5.18227,5.42102,4969977,0.0,1.0
2006-12-14,5.4257,5.71127,5.4257,5.61296,2539675,0.0,1.0
2006-12-15,5.627,5.69254,5.39137,5.62856,5455810,0.0,1.0
2006-12-18,5.66914,5.68006,5.50997,5.54586,4356362,0.0,1.0
2006-12-19,5.55522,5.69566,5.38669,5.51933,6217754,0.0,1.0
2006-12-20,5.50841,5.66445,5.43039,5.61764,5618865,0.0,1.0
2006-12-21,5.58643,5.64885,5.30555,5.63481,6255980,0.0,1.0
2006-12-22,5.61452,5.63325,5.55522,5.62544,2475213,0.0,1.0
2006-12-25,5.61452,5.70347,5.4928,5.64573,5474452,0.0,1.0
2006-12-26,5.63325,5.66289,5.50841,5.627,7259443,0.0,1.0
2006-12-27,5.58643,6.13259,5.58643,6.05457,7756118,0.0,1.0
2006-12-28,6.05457,6.24182,5.90633,6.20437,3704866,0.0,1.0
2006-12-29,6.13259,6.55391,6.08578,6.25119,8796680,0.0,1.0
2007-01-04,6.24338,6.27303,5.77369,5.89852,5295235,0.0,1.0
2007-01-05,5.91413,5.92973,5.38357,5.46628,19201550,0.0,1.0
2007-01-08,5.37577,5.84391,5.37577,5.79085,6174414,0.0,1.0
2007-01-09,5.79085,6.00775,5.69566,5.81426,3357141,0.0,1.0
2007-01-10,5.76432,6.22466,5.69566,6.1638,5399179,0.0,1.0
2007-01-11,6.1638,6.36666,6.10138,6.31673,4300737,0.0,1.0
2007-01-12,6.28864,6.31985,6.10918,6.31516,3086252,0.0,1.0
2007-01-15,6.31204,6.44468,6.16068,6.39475,5791846,0.0,1.0
2007-01-16,6.41347,6.8348,6.41347,6.83168,8038049,0.0,1.0
2007-01-17,6.70996,7.01425,6.52427,6.96587,13032807,0.0,1.0
2007-01-18,6.99084,6.99084,6.71152,6.94247,7534363,0.0,1.0
2007-01-19,6.78798,7.63687,6.78798,7.63375,9009060,0.0,1.0
2007-01-22,7.80228,8.11437,7.64623,8.10969,3442539,0.0,1.0
2007-01-23,8.11437,8.42646,7.80228,8.19239,8020689,0.0,1.0
2007-01-24,8.03791,8.27042,7.81788,8.26261,5385305,0.0,1.0
2007-01-25,8.25169,8.25169,7.81944,7.8803,10521650,0.0,1.0
2007-01-26,7.3357,8.17367,7.3357,8.15182,5320490,0.0,1.0
2007-01-29,8.03635,8.60591,8.03635,8.58251,4681228,0.0,1.0
2007-01-30,8.5669,8.73855,8.27042,8.70422,2507960,0.0,1.0
2007-01-31,8.58251,8.73699,8.27666,8.43426,3970398,0.0,1.0
2007-02-01,8.26886,8.39525,7.78823,8.19551,9409802,0.0,1.0
2007-02-02,8.19083,8.19239,7.80228,7.93024,7880813,0.0,1.0
2007-02-05,7.80228,8.1409,7.58538,8.05195,2403234,0.0,1.0
2007-02-06,8.05195,8.05975,7.73206,7.9318,9892302,0.0,1.0
2007-02-07,7.89435,8.19239,7.67744,7.78667,2784020,0.0,1.0
2007-02-08,7.85689,8.27042,7.72894,8.208,6601603,0.0,1.0
2007-02-09,8.12997,8.25949,8.03635,8.23609,3868056,0.0,1.0
2007-02-12,8.23921,8.4249,8.19239,8.38277,6881624,0.0,1.0
2007-02-13,8.44207,8.73855,8.44207,8.72139,4923465,0.0,1.0
2007-02-14,9.57652,9.5812,8.72295,9.41267,8233325,0.0,1.0
2007-02-15,9.36273,9.59368,9.36273,9.42515,5887254,0.0,1.0
2007-02-16,9.42515,9.51254,9.15988,9.47977,7145079,0.0,1.0
2007-02-26,9.42827,9.44076,9.14115,9.15519,4493488,0.0,1.0
2007-02-27,9.12867,9.12867,8.2751,8.2907,7639864,0.0,1.0
2007-02-28,8.2907,8.66833,7.98641,8.18927,3975415,0.0,1.0
2007-03-01,8.19239,8.5513,8.03635,8.1643,5190772,0.0,1.0
2007-03-02,8.16899,8.34844,8.06444,8.2236,12890714,0.0,1.0
2007-03-05,8.27354,8.66053,8.27354,8.5669,3468275,0.0,1.0
2007-03-06,8.56534,8.71983,8.42646,8.66677,3178296,0.0,1.0
2007-03-07,8.67613,8.90864,8.58875,8.87743,3626466,0.0,1.0
2007-03-08,8.89772,9.49537,8.89772,9.48445,6145884,0.0,1.0
2007-03-09,9.48445,9.90889,9.44544,9.69511,5228697,0.0,1.0
2007-03-12,9.69511,9.69511,9.69511,9.69511,0,0.0,1.0
2007-03-13,9.75285,9.75441,9.17704,9.41579,13738089,0.0,1.0
2007-03-14,9.41735,9.67483,9.28471,9.40175,8045278,0.0,1.0
2007-03-15,9.5812,10.3427,9.56715,10.3427,22067623,0.0,1.0
2007-03-16,10.8124,11.0792,10.4707,10.8686,21588391,0.0,1.0
2007-03-19,10.4551,10.8608,10.1461,10.6002,13944432,0.0,1.0
2007-03-20,10.6704,10.6704,10.1898,10.299,10061624,0.11329,1.0
2007-03-21,10.143,10.6673,9.54063,10.5955,15365126,0.0,1.0
2007-03-22,10.7515,10.7515,10.0493,10.2553,11326258,0.0,1.0
2007-03-23,10.2147,10.4551,9.67483,10.4145,12965052,0.0,1.0
2007-03-26,10.1867,10.1867,9.9838,10.0618,11184629,0.0,1.0
2007-03-27,10.0618,10.0805,9.67795,10.0337,13517871,0.0,1.0
2007-03-28,10.0119,10.0119,9.67483,9.7747,12260908,0.0,1.0
2007-03-29,9.76845,9.97131,9.59992,9.77157,12116713,0.0,1.0
2007-03-30,9.79966,10.1117,9.76845,10.0368,9033095,0.0,1.0
2007-04-02,10.0805,10.0805,9.76221,9.79966,11177699,0.0,1.0
2007-04-03,9.79966,10.0025,9.67795,9.81839,13794053,0.0,1.0
2007-04-04,9.88081,10.3302,9.88081,10.1586,26915187,0.0,1.0
2007-04-05,10.1711,10.5799,10.1586,10.5175,23324736,0.0,1.0
2007-04-06,10.4176,10.4863,10.2054,10.299,18619887,0.0,1.0
2007-04-09,10.3614,10.3926,9.79966,10.2303,29406873,0.0,1.0
2007-04-10,10.1586,10.1586,9.79342,9.96819,28562985,0.0,1.0
2007-04-11,9.92138,10.143,9.81527,9.94322,19841879,0.0,1.0
2007-04-12,10.0431,10.0431,9.79342,9.90577,27129093,0.0,1.0
2007-04-13,9.89953,9.98692,9.77157,9.97755,23470870,0.0,1.0
2007-04-16,9.95571,10.0774,9.89329,10.04,22325281,0.0,1.0
2007-04-17,10.0649,10.0774,9.83399,9.96819,21116490,0.0,1.0
2007-04-18,9.97755,10.0431,9.83711,9.89641,16747261,0.0,1.0
2007-04-19,9.89641,9.89641,8.90708,9.11618,25560221,0.0,1.0
2007-04-20,8.99759,9.67483,8.99447,9.57184,17850381,0.0,1.0
2007-04-23,9.5812,9.79342,9.48757,9.56559,19127539,0.0,1.0
2007-04-24,9.54999,9.54999,9.12867,9.28471,29421173,0.0,1.0
2007-04-25,9.22229,9.28471,8.67613,9.26599,33414913,0.0,1.0
2007-04-26,9.17548,9.24414,8.98823,9.10682,19740575,0.0,1.0
2007-04-27,9.10682,9.10682,8.83218,8.89772,15616668,0.0,1.0
2007-04-30,8.86339,9.73724,8.80097,9.6405,40177046,0.0,1.0
2007-05-03,8.86339,9.73724,8.80097,9.6405,0,0.0,1.0
2007-05-04,8.86339,9.73724,8.80097,9.6405,0,0.0,1.0
2007-05-08,9.5812,9.9838,9.53438,9.90577,31302819,0.0,1.0
2007-05-09,9.91826,10.0181,9.36273,9.91202,18089747,0.0,1.0
2007-05-10,9.90889,9.94947,9.51254,9.6561,18400226,0.0,1.0
2007-05-11,9.57496,9.731,9.26911,9.35025,13309111,0.0,1.0
2007-05-14,9.10058,9.52502,9.10058,9.447,17640714,0.0,1.0
2007-05-15,9.45636,9.47509,9.11306,9.20669,11843985,0.0,1.0
2007-05-16,9.20669,9.70604,9.20045,9.65922,20812957,0.0,1.0
2007-05-17,9.66234,10.6267,9.66234,10.6267,63573345,0.0,1.0
2007-05-18,10.8857,11.1417,10.6735,10.9357,37401511,0.0,1.0
2007-05-21,10.6423,11.9968,10.4863,11.7097,26842869,0.0,1.0
2007-05-22,11.822,11.9063,11.4069,11.4881,24640727,0.0,1.0
2007-05-23,11.485,11.6878,11.2353,11.5068,22474356,0.0,1.0
2007-05-24,11.485,11.485,10.7047,10.8202,30296087,0.0,1.0
2007-05-25,10.7984,11.1104,10.505,11.0699,23159874,0.0,1.0
2007-05-28,10.9669,11.3008,10.9544,10.9856,29221334,0.0,1.0
2007-05-29,11.0761,11.0792,10.7796,10.9575,22776775,0.0,1.0
2007-05-30,10.2397,10.6111,9.86208,10.1086,29880721,0.0,1.0
2007-05-31,9.74037,10.558,9.20669,10.4831,23641640,0.0,1.0
2007-06-01,10.4707,10.814,10.4082,10.4863,24325178,0.0,1.0
2007-06-04,10.377,10.377,9.43764,9.81839,26275707,0.0,1.0
2007-06-05,9.36586,10.299,8.8946,10.2678,21951516,0.0,1.0
2007-06-06,10.2366,10.4238,9.91826,10.0368,14764122,0.0,1.0
2007-06-07,10.0431,10.5737,10.0025,10.4738,24476688,0.0,1.0
2007-06-08,10.4925,11.0855,10.4894,10.917,28559255,0.0,1.0
2007-06-11,10.9575,11.4288,10.9232,10.9856,28491284,0.0,1.0
2007-06-12,11.0324,11.3601,10.7047,11.3133,29755550,0.0,1.0
2007-06-13,11.4444,11.8439,11.3913,11.4693,25873354,0.0,1.0
2007-06-14,11.4225,11.4225,10.9544,10.995,22034216,0.0,1.0
2007-06-15,10.8608,11.5411,10.711,11.3414,21197146,0.0,1.0
2007-06-18,11.7097,11.8064,11.46,11.5442,23835673,0.0,1.0
2007-06-19,11.5442,11.8595,11.3913,11.8595,19871444,0.0,1.0
2007-06-20,11.8626,12.6709,11.7003,11.8345,32003912,0.0,1.0
2007-06-21,11.8345,12.39,11.8345,12.1716,19609918,0.0,1.0
2007-06-22,12.3619,13.2015,12.3619,12.9174,40054906,0.0,1.0
2007-06-25,13.2951,13.8881,12.9174,13.1422,39511045,0.0,1.0
2007-06-26,12.7583,13.732,11.8345,13.4012,29267211,0.0,1.0
2007-06-27,13.8881,14.0066,13.2639,13.3918,23115140,0.0,1.0
2007-06-28,13.2639,13.3825,12.5866,12.6366,18286961,0.0,1.0
2007-06-29,12.1716,12.7957,11.8938,12.028,16083749,0.0,1.0
2007-07-02,11.7128,12.1559,11.4101,11.641,10303765,0.0,1.0
2007-07-03,11.7034,12.5461,11.7034,12.5149,10475058,0.0,1.0
2007-07-04,12.3588,12.6334,12.0186,12.0498,7782483,0.0,1.0
2007-07-05,11.8751,12.0093,11.5162,11.6722,10576403,0.0,1.0
2007-07-06,11.6941,12.2153,11.5474,12.1497,7403090,0.0,1.0
2007-07-09,12.2714,12.4524,12.1404,12.2683,8026696,0.0,1.0
2007-07-10,12.2683,12.2683,11.7065,11.769,7506153,0.0,1.0
2007-07-11,11.6753,11.9344,11.5474,11.6972,6618204,0.0,1.0
2007-07-12,11.7346,12.0093,11.7034,11.9749,4850628,0.0,1.0
2007-07-13,11.9999,12.3963,11.8907,12.2371,9556403,0.0,1.0
2007-07-16,12.1716,12.4524,12.0311,12.0623,8193997,0.0,1.0
2007-07-17,12.028,12.0374,11.6348,11.8033,8079409,0.0,1.0
2007-07-18,11.641,12.1091,11.382,11.6192,28911232,0.0,1.0
2007-07-19,12.7801,12.7801,11.8595,11.8907,20184311,0.0,1.0
2007-07-20,12.0155,12.2808,11.7971,12.1497,22311023,0.0,1.0
2007-07-23,12.1497,12.1497,12.1497,12.1497,0,0.0,1.0
2007-07-24,12.1497,12.1497,12.1497,12.1497,0,0.0,1.0
2007-07-25,12.1497,12.1497,12.1497,12.1497,0,0.0,1.0
2007-07-26,12.1497,12.1497,12.1497,12.1497,0,0.0,1.0
2007-07-27,13.3575,13.3575,12.2589,12.6116,43268194,0.0,1.0
2007-07-30,12.7271,13.1859,12.6272,12.7926,25362506,0.0,1.0
2007-07-31,12.8582,13.0673,12.4993,12.6054,21885811,0.0,1.0
2007-08-01,12.6397,12.8145,12.4212,12.5929,26743984,0.0,1.0
2007-08-02,12.7084,12.9674,12.2746,12.6054,29367695,0.0,1.0
2007-08-03,12.6397,13.7788,12.3775,13.526,45546298,0.0,1.0
2007-08-06,13.9193,14.3499,13.6914,13.9786,37601421,0.0,1.0
2007-08-07,14.2157,14.325,13.3856,13.4355,63240551,0.0,1.0
2007-08-08,13.4355,13.4355,13.4355,13.4355,0,0.0,1.0
2007-08-09,13.4355,13.4355,13.4355,13.4355,0,0.0,1.0
2007-08-10,13.4355,13.4355,13.4355,13.4355,0,0.0,1.0
2007-08-13,12.3276,12.7926,12.0935,12.0935,58480378,0.0,1.0
2007-08-14,11.8595,12.2652,11.6441,12.2558,40235260,0.0,1.0
2007-08-15,12.1716,12.2184,11.7034,11.8844,23310910,0.0,1.0
2007-08-16,11.925,12.0062,11.641,11.7502,24288666,0.0,1.0
2007-08-17,11.8626,11.9531,11.6566,11.8033,31923996,0.0,1.0
2007-08-20,11.9375,12.1029,11.8439,12.0124,25479786,0.0,1.0
2007-08-21,12.0155,12.0779,11.7814,11.8595,28209722,0.0,1.0
2007-08-22,11.641,12.0748,11.641,12.0093,25848079,0.0,1.0
2007-08-23,12.0717,12.8488,12.0155,12.4899,33568951,0.0,1.0
2007-08-24,12.6397,12.7895,12.234,12.3307,19848588,0.0,1.0
2007-08-27,12.3307,12.3307,12.3307,12.3307,0,0.0,1.0
2007-08-28,12.1903,12.3214,11.6722,11.7596,30613421,0.0,1.0
2007-08-29,11.7596,11.8439,11.4537,11.7346,21493002,0.0,1.0
2007-08-30,11.7378,11.8563,11.5474,11.7846,16448954,0.0,1.0
2007-08-31,11.8158,11.8439,11.5879,11.7003,21065249,0.0,1.0
2007-09-03,11.7971,12.1341,11.7596,11.8626,30960307,0.0,1.0
2007-09-04,11.8844,11.9812,11.6878,11.7128,18507740,0.0,1.0
2007-09-05,11.7346,11.9281,11.5474,11.6285,14675036,0.0,1.0
2007-09-06,11.6254,11.7596,11.4943,11.5411,26578930,0.0,1.0
2007-09-07,11.5474,11.6285,11.0792,11.1354,35734296,0.0,1.0
2007-09-10,11.1104,11.3601,10.4551,11.3071,21077681,0.0,1.0
2007-09-11,11.3071,11.3071,10.4551,10.4925,18528490,0.0,1.0
2007-09-12,10.4551,10.7609,10.3302,10.4301,13835608,0.0,1.0
2007-09-13,10.4551,10.7453,10.0962,10.6922,25813288,0.0,1.0
2007-09-14,10.6049,10.7609,10.2678,10.4519,16779065,0.0,1.0
2007-09-17,10.3926,10.6017,10.2678,10.3895,17763739,0.0,1.0
2007-09-18,10.4395,10.4863,10.1086,10.2928,25121487,0.0,1.0
2007-09-19,10.3302,10.9482,10.3302,10.8108,38378033,0.0,1.0
2007-09-20,10.9232,10.9794,10.6111,10.6798,18703782,0.0,1.0
2007-09-21,10.6985,10.7921,10.2054,10.3895,14316532,0.0,1.0
2007-09-24,10.3989,10.5487,10.2054,10.4332,10983887,0.0,1.0
2007-09-25,10.4738,10.7359,10.3458,10.583,15351947,0.0,1.0
2007-09-26,10.5799,10.9544,10.5112,10.608,15596555,0.0,1.0
2007-09-27,10.6954,10.8233,10.4082,10.711,17072553,0.0,1.0
2007-09-28,10.7172,10.8389,10.7172,10.7984,13737637,0.0,1.0
2007-10-08,10.9544,11.0106,10.686,10.7047,15289465,0.0,1.0
2007-10-09,10.6891,10.6891,10.4707,10.5643,11065850,0.0,1.0
2007-10-10,10.558,10.892,10.5206,10.8171,15960385,0.0,1.0
2007-10-11,10.892,11.8501,10.7359,11.5162,41066206,0.0,1.0
2007-10-12,11.513,11.5162,10.5643,11.1073,22099678,0.0,1.0
2007-10-15,10.8608,11.3289,10.8608,11.1011,15770642,0.0,1.0
2007-10-16,11.1417,11.7034,11.1417,11.5474,32193872,0.0,1.0
2007-10-17,11.5536,11.7284,11.3383,11.3913,18955173,0.0,1.0
2007-10-18,11.485,11.513,11.1104,11.1198,11976405,0.0,1.0
2007-10-19,11.2415,11.2665,10.8608,10.8639,15878377,0.0,1.0
2007-10-22,10.4551,11.0792,10.299,10.4894,16221949,0.0,1.0
2007-10-23,10.4831,10.9606,10.4831,10.917,15598048,0.0,1.0
2007-10-24,10.9606,11.1104,10.7359,10.8701,12237447,0.0,1.0
2007-10-25,10.8982,10.9076,9.84648,9.92138,15329156,0.0,1.0
2007-10-26,9.92138,10.0805,9.36586,9.67483,14277787,0.0,1.0
2007-10-29,9.67483,9.85896,8.8946,9.36898,15723374,0.0,1.0
2007-10-30,9.36273,10.0681,9.14427,10.0618,15578160,0.0,1.0
2007-10-31,10.0493,10.5362,9.98692,10.5019,14475825,0.0,1.0
2007-11-01,10.5331,10.7765,10.2054,10.6236,20504064,0.0,1.0
2007-11-02,10.5175,10.7984,10.3489,10.6236,10185130,0.0,1.0
2007-11-05,10.5549,11.0792,10.5518,10.6142,12684883,0.0,1.0
2007-11-06,10.6423,10.9232,10.6423,10.7047,6472692,0.0,1.0
2007-11-07,10.8296,10.8608,10.299,10.5456,6848941,0.0,1.0
2007-11-08,10.3333,10.6704,9.88393,9.98692,9014424,0.0,1.0
2007-11-09,9.74973,10.0493,9.74973,9.89641,6414456,0.0,1.0
2007-11-12,9.89641,9.89641,9.89641,9.89641,0,0.0,1.0
2007-11-13,9.98692,10.1086,9.50942,9.5219,8976803,0.0,1.0
2007-11-14,9.49381,9.64674,9.31592,9.63738,10023184,0.0,1.0
2007-11-15,9.66858,9.67171,9.32528,9.47821,9584690,0.0,1.0
2007-11-16,9.43452,9.43452,8.92581,9.20669,9884647,0.0,1.0
2007-11-19,9.15988,9.67171,9.14427,9.66234,11151197,0.0,1.0
2007-11-20,9.64674,9.95571,9.54999,9.81839,7363509,0.0,1.0
2007-11-21,9.82463,9.98692,9.61553,9.63738,4911369,0.0,1.0
2007-11-22,9.51878,9.51878,9.01943,9.03816,7212252,0.0,1.0
2007-11-23,9.02568,9.39706,9.01943,9.36273,3561389,0.0,1.0
2007-11-26,9.61865,9.61865,9.05376,9.08185,5754879,0.0,1.0
2007-11-27,9.08185,9.26599,9.05064,9.15675,3398167,0.0,1.0
2007-11-28,9.20669,9.33153,8.99759,9.20357,3488423,0.0,1.0
2007-11-29,9.29095,9.44076,9.08497,9.33465,5985113,0.0,1.0
2007-11-30,9.39394,9.54999,9.14115,9.19108,6006729,0.0,1.0
2007-12-03,9.29095,9.29095,9.08809,9.20357,3074159,0.0,1.0
2007-12-04,9.35649,9.35649,9.08185,9.20045,7054035,0.0,1.0
2007-12-05,9.20669,9.3128,9.13803,9.20669,6867545,0.0,1.0
2007-12-06,9.26911,9.34713,9.08809,9.20669,8325821,0.0,1.0
2007-12-07,9.24102,9.67483,9.23478,9.60617,11496804,0.0,1.0
2007-12-10,9.39394,9.91514,9.39394,9.85272,9354655,0.0,1.0
2007-12-11,9.8652,10.3302,9.8652,10.118,16185406,0.0,1.0
2007-12-12,10.1274,10.4582,9.97131,10.3552,11974133,0.0,1.0
2007-12-13,10.3552,10.48,10.0181,10.04,12563759,0.0,1.0
2007-12-14,9.9245,10.2335,9.8652,10.1742,5547815,0.0,1.0
2007-12-17,10.1742,10.5737,10.1742,10.4551,10456041,0.0,1.0
2007-12-18,10.4551,10.6579,10.299,10.6111,7035191,0.0,1.0
2007-12-19,10.5643,10.9263,10.5643,10.6798,13961046,0.0,1.0
2007-12-20,10.6954,10.7047,10.5175,10.6142,6233522,0.0,1.0
2007-12-21,10.6111,10.7671,10.5206,10.6548,5687226,0.0,1.0
2007-12-24,10.7984,11.1729,10.7984,10.995,20224133,0.0,1.0
2007-12-25,11.0231,11.4631,10.9918,11.3414,30774710,0.0,1.0
2007-12-26,11.538,11.9812,11.3289,11.9687,30160406,0.0,1.0
2007-12-27,11.9687,12.2964,11.7065,12.0748,28030948,0.0,1.0
2007-12-28,12.0748,12.234,11.9219,12.0623,34560899,0.0,1.0
2008-01-02,12.2371,12.4837,12.1716,12.4587,18386400,0.0,1.0
2008-01-03,12.2652,12.468,11.7097,11.8782,30234455,0.0,1.0
2008-01-04,11.9125,11.9843,11.5973,11.8158,18956141,0.0,1.0
2008-01-07,11.8158,12.1716,11.6722,11.8439,16788540,0.0,1.0
2008-01-08,11.8282,12.0155,11.2353,11.3695,22374639,0.0,1.0
2008-01-09,11.3945,11.8126,11.3039,11.7221,14636675,0.0,1.0
2008-01-10,11.6909,11.9531,11.4787,11.7409,13503875,0.0,1.0
2008-01-11,11.6035,11.7409,11.3976,11.4631,13259305,0.0,1.0
2008-01-14,11.5318,12.0842,11.5318,11.9406,21437038,0.0,1.0
2008-01-15,11.9687,12.3089,11.822,12.131,20754679,0.0,1.0
2008-01-16,12.0686,12.415,11.9219,12.0686,16904884,0.0,1.0
2008-01-17,12.0155,12.0623,11.2727,11.6223,14103360,0.0,1.0
2008-01-18,11.641,11.6878,11.2415,11.4475,7186041,0.0,1.0
2008-01-21,11.4381,11.5442,11.2197,11.3632,14028007,0.0,1.0
2008-01-22,10.9856,11.2353,10.2272,10.3115,14462537,0.0,1.0
2008-01-23,10.6111,11.1729,10.4051,10.9825,11971749,0.0,1.0
2008-01-24,11.0012,11.4537,10.8608,11.279,13274785,0.0,1.0
2008-01-25,11.382,11.3945,11.0418,11.048,13623135,0.0,1.0
2008-01-28,11.0106,11.0792,10.4582,10.5362,8211953,0.0,1.0
2008-01-29,10.583,10.917,10.4082,10.5674,2979463,0.0,1.0
2008-01-30,10.8233,10.9138,10.5487,10.7328,4536896,0.0,1.0
2008-01-31,10.7328,10.892,9.9245,10.3146,2420415,0.0,1.0
2008-02-01,10.3365,10.5955,9.94947,10.4301,5455915,0.0,1.0
2008-02-04,10.6735,11.2041,10.6735,11.1042,5324185,0.0,1.0
2008-02-05,11.1042,11.1885,10.8514,10.8639,4229607,0.0,1.0
2008-02-13,10.8358,10.8358,10.5955,10.6049,3059936,0.0,1.0
2008-02-14,10.6111,10.9232,10.5362,10.9138,5267900,0.0,1.0
2008-02-15,10.8171,10.8171,10.6173,10.7515,2252502,0.0,1.0
2008-02-18,10.7921,11.1885,10.6735,11.1011,4679312,0.0,1.0
2008-02-19,11.1104,11.6566,10.9887,11.5692,12000439,0.0,1.0
2008-02-20,11.5786,11.7034,11.3539,11.4631,7680682,0.0,1.0
2008-02-21,11.3664,11.4069,11.1729,11.3601,10088940,0.0,1.0
2008-02-22,11.2353,11.6722,11.2041,11.513,12834090,0.0,1.0
2008-02-25,11.6098,11.7003,10.558,10.7921,12160082,0.0,1.0
2008-02-26,11.0106,11.0792,10.0868,10.4551,11341667,0.0,1.0
2008-02-27,10.4551,10.6579,10.3021,10.6142,5083832,0.0,1.0
2008-02-28,10.6142,10.6579,10.2366,10.3021,5633194,0.0,1.0
2008-02-29,10.3302,10.5331,10.2366,10.3489,4166680,0.0,1.0
2008-03-03,10.3271,10.764,10.2397,10.6985,4150223,0.0,1.0
2008-03-04,10.814,10.814,10.3302,10.4207,4499608,0.0,1.0
2008-03-05,10.3614,10.5112,10.0212,10.324,4070330,0.0,1.0
2008-03-06,10.3177,10.4551,10.1742,10.3989,5990298,0.0,1.0
2008-03-07,10.2647,10.3926,9.97131,9.97755,6359273,0.0,1.0
2008-03-10,9.98692,10.2616,9.7747,9.93698,4624104,0.0,1.0
2008-03-11,9.9245,10.0337,9.57496,9.76221,6573003,0.0,1.0
2008-03-12,9.75597,10.143,9.36586,9.78718,9116737,0.0,1.0
2008-03-13,9.67483,9.80903,9.40955,9.70604,5597320,0.0,1.0
2008-03-14,9.76845,9.79342,9.54999,9.62489,5350373,0.0,1.0
2008-03-17,9.64362,9.76845,9.30344,9.49381,5761736,0.0,1.0
2008-03-18,9.36273,9.54687,8.88836,9.20669,8696235,0.0,1.0
2008-03-19,9.2379,9.56871,8.76976,9.5063,8184913,0.0,1.0
2008-03-20,9.42515,9.54687,8.92893,9.51566,8279193,0.0,1.0
2008-03-21,9.54999,10.0181,9.45324,9.82775,7375678,0.0,1.0
2008-03-24,9.82463,9.9838,9.28471,9.36273,4752227,0.0,1.0
2008-03-25,9.20669,9.51878,8.8946,9.35961,4120604,0.0,1.0
2008-03-26,9.35961,9.95571,9.35961,9.67795,6539839,0.0,1.0
2008-03-27,9.65922,9.79966,9.35025,9.35337,3980776,0.0,1.0
2008-03-28,9.26911,9.731,9.11306,9.68419,6194219,0.0,1.0
2008-03-31,9.40955,9.63738,9.27535,9.28783,3107320,0.0,1.0
2008-04-01,9.30344,9.36273,8.58563,8.65429,8877755,0.0,1.0
2008-04-02,8.69174,8.86027,7.7898,7.7898,19063110,0.0,1.0
2008-04-03,7.61502,7.89591,7.30293,7.63687,11782285,0.0,1.0
2008-04-07,7.49019,8.13934,7.24051,8.07068,13929270,0.0,1.0
2008-04-08,8.07692,8.47952,7.92087,8.35156,8046575,0.0,1.0
2008-04-09,8.25793,8.41398,7.56821,7.63999,10988264,0.0,1.0
2008-04-10,7.5214,7.93648,7.49019,7.89903,3919015,0.0,1.0
2008-04-11,7.89903,8.2236,7.80228,8.21424,5334163,0.0,1.0
2008-04-14,7.92712,8.09877,7.71177,7.72426,7893646,0.0,1.0
2008-04-15,7.73362,7.83349,7.35287,7.58382,7630537,0.0,1.0
2008-04-16,7.76483,7.76483,7.27172,7.27484,6046525,0.0,1.0
2008-04-17,7.22491,7.33102,6.72869,6.73181,15226801,0.0,1.0
2008-04-18,6.55704,6.69436,6.15132,6.2387,19538391,0.0,1.0
2008-04-21,6.83168,6.8348,6.24182,6.24807,11520852,0.0,1.0
2008-04-22,6.21061,6.21061,5.74248,6.07954,11750083,0.0,1.0
2008-04-23,5.99215,6.47589,5.92973,6.45092,5098405,0.0,1.0
2008-04-24,7.09695,7.09695,6.99396,7.09695,17200833,0.0,1.0
2008-04-25,7.20306,7.56821,7.09695,7.36535,10025606,0.0,1.0
2008-04-28,7.36535,7.36535,7.36535,7.36535,0,0.0,1.0
2008-04-29,7.14689,7.3123,7.02205,7.23739,7214456,0.0,1.0
2008-04-30,7.20931,7.73986,7.20931,7.71489,11781900,0.0,1.0
2008-05-05,7.76795,7.86158,7.50891,7.80228,7900810,0.0,1.0
2008-05-06,7.73362,7.76171,7.5214,7.53076,7218804,0.0,1.0
2008-05-07,7.49019,7.61502,6.92842,6.94403,9952582,0.0,1.0
2008-05-08,6.82231,7.05326,6.72869,7.01893,5773704,0.0,1.0
2008-05-09,7.02517,7.36535,7.02517,7.33726,10418635,0.0,1.0
2008-05-12,7.02205,7.67744,7.02205,7.63063,7531767,0.0,1.0
2008-05-13,7.4465,8.30787,7.39656,8.23609,19349824,0.0,1.0
2008-05-14,8.21424,8.3422,8.03635,8.32971,13098151,0.0,1.0
2008-05-15,8.27354,8.67613,8.27354,8.32035,11441292,0.0,1.0
2008-05-16,8.27042,8.50761,8.03635,8.11437,6918805,0.0,1.0
2008-05-19,8.08628,8.30162,7.87718,8.15494,6341564,0.0,1.0
2008-05-20,8.11437,8.11437,7.49643,7.50267,13583861,0.0,1.0
2008-05-21,7.27172,7.64311,7.14689,7.56821,10021178,0.0,1.0
2008-05-22,7.45898,7.54012,7.26548,7.27484,7946438,0.0,1.0
2008-05-23,7.1781,7.36535,6.89721,7.01581,9235244,0.0,1.0
2008-05-26,7.02205,7.02205,6.55391,6.82231,8918013,0.0,1.0
2008-05-27,6.83168,6.8348,6.60073,6.77238,8593630,0.0,1.0
2008-05-28,6.91282,7.03766,6.67251,6.97836,9219217,0.0,1.0
2008-05-29,6.91282,7.08447,6.79422,6.87225,9944360,0.0,1.0
2008-05-30,6.79735,7.00645,6.66939,6.9846,5166487,0.0,1.0
2008-06-02,6.80671,6.95339,6.61633,6.74117,4063723,0.15506,1.0
2008-06-03,6.74117,6.99396,6.71308,6.99084,3542500,0.0,1.0
2008-06-04,6.98148,6.98148,6.64754,6.76926,1788625,0.0,1.0
2008-06-05,6.67875,6.77238,6.55391,6.56952,2431850,0.0,1.0
2008-06-06,6.58824,6.64754,6.55391,6.59761,1471019,0.0,1.0
2008-06-10,6.45405,6.45405,5.93909,5.95158,6821145,0.0,1.0
2008-06-11,5.93285,6.05457,5.78929,5.93597,2259490,0.0,1.0
2008-06-12,5.98591,5.98591,5.61764,5.71751,2500055,0.0,1.0
2008-06-13,5.85483,5.85483,5.30555,5.38045,3662315,0.0,1.0
2008-06-16,5.38357,5.44599,5.12142,5.13078,3930967,0.0,1.0
2008-06-17,5.13078,5.20568,4.78436,4.78748,4716702,0.0,1.0
2008-06-18,4.75003,5.17759,4.70009,5.16199,4246013,0.0,1.0
2008-06-19,5.14326,5.14326,4.64704,4.65016,3353882,0.0,1.0
2008-06-20,4.67825,4.99346,4.52532,4.83741,3985451,0.0,1.0
2008-06-23,4.91544,4.97785,4.75003,4.87798,3536790,0.0,1.0
2008-06-24,4.97785,4.97785,4.72818,4.89671,5136957,0.0,1.0
2008-06-25,4.96225,5.24313,4.90295,5.16511,11985831,0.0,1.0
2008-06-26,5.16199,5.19944,4.91856,5.07772,14256847,0.0,1.0
2008-06-27,4.93104,5.33052,4.82181,5.32115,20152487,0.0,1.0
2008-06-30,5.21192,5.52401,5.1495,5.31179,16050676,0.0,1.0
2008-07-01,5.18071,5.48032,5.18071,5.42414,10568880,0.0,1.0
2008-07-02,5.39918,5.52401,5.24625,5.29931,16099793,0.0,1.0
2008-07-03,5.20256,5.58643,5.08709,5.48344,31795075,0.0,1.0
2008-07-04,5.47408,5.47408,5.25874,5.2681,10604869,0.0,1.0
2008-07-07,5.2681,5.48968,5.1183,5.43039,24044686,0.0,1.0
2008-07-08,5.39606,5.51777,5.24313,5.30555,19327430,0.0,1.0
2008-07-09,5.36173,5.69566,5.33052,5.68006,30916704,0.0,1.0
2008-07-10,5.58331,5.74248,5.48968,5.57083,23124195,0.0,1.0
2008-07-11,5.57707,5.58019,5.4179,5.50217,14545071,0.0,1.0
2008-07-14,5.51777,5.64885,5.44599,5.61452,14451207,0.0,1.0
2008-07-15,5.64261,5.74248,5.39918,5.42414,14781524,0.0,1.0
2008-07-16,5.35861,5.43039,5.07148,5.2088,11807351,0.0,1.0
2008-07-17,5.30243,5.343,5.21192,5.28058,6411450,0.0,1.0
2008-07-18,5.35861,5.52089,5.29307,5.51777,6220763,0.0,1.0
2008-07-21,5.5365,5.76744,5.51153,5.64573,15188537,0.0,1.0
2008-07-22,5.56146,5.84859,5.55522,5.77057,15065037,0.0,1.0
2008-07-23,5.81738,5.95782,5.77369,5.78617,12375628,0.0,1.0
2008-07-24,5.8049,5.92349,5.71751,5.81738,7763001,0.0,1.0
2008-07-25,5.79865,5.81738,5.627,5.73936,4322324,0.0,1.0
2008-07-28,5.74248,5.88604,5.70815,5.86107,5167551,0.0,1.0
2008-07-29,5.82674,5.83923,5.64885,5.73936,5785665,0.0,1.0
2008-07-30,5.75808,5.92661,5.7456,5.77681,4810985,0.0,1.0
2008-07-31,5.77993,5.8049,5.68006,5.68318,4640429,0.0,1.0
2008-08-01,5.68318,5.75808,5.53026,5.68942,4901235,0.0,1.0
2008-08-04,5.68318,5.91413,5.63637,5.7612,5740413,0.0,1.0
2008-08-05,5.74248,6.09202,5.67382,6.00775,16181820,0.0,1.0
2008-08-06,5.99215,6.39787,5.89228,6.38226,20666401,0.0,1.0
2008-08-07,6.35106,6.35106,5.9703,6.18877,13215533,0.0,1.0
2008-08-08,6.1794,6.38851,5.89228,5.9547,11025541,0.0,1.0
2008-08-11,5.94534,6.11699,5.72687,5.9703,10462180,0.0,1.0
2008-08-12,5.82986,6.01712,5.61764,5.79865,7063369,0.0,1.0
2008-08-13,5.79865,6.0296,5.63012,5.99215,5926028,0.0,1.0
2008-08-14,5.92973,6.23558,5.90476,6.11074,7178162,0.0,1.0
2008-08-15,5.99839,6.29176,5.99839,6.1045,7584278,0.0,1.0
2008-08-18,6.10762,6.17316,5.4928,5.4928,9318979,0.0,1.0
2008-08-19,5.3274,5.5521,5.21192,5.40542,11460062,0.0,1.0
2008-08-20,5.86107,5.86107,5.44911,5.5365,35523742,0.0,1.0
2008-08-21,5.35236,5.45223,4.9841,4.9841,23387224,0.0,1.0
2008-08-22,4.7157,4.83741,4.48475,4.48787,24559283,0.0,1.0
2008-08-25,4.50348,4.60647,4.37552,4.53468,8210540,0.0,1.0
2008-08-26,4.42233,4.5066,4.16642,4.29437,11103429,0.0,1.0
2008-08-27,4.36928,4.36928,4.02598,4.24444,5896793,0.0,1.0
2008-08-28,4.21011,4.51596,4.14769,4.48163,9260596,0.0,1.0
2008-08-29,4.47851,4.58774,4.40673,4.50035,5623709,0.0,1.0
2008-09-01,4.48475,4.48475,4.34119,4.39424,3823434,0.0,1.0
2008-09-02,4.33183,4.39424,4.15705,4.19451,8200835,0.0,1.0
2008-09-03,4.19763,4.28501,4.19763,4.26941,4531227,0.0,1.0
2008-09-04,4.21635,4.30998,4.19451,4.30686,2436929,0.0,1.0
2008-09-05,4.25068,4.27565,4.05719,4.06343,3292660,0.0,1.0
2008-09-08,4.06343,4.06343,4.06343,4.06343,0,0.0,1.0
2008-09-09,3.99477,4.36616,3.81063,4.19763,4591607,0.0,1.0
2008-09-10,4.05719,4.20699,3.96668,3.99477,3677515,0.0,1.0
2008-09-11,4.00101,4.02598,3.87617,3.97292,2774901,0.0,1.0
2008-09-12,3.90426,4.08527,3.90426,4.03846,4542573,0.0,1.0
2008-09-16,3.98853,4.21635,3.9542,4.14145,5500646,0.0,1.0
2008-09-17,4.14145,4.26004,4.08215,4.09152,3320565,0.0,1.0
2008-09-18,4.01973,4.01973,3.70764,3.83248,7988906,0.0,1.0
2008-09-19,4.18202,4.21635,4.06031,4.21635,9136802,0.0,1.0
2008-09-22,4.54405,4.63767,4.34743,4.63767,30570190,0.0,1.0
2008-09-23,4.68137,4.70633,4.43169,4.51284,7733542,0.0,1.0
2008-09-24,4.36928,4.36928,4.07591,4.34431,10079430,0.0,1.0
2008-09-25,4.36303,4.55653,4.22571,4.33183,26188396,0.0,1.0
2008-09-26,4.36928,4.41921,4.25692,4.33807,12323579,0.0,1.0
2008-10-06,4.26941,4.30686,4.05719,4.08839,7059327,0.0,1.0
2008-10-07,3.90738,4.26317,3.73261,4.25068,10231889,0.0,1.0
2008-10-08,4.05719,4.15081,3.98228,4.1196,4519905,0.0,1.0
2008-10-09,4.21323,4.23196,3.9698,3.98228,4958141,0.0,1.0
2008-10-10,3.85745,3.86369,3.58281,3.58281,6523962,0.0,1.0
2008-10-13,3.48918,3.75134,3.30817,3.61402,11423060,0.0,1.0
2008-10-14,3.76382,3.80751,3.42676,3.45797,10602660,0.0,1.0
2008-10-15,3.433,3.48918,3.29568,3.31441,7284984,0.0,1.0
2008-10-16,3.1334,3.17709,2.99608,3.03977,18130539,0.0,1.0
2008-10-17,3.10843,3.11467,2.93366,3.07722,8542634,0.0,1.0
2008-10-20,3.0897,3.18333,3.04601,3.17709,7385941,0.0,1.0
2008-10-21,3.21454,3.30817,3.21454,3.23951,9963733,0.0,1.0
2008-10-22,3.24575,3.27072,3.0897,3.10219,6831784,0.0,1.0
2008-10-23,3.0897,3.15212,2.9399,3.03353,11646070,0.0,1.0
2008-10-24,3.04601,3.04601,2.82755,2.88372,11778837,0.0,1.0
2008-10-27,2.82755,2.865,2.69647,2.73392,10027767,0.0,1.0
2008-10-28,2.68398,2.84003,2.65277,2.79009,13478128,0.0,1.0
2008-10-29,2.865,2.865,2.55915,2.58411,8846095,0.0,1.0
2008-10-30,2.5966,2.62781,2.42807,2.49049,18563385,0.0,1.0
2008-10-31,2.49049,2.51545,2.40934,2.49049,8216824,0.0,1.0
2008-11-03,2.47176,2.51545,2.42807,2.44055,4096928,0.0,1.0
2008-11-04,2.40934,2.43431,2.30947,2.32196,6364163,0.0,1.0
2008-11-05,2.34068,2.47176,2.33444,2.44055,10247038,0.0,1.0
2008-11-06,2.35941,2.41559,2.31572,2.4031,4499184,0.0,1.0
2008-11-07,2.35317,2.49673,2.33444,2.44055,6739492,0.0,1.0
2008-11-10,2.55915,2.68398,2.478,2.67774,18462682,0.0,1.0
2008-11-11,2.65277,2.7464,2.59036,2.65902,16015172,0.0,1.0
2008-11-12,2.61532,2.92742,2.59036,2.92742,24430718,0.0,1.0
2008-11-13,2.88996,3.13964,2.85876,3.07722,47663106,0.0,1.0
2008-11-14,3.07098,3.22078,2.97111,3.18333,68019607,0.0,1.0
2008-11-17,3.18333,3.37058,2.98983,3.29568,75805338,0.0,1.0
2008-11-18,3.18957,3.27072,2.96487,2.96487,45512422,0.0,1.0
2008-11-19,2.87748,3.1646,2.85251,3.0897,38104508,0.0,1.0
2008-11-20,2.98983,3.20206,2.94614,3.02104,46801353,0.0,1.0
2008-11-21,2.92117,3.02728,2.77761,2.92742,41145154,0.0,1.0
2008-11-24,2.90869,2.92117,2.63405,2.63405,59858097,0.0,1.0
2008-11-25,2.62781,2.70895,2.47176,2.53418,48195042,0.0,1.0
2008-11-26,2.54042,2.57787,2.49673,2.53418,33707558,0.0,1.0
2008-11-27,2.74016,2.74016,2.60284,2.63405,88595366,0.0,1.0
2008-11-28,2.62157,2.62157,2.41559,2.48425,52208725,0.0,1.0
2008-12-01,2.43431,2.55291,2.39686,2.54666,45175684,0.0,1.0
2008-12-02,2.47176,2.65902,2.44679,2.62157,53213758,0.0,1.0
2008-12-03,2.6715,2.88372,2.6715,2.88372,108786410,0.0,1.0
2008-12-04,2.99608,3.17085,2.98359,3.14588,223993903,0.0,1.0
2008-12-05,3.09594,3.2832,3.02728,3.23326,145506670,0.0,1.0
2008-12-08,3.27696,3.39555,3.22078,3.33938,141200459,0.0,1.0
2008-12-09,3.34562,3.34562,3.15212,3.1646,91508311,0.0,1.0
2008-12-10,3.12091,3.33313,3.09594,3.31441,108479101,0.0,1.0
2008-12-11,3.32689,3.38307,3.18333,3.18957,92628163,0.0,1.0
2008-12-12,3.12715,3.17709,2.90245,2.97111,71455180,0.0,1.0
2008-12-15,3.02728,3.07722,2.84003,3.03353,65346445,0.0,1.0
2008-12-16,2.98359,3.07722,2.91493,3.05849,46502363,0.0,1.0
2008-12-17,3.09594,3.15836,3.03977,3.12091,61695644,0.0,1.0
2008-12-18,3.11467,3.19581,3.03977,3.17709,56417673,0.0,1.0
2008-12-19,3.18333,3.49542,3.15212,3.49542,157373840,0.0,1.0
2008-12-22,3.55784,3.84496,3.47045,3.68892,249870931,0.0,1.0
2008-12-23,3.58905,3.65147,3.32065,3.32065,130458224,0.0,1.0
2008-12-24,3.22702,3.36434,3.15836,3.31441,96305589,0.0,1.0
2008-12-25,3.30817,3.34562,3.13964,3.21454,69775023,0.0,1.0
2008-12-26,3.2083,3.22702,3.06474,3.11467,52706067,0.0,1.0
2008-12-29,3.05849,3.19581,2.90869,3.14588,75436584,0.0,1.0
2008-12-30,3.0897,3.15212,3.00856,3.0148,48004762,0.0,1.0
2008-12-31,3.02104,3.03977,2.85251,2.87124,49508249,0.0,1.0
2009-01-05,2.92117,3.03977,2.88372,3.0148,45098389,0.0,1.0
2009-01-06,3.02104,3.31441,2.98983,3.31441,111517713,0.0,1.0
2009-01-07,3.33938,3.33938,3.21454,3.27696,83713731,0.0,1.0
2009-01-08,3.19581,3.23951,3.07722,3.12715,65758256,0.0,1.0
2009-01-09,3.13964,3.43924,3.13964,3.43924,164094338,0.0,1.0
2009-01-12,3.43924,3.59529,3.37683,3.47045,160733107,0.0,1.0
2009-01-13,3.40179,3.50166,3.28944,3.48918,94213485,0.0,1.0
2009-01-14,3.4767,3.74509,3.40804,3.68892,146737711,0.0,1.0
2009-01-15,3.60777,3.71388,3.56408,3.61402,103564758,0.0,1.0
2009-01-16,3.63898,3.80751,3.55784,3.56408,106509018,0.0,1.0
2009-01-19,3.53287,3.65771,3.5079,3.59529,73888310,0.0,1.0
2009-01-20,3.57656,3.68892,3.51415,3.68268,63653368,0.0,1.0
2009-01-21,3.68268,3.68268,3.68268,3.68268,0,0.0,1.0
2009-01-22,3.68268,3.92611,3.63898,3.90114,105737253,0.0,1.0
2009-01-23,3.79503,3.83248,3.62026,3.6265,118080079,0.0,1.0
2009-02-02,3.63274,3.71388,3.52663,3.66395,69135521,0.0,1.0
2009-02-03,3.65147,3.7763,3.62026,3.72013,89824508,0.0,1.0
2009-02-04,3.75134,4.08215,3.70764,4.0447,155148793,0.0,1.0
2009-02-05,3.99477,4.10712,3.86993,3.99477,161297611,0.0,1.0
2009-02-06,4.05719,4.26941,4.05094,4.24444,155285114,0.0,1.0
2009-02-09,4.32558,4.52532,4.18826,4.48163,150707034,0.0,1.0
2009-02-10,4.44418,4.78124,4.33807,4.76875,145060042,0.0,1.0
2009-02-11,4.65016,4.98097,4.59398,4.76875,158425078,0.0,1.0
2009-02-12,4.68761,4.83741,4.43169,4.7313,113685450,0.0,1.0
2009-02-13,4.72506,5.18071,4.64392,5.13702,151091110,0.0,1.0
2009-02-16,5.18071,5.48032,5.08709,5.27434,156894722,0.0,1.0
2009-02-17,5.24313,5.29307,4.99346,5.01218,109045218,0.0,1.0
2009-02-18,4.83741,5.01843,4.62519,4.63767,106996550,0.0,1.0
2009-02-19,4.63767,4.83117,4.63767,4.76251,76284283,0.0,1.0
2009-02-20,4.78124,5.02467,4.66888,4.97473,84621998,0.0,1.0
2009-02-23,4.93104,5.20568,4.87486,5.13702,90367447,0.0,1.0
2009-02-24,5.08709,5.23065,4.78124,4.8062,118674598,0.0,1.0
2009-02-25,4.86862,4.96849,4.55653,4.78124,91525896,0.0,1.0
2009-02-26,4.8062,4.8062,4.30062,4.31934,82890984,0.0,1.0
2009-02-27,4.26941,4.26941,3.88866,3.8949,83476286,0.0,1.0
2009-03-02,3.85745,4.11336,3.7763,4.10088,62191955,0.0,1.0
2009-03-03,3.99477,4.16954,3.90738,4.03846,60285064,0.0,1.0
2009-03-04,4.03846,4.41297,4.03846,4.388,81541553,0.0,1.0
2009-03-05,4.46915,4.59398,4.30686,4.44418,98530492,0.0,1.0
2009-03-06,4.3131,4.44418,4.27565,4.388,55519988,0.0,1.0
2009-03-09,4.40049,4.48163,3.98228,4.06343,65254884,0.0,1.0
2009-03-10,4.01973,4.24444,3.9698,4.23196,39034012,0.0,1.0
2009-03-11,4.3131,4.36303,4.12585,4.1633,45959129,0.0,1.0
2009-03-12,4.12585,4.21323,3.9698,4.18202,37945514,0.0,1.0
2009-03-13,4.21323,4.33807,4.15081,4.20075,47975590,0.0,1.0
2009-03-16,4.13833,4.27565,4.08839,4.24444,33573679,0.0,1.0
2009-03-17,4.24444,4.66888,4.23196,4.61271,100196841,0.0,1.0
2009-03-18,4.59398,4.88111,4.59398,4.69385,109858677,0.0,1.0
2009-03-19,4.77499,4.90607,4.72506,4.83741,74350611,0.0,1.0
2009-03-20,4.83741,4.99346,4.71882,4.94352,94868433,0.0,1.0
2009-03-23,4.88111,5.03091,4.86862,4.97473,81523800,0.0,1.0
2009-03-24,5.01218,5.08709,4.93104,5.04963,84298858,0.0,1.0
2009-03-25,5.04963,5.343,4.97473,4.99346,116170538,0.0,1.0
2009-03-26,4.99346,5.21816,4.76875,5.18696,115630853,0.0,1.0
2009-03-27,5.22441,5.25562,5.08709,5.1183,67559187,0.0,1.0
2009-03-30,5.1183,5.1183,4.98722,5.01843,49649833,0.0,1.0
2009-03-31,4.89983,5.02467,4.83741,5.00594,50839493,0.0,1.0
2009-04-01,5.04339,5.50529,5.04339,5.38045,111022726,0.0,1.0
2009-04-02,5.36797,5.48656,5.29931,5.31179,83300232,0.0,1.0
2009-04-03,5.05588,5.2681,4.88111,5.00594,157617460,0.0,1.0
2009-04-07,4.89983,5.04339,4.86862,5.02467,52264518,0.0,1.0
2009-04-08,5.01218,5.02467,4.7313,4.73754,51846544,0.0,1.0
2009-04-09,4.73754,4.98722,4.70009,4.97473,54949759,0.0,1.0
2009-04-10,4.9997,5.1495,4.96225,5.0746,65057153,0.0,1.0
2009-04-13,5.09333,5.16823,4.99346,5.10581,73885316,0.0,1.0
2009-04-14,5.10581,5.10581,4.96849,5.03091,62185643,0.0,1.0
2009-04-15,4.98722,4.98722,4.8062,4.93104,77746165,0.0,1.0
2009-04-16,4.91856,5.29307,4.85614,5.22441,124939378,0.0,1.0
2009-04-17,5.1932,5.19944,4.99346,5.03091,70155944,0.0,1.0
2009-04-20,4.96225,5.23065,4.94352,5.22441,82497410,0.0,1.0
2009-04-21,5.1495,5.70503,5.10581,5.55522,174247793,0.0,1.0
2009-04-22,5.61764,5.84235,5.33676,5.61764,176149122,0.0,1.0
2009-04-23,5.4616,6.0296,5.31179,5.98591,151003649,0.0,1.0
2009-04-24,6.05457,6.12323,5.72375,5.82362,114226074,0.0,1.0
2009-04-27,5.81114,5.86731,5.39918,5.44287,62416135,0.0,1.0
2009-04-28,5.81114,5.86731,5.31179,5.33052,69027312,0.0,1.0
2009-04-29,5.30555,5.78617,5.21192,5.63637,62695308,0.0,1.0
2009-04-30,5.58643,6.11699,5.55522,6.11074,105949274,0.0,1.0
2009-05-04,6.21061,6.21061,6.00463,6.17316,105155135,0.0,1.0
2009-05-05,6.19189,6.59761,5.99215,6.4915,90523862,0.0,1.0
2009-05-06,6.3729,6.82855,6.3729,6.46653,94508370,0.0,1.0
2009-05-07,6.4915,6.78486,6.22934,6.7162,87913533,0.0,1.0
2009-05-08,6.61633,6.70996,6.298,6.37914,69011911,0.0,1.0
2009-05-11,6.36666,6.36666,5.96718,6.02336,67359485,0.0,1.0
2009-05-12,5.86731,6.17316,5.8049,6.13571,53185483,0.0,1.0
2009-05-13,6.12947,6.15444,5.97967,6.0296,41550951,0.0,1.0
2009-05-14,5.93597,6.12947,5.86731,6.06081,41741708,0.0,1.0
2009-05-15,6.11699,6.40411,6.07329,6.32921,64409814,0.0,1.0
2009-05-18,6.29176,6.32921,6.07329,6.26055,38800003,0.0,1.0
2009-05-19,6.23558,6.5664,6.23558,6.48525,60544373,0.0,1.0
2009-05-20,6.47277,6.51022,6.27927,6.31048,64554637,0.0,1.0
2009-05-21,6.24182,6.30424,5.91725,6.01712,65406820,0.0,1.0
2009-05-22,5.93597,6.07329,5.8798,6.02336,32140707,0.0,1.0
2009-05-25,5.86107,5.99215,5.67382,5.96718,32124498,0.0,1.0
2009-05-26,6.02336,6.07954,5.87356,5.8798,30699601,0.0,1.0
2009-05-27,5.92973,5.94846,5.71127,5.82362,33149138,0.0,1.0
2009-06-01,5.85483,6.02336,5.82362,5.97342,34451452,0.0,1.0
2009-06-02,6.06705,6.06705,5.96094,5.99215,29131995,0.0,1.0
2009-06-03,5.97967,6.03584,5.82362,6.00463,32611919,0.08226,1.0
2009-06-04,5.97342,5.97342,5.77993,5.82986,33056712,0.0,1.0
2009-06-05,5.81114,5.92973,5.79241,5.79865,27342280,0.0,1.0
2009-06-08,5.84235,5.84859,5.64885,5.69254,28135334,0.0,1.0
2009-06-09,5.69254,5.81738,5.64885,5.81114,24496554,0.0,1.0
2009-06-10,5.81114,5.88604,5.71127,5.86731,31340123,0.0,1.0
2009-06-11,5.86107,5.86107,5.74248,5.75496,21757319,0.0,1.0
2009-06-12,5.74248,5.76744,5.51153,5.57395,31132320,0.0,1.0
2009-06-15,5.52401,5.61764,5.44287,5.54898,27183024,0.0,1.0
2009-06-16,5.49905,5.53026,5.33052,5.39918,37431962,0.0,1.0
2009-06-17,5.36173,5.4928,5.34924,5.48032,31009712,0.0,1.0
2009-06-18,5.48656,5.58019,5.40542,5.57395,47905911,0.0,1.0
2009-06-19,5.54898,5.63012,5.48656,5.51777,30165327,0.0,1.0
2009-06-22,5.54274,5.63637,5.4928,5.54274,39405169,0.0,1.0
2009-06-23,5.48656,5.5365,5.4179,5.4616,22666446,0.0,1.0
2009-06-24,5.43039,5.56771,5.43039,5.56146,33429564,0.0,1.0
2009-06-25,5.58643,5.60516,5.46784,5.48656,21292043,0.0,1.0
2009-06-26,5.4928,5.53026,5.44287,5.48032,18155966,0.0,1.0
2009-06-29,5.48656,5.74248,5.44911,5.70503,48602857,0.0,1.0
2009-06-30,5.72999,5.74248,5.52401,5.55522,30503515,0.0,1.0
2009-07-01,5.55522,5.59892,5.46784,5.50529,30429840,0.0,1.0
2009-07-02,5.52401,5.72375,5.47408,5.64885,47833590,0.0,1.0
2009-07-03,5.55522,5.71127,5.50529,5.67382,41809145,0.0,1.0
2009-07-06,5.71127,5.85483,5.64885,5.8361,60193876,0.0,1.0
2009-07-07,5.8361,5.94846,5.77369,5.81738,72867009,0.0,1.0
2009-07-08,5.77369,5.81738,5.61764,5.77369,56221100,0.0,1.0
2009-07-09,5.77369,6.04208,5.69254,5.99839,76487692,0.0,1.0
2009-07-10,6.01088,6.27303,5.94846,6.13571,99885557,0.0,1.0
2009-07-13,6.07329,6.29176,6.02336,6.04208,53020374,0.0,1.0
2009-07-14,6.06081,6.12947,5.99215,6.07954,46012296,0.0,1.0
2009-07-15,6.07954,6.22934,6.02336,6.17316,54924412,0.0,1.0
2009-07-16,6.19813,6.21061,5.98591,5.99215,54446266,0.0,1.0
2009-07-17,5.97967,6.0296,5.86731,5.92973,40058177,0.0,1.0
2009-07-20,5.92973,6.2231,5.91725,6.12323,54760218,0.0,1.0
2009-07-21,6.1482,6.17316,5.85483,5.86731,50367907,0.0,1.0
2009-07-22,5.85483,6.20437,5.8361,6.11074,74085773,0.0,1.0
2009-07-23,6.14195,6.64754,6.14195,6.38539,102638298,0.0,1.0
2009-07-24,6.38539,6.4915,6.01088,6.18565,70203400,0.0,1.0
2009-07-27,6.24182,6.52271,6.24182,6.41035,64717993,0.0,1.0
2009-07-28,6.47901,7.05326,6.38539,7.05326,142792317,0.0,1.0
2009-07-29,7.24051,7.36535,6.36666,6.81607,110763587,0.0,1.0
2009-07-30,6.97836,7.09071,6.66627,6.9846,104637528,0.0,1.0
2009-07-31,7.00333,7.08447,6.7911,7.07199,112549431,0.0,1.0
2009-08-03,7.10944,7.56509,7.02829,7.42153,100593828,0.0,1.0
2009-08-04,7.42153,8.14558,7.24676,8.06444,122234452,0.0,1.0
2009-08-05,7.98953,8.17679,7.68368,7.89591,65524885,0.0,1.0
2009-08-06,7.80228,8.02074,7.42777,7.5963,53635018,0.0,1.0
2009-08-07,7.5963,7.73986,6.94715,7.07823,43616479,0.0,1.0
2009-08-10,7.1344,7.27797,6.99084,7.04702,30455102,0.0,1.0
2009-08-11,7.30293,7.30293,6.85352,7.00333,26845983,0.0,1.0
2009-08-12,6.99084,7.02205,6.47901,6.52271,35900020,0.0,1.0
2009-08-13,6.52895,6.72869,6.41659,6.64754,30375567,0.0,1.0
2009-08-14,6.70996,6.70996,6.2231,6.24182,35849694,0.0,1.0
2009-08-17,6.15444,6.38539,5.8798,5.99839,41528948,0.0,1.0
2009-08-18,5.90476,6.14195,5.82362,6.06081,31913876,0.0,1.0
2009-08-19,6.06705,6.11699,5.45535,5.53026,37539831,0.0,1.0
2009-08-20,5.54274,5.79241,5.51153,5.74872,37207983,0.0,1.0
2009-08-21,5.78617,5.89852,5.69878,5.89228,33912305,0.0,1.0
2009-08-24,5.91725,6.03584,5.84235,5.97342,31982181,0.0,1.0
2009-08-25,5.97342,5.97342,5.43039,5.60516,43545378,0.0,1.0
2009-08-26,5.55522,5.92349,5.51153,5.79865,40854887,0.0,1.0
2009-08-27,5.82986,6.07954,5.74872,6.01088,48445909,0.0,1.0
2009-08-28,5.93597,6.01712,5.71127,5.82986,32046355,0.0,1.0
2009-08-31,5.71751,5.71751,5.24937,5.24937,39955822,0.0,1.0
2009-09-01,5.1495,5.24313,4.89983,5.05588,31035610,0.0,1.0
2009-09-02,5.00594,5.13702,4.94352,5.02467,18702752,0.0,1.0
2009-09-03,5.03715,5.4179,5.03715,5.36173,36605886,0.0,1.0
2009-09-04,5.343,5.44911,5.27434,5.38669,27051822,0.0,1.0
2009-09-07,5.40542,5.53026,5.33676,5.38669,28760042,0.0,1.0
2009-09-08,5.37421,5.61764,5.26186,5.59892,37980082,0.0,1.0
2009-09-09,5.63012,5.66758,5.48032,5.63637,35974201,0.0,1.0
2009-09-10,5.59267,5.62388,5.47408,5.52401,20988332,0.0,1.0
2009-09-11,5.52401,5.68006,5.49905,5.59892,22643406,0.0,1.0
2009-09-14,5.61764,5.8798,5.60516,5.78617,36339991,0.0,1.0
2009-09-15,5.79241,5.86731,5.72999,5.77369,32930941,0.0,1.0
2009-09-16,5.8049,5.8049,5.59892,5.73624,28127517,0.0,1.0
2009-09-17,5.7612,6.11074,5.72999,6.03584,54645373,0.0,1.0
2009-09-18,6.02336,6.02336,5.67382,5.73624,38835937,0.0,1.0
2009-09-21,5.64885,5.79865,5.44287,5.77369,27002256,0.0,1.0
2009-09-22,5.74248,5.82362,5.52401,5.54274,24042933,0.0,1.0
2009-09-23,5.54274,5.61764,5.15575,5.24313,30453602,0.0,1.0
2009-09-24,5.20568,5.29307,5.05588,5.21192,23610142,0.0,1.0
2009-09-25,5.1932,5.19944,5.06836,5.12454,17140010,0.0,1.0
2009-09-28,5.13078,5.21192,4.96225,4.99346,16944203,0.0,1.0
2009-09-29,4.9997,5.06836,4.86862,4.94977,17618229,0.0,1.0
2009-09-30,4.96849,5.06212,4.94977,4.98722,14261199,0.0,1.0
2009-10-09,5.06836,5.27434,5.06212,5.2681,18172594,0.0,1.0
2009-10-12,5.27434,5.30555,5.1932,5.23065,16725294,0.0,1.0
2009-10-13,5.18071,5.32428,5.18071,5.31803,14053546,0.0,1.0
2009-10-14,5.35548,5.48032,5.31803,5.39294,24115499,0.0,1.0
2009-10-15,5.4179,5.64261,5.4179,5.6114,43619055,0.0,1.0
2009-10-16,5.64261,5.64261,5.40542,5.54274,28684217,0.0,1.0
2009-10-19,5.5365,5.63637,5.4616,5.63012,35126884,0.0,1.0
2009-10-20,5.63637,5.73624,5.56771,5.70503,34113602,0.0,1.0
2009-10-21,5.66133,5.6863,5.54898,5.56146,29016237,0.0,1.0
2009-10-22,5.5365,5.66133,5.4928,5.58019,19968068,0.0,1.0
2009-10-23,5.61764,5.8049,5.59892,5.71127,43326661,0.0,1.0
2009-10-26,5.71127,5.71751,5.56771,5.69254,31701849,0.0,1.0
2009-10-27,5.65509,5.86107,5.55522,5.72375,51901680,0.0,1.0
2009-10-28,5.68006,6.06705,5.66133,6.05457,75406642,0.0,1.0
2009-10-29,5.92973,6.1794,5.8361,5.89852,67246036,0.0,1.0
2009-10-30,5.97967,6.13571,5.91725,6.02336,48313249,0.0,1.0
2009-11-02,5.82362,6.34169,5.7612,6.31048,66105536,0.0,1.0
2009-11-03,6.31673,6.86601,6.22934,6.50398,79654709,0.0,1.0
2009-11-04,6.46029,6.70372,6.3729,6.47277,54981618,0.0,1.0
2009-11-05,6.46653,6.54143,6.33545,6.41035,36590931,0.0,1.0
2009-11-06,6.41659,6.59761,6.27303,6.32921,44078517,0.0,1.0
2009-11-09,6.30424,6.53519,6.24182,6.51022,51676134,0.0,1.0
2009-11-10,6.50398,6.57888,6.41035,6.47277,41526559,0.0,1.0
2009-11-11,6.47277,6.64754,6.34793,6.63506,40076758,0.0,1.0
2009-11-12,6.65378,6.7162,6.50398,6.52271,34698703,0.0,1.0
2009-11-13,6.49774,6.54767,6.30424,6.47901,34799898,0.0,1.0
2009-11-16,6.52271,6.72869,6.50398,6.65378,49708013,0.0,1.0
2009-11-17,6.69748,6.85976,6.6413,6.79735,45764085,0.0,1.0
2009-11-18,6.80983,6.92218,6.60385,6.64754,42560344,0.0,1.0
2009-11-19,6.61633,6.74117,6.5664,6.69748,32246897,0.0,1.0
2009-11-20,6.68499,6.84728,6.51022,6.77238,49870711,0.0,1.0
2009-11-23,6.77238,7.11568,6.68499,7.04078,56429631,0.0,1.0
2009-11-24,7.05326,7.08447,6.47901,6.4915,60221789,0.0,1.0
2009-11-25,6.42908,6.74117,6.24182,6.69123,48661035,0.0,1.0
2009-11-26,6.67251,6.85976,6.30424,6.34793,52804717,0.0,1.0
2009-11-27,6.24182,6.44156,6.07954,6.14195,36689766,0.0,1.0
2009-11-30,6.24807,6.52271,6.24182,6.47277,30962881,0.0,1.0
2009-12-01,6.47277,6.8348,6.41659,6.74117,37370323,0.0,1.0
2009-12-02,6.75989,6.84104,6.66627,6.75989,28636069,0.0,1.0
2009-12-03,6.73493,7.22803,6.69123,7.10944,68101666,0.0,1.0
2009-12-04,7.05326,7.39656,6.77862,6.9846,82512898,0.0,1.0
2009-12-07,7.05326,7.3279,7.00957,7.26548,45483501,0.0,1.0
2009-12-08,7.24676,7.24676,7.0595,7.15937,29667578,0.0,1.0
2009-12-09,7.0595,7.0595,6.80359,6.85976,33517708,0.0,1.0
2009-12-10,6.92842,7.01581,6.80359,6.92218,17825960,0.0,1.0
2009-12-11,6.97212,7.05326,6.8348,6.88473,22792057,0.0,1.0
2009-12-14,6.89721,6.93467,6.63506,6.86601,20205518,0.0,1.0
2009-12-15,6.82855,7.1344,6.7911,7.02829,30458336,0.0,1.0
2009-12-16,7.02829,7.10319,6.9097,6.94715,15213342,0.0,1.0
2009-12-17,6.93467,6.99084,6.49774,6.51022,32206811,0.0,1.0
2009-12-18,6.47277,6.60385,6.24807,6.31673,19480451,0.0,1.0
2009-12-21,6.35418,6.44156,6.27927,6.43532,13809515,0.0,1.0
2009-12-22,6.43532,6.43532,6.08578,6.09202,29684820,0.0,1.0
2009-12-23,6.1045,6.21061,5.99215,6.14195,18752144,0.0,1.0
2009-12-24,6.15444,6.40411,6.11699,6.36042,24229558,0.0,1.0
2009-12-25,6.36042,6.46653,6.27927,6.38539,19194940,0.0,1.0
2009-12-28,6.39787,6.52895,6.36666,6.48525,17577415,0.0,1.0
2009-12-29,6.48525,6.62882,6.40411,6.61633,27646265,0.0,1.0
2009-12-30,6.61009,6.63506,6.45405,6.51646,25816076,0.0,1.0
2009-12-31,6.54143,6.61633,6.42908,6.59761,17911957,0.0,1.0
2010-01-04,6.62257,6.66003,6.4915,6.50398,15196172,0.0,1.0
2010-01-05,6.53519,6.58512,6.40411,6.52895,25436512,0.0,1.0
2010-01-06,6.4915,6.70996,6.45405,6.68499,42419984,0.0,1.0
2010-01-07,6.65378,6.70996,6.3729,6.42908,27104218,0.0,1.0
2010-01-08,6.41659,6.44156,6.25431,6.41035,16298435,0.0,1.0
2010-01-11,6.50398,6.56016,6.35418,6.54767,20651024,0.0,1.0
2010-01-12,6.54767,6.81607,6.50398,6.77238,36390744,0.0,1.0
2010-01-13,6.61633,6.80359,6.55391,6.67875,31619558,0.0,1.0
2010-01-14,6.66627,7.04078,6.62882,6.95963,53978768,0.0,1.0
2010-01-15,6.96587,7.01581,6.89721,6.94715,26018414,0.0,1.0
2010-01-18,6.97836,7.10319,6.94091,7.01581,31788672,0.0,1.0
2010-01-19,7.02829,7.02829,6.81607,6.82855,30988196,0.0,1.0
2010-01-20,6.82231,6.82855,6.37914,6.43532,42024338,0.0,1.0
2010-01-21,6.46653,6.52271,6.36666,6.46653,15173030,0.0,1.0
2010-01-22,6.41035,6.45405,6.1794,6.31048,26913285,0.0,1.0
2010-01-25,6.21686,6.36666,6.1794,6.19813,13439975,0.0,1.0
2010-01-26,6.24182,6.28552,5.94222,6.0296,15430576,0.0,1.0
2010-01-27,6.00463,6.08578,5.8361,5.90476,12746297,0.0,1.0
2010-01-28,5.89852,5.98591,5.86731,5.94222,11752987,0.0,1.0
2010-01-29,5.94222,6.0296,5.8361,5.86107,22931467,0.0,1.0
2010-02-01,5.86731,5.89852,5.42414,5.54898,27289677,0.0,1.0
2010-02-02,5.55522,5.69254,5.50529,5.52401,24506889,0.0,1.0
2010-02-03,5.56146,5.66758,5.28058,5.66133,28183921,0.0,1.0
2010-02-04,5.61764,5.7612,5.52401,5.68006,17424640,0.0,1.0
2010-02-05,5.52401,5.64261,5.39918,5.57395,19504303,0.0,1.0
2010-02-08,5.57395,5.57395,5.57395,5.57395,0,0.0,1.0
2010-02-09,5.55522,5.66758,5.50529,5.64261,16697645,0.0,1.0
2010-02-10,5.68006,5.86731,5.66758,5.82362,16868349,0.0,1.0
2010-02-11,5.82362,5.90476,5.78617,5.82986,12917727,0.0,1.0
2010-02-12,5.86731,6.02336,5.84235,5.97342,16709236,0.0,1.0
2010-02-22,5.93597,5.97342,5.8361,5.8798,12663880,0.0,1.0
2010-02-23,5.87356,5.89852,5.70503,5.89852,12465608,0.0,1.0
2010-02-24,5.84859,6.0296,5.8049,6.01712,15724909,0.0,1.0
2010-02-25,6.02336,6.1482,6.00463,6.11074,19706968,0.0,1.0
2010-02-26,6.09826,6.14195,6.0296,6.11699,14536959,0.0,1.0
2010-03-01,6.09202,6.30424,6.06705,6.2231,24434404,0.0,1.0
2010-03-02,6.22934,6.26679,6.11699,6.15444,13613452,0.0,1.0
2010-03-03,6.15444,6.28552,6.07954,6.24807,19883215,0.0,1.0
2010-03-04,6.30424,6.34169,5.99215,5.99839,20822110,0.0,1.0
2010-03-05,6.00463,6.12947,5.97967,6.0296,11700115,0.0,1.0
2010-03-08,6.04833,6.16068,6.01712,6.13571,10536990,0.0,1.0
2010-03-09,6.13571,6.19813,6.01088,6.16692,11455023,0.0,1.0
2010-03-10,6.11699,6.18565,6.04208,6.09202,10980902,0.0,1.0
2010-03-11,6.09202,6.13571,5.94846,6.06081,10012663,0.0,1.0
2010-03-12,6.05457,6.05457,5.8361,5.89852,23749226,0.0,1.0
2010-03-15,5.90476,5.91101,5.68006,5.73624,19556920,0.0,1.0
2010-03-16,5.73624,5.77369,5.69254,5.76744,9715837,0.0,1.0
2010-03-17,5.77369,5.94846,5.74872,5.93597,10979520,0.0,1.0
2010-03-18,5.92349,6.00463,5.91725,5.9547,7794019,0.0,1.0
2010-03-19,5.94846,6.11699,5.90476,6.07954,14088763,0.0,1.0
2010-03-22,6.08578,6.11699,6.02336,6.09202,9253509,0.0,1.0
2010-03-23,6.09826,6.09826,5.96094,5.98591,9010795,0.0,1.0
2010-03-24,5.98591,6.07329,5.98591,5.99839,8926501,0.0,1.0
2010-03-25,5.99839,5.99839,5.86731,5.89852,11396180,0.0,1.0
2010-03-26,5.86731,5.99839,5.8361,5.96718,10710569,0.0,1.0
2010-03-29,5.96718,6.20437,5.92973,6.13571,36872674,0.0,1.0
2010-03-30,6.12947,6.26055,6.08578,6.19189,28417533,0.0,1.0
2010-03-31,6.20437,6.26679,6.14195,6.15444,20662777,0.0,1.0
2010-04-01,6.24182,6.69748,6.24182,6.56016,59343414,0.0,1.0
2010-04-02,6.4915,6.62882,6.47277,6.52271,29534518,0.0,1.0
2010-04-06,6.52271,6.80983,6.52271,6.63506,45257225,0.0,1.0
2010-04-07,6.63506,6.74117,6.49774,6.56016,23182326,0.0,1.0
2010-04-08,6.55391,6.60385,6.41659,6.52895,26351285,0.0,1.0
2010-04-09,6.56016,6.67251,6.54143,6.62257,22492531,0.0,1.0
2010-04-12,6.68499,6.72869,6.47901,6.52895,23991505,0.0,1.0
2010-04-13,6.52271,6.59137,6.24182,6.3729,32934533,0.0,1.0
2010-04-14,6.34793,6.54767,6.32297,6.4915,21749727,0.0,1.0
2010-04-15,6.4478,6.55391,6.30424,6.3729,17999877,0.0,1.0
2010-04-16,6.3729,6.66627,6.32297,6.5664,32618832,0.0,1.0
2010-04-19,6.54143,6.67251,6.21686,6.26055,45649652,0.0,1.0
2010-04-20,6.24182,6.36666,6.15444,6.35418,24288045,0.0,1.0
2010-04-21,6.36666,6.64754,6.31048,6.59761,37125611,0.0,1.0
2010-04-22,6.56016,6.86601,6.50398,6.77862,75102287,0.0,1.0
2010-04-23,6.79735,6.82855,6.56016,6.69123,45623139,0.0,1.0
2010-04-26,6.73493,6.88473,6.64754,6.80359,50952696,0.0,1.0
2010-04-27,6.80359,6.80359,6.41659,6.50398,41756378,0.0,1.0
2010-04-28,6.41659,6.59137,6.1794,6.31673,45274930,0.0,1.0
2010-04-29,6.32297,6.36042,6.14195,6.16692,27701331,0.0,1.0
2010-04-30,6.15444,6.15444,5.87356,6.02336,45311690,0.0,1.0
2010-05-04,5.92973,6.11074,5.86731,6.08578,14912018,0.0,1.0
2010-05-05,5.96718,6.21686,5.96094,6.19189,21454746,0.0,1.0
2010-05-06,6.17316,6.25431,5.96094,6.04208,18902538,0.0,1.0
2010-05-07,5.92349,6.12323,5.82986,5.99839,20041194,0.0,1.0
2010-05-10,5.97967,6.11699,5.74248,5.97342,17215266,0.0,1.0
2010-05-11,6.09202,6.12947,5.62388,5.8361,22613189,0.0,1.0
2010-05-12,5.82986,5.89852,5.64885,5.7612,11658933,0.0,1.0
2010-05-13,5.7612,5.84235,5.58643,5.79241,14479813,0.0,1.0
2010-05-14,5.7612,5.81738,5.70503,5.74248,11227812,0.0,1.0
2010-05-17,5.6114,5.67382,5.41166,5.53026,19876351,0.0,1.0
2010-05-18,5.53026,5.53026,5.53026,5.53026,0,0.0,1.0
2010-05-19,5.55522,5.62388,5.43039,5.51153,17367036,0.0,1.0
2010-05-20,5.4928,5.56146,5.43039,5.50529,15286494,0.0,1.0
2010-05-21,5.343,5.62388,5.28058,5.59267,24863176,0.0,1.0
2010-05-24,5.55522,5.76744,5.55522,5.71751,20305032,0.0,1.0
2010-05-25,5.68006,5.77369,5.62388,5.73624,14658975,0.0,1.0
2010-05-26,5.70503,5.7612,5.6863,5.72375,8015442,0.0,1.0
2010-05-27,5.71751,5.82362,5.6114,5.7612,13537290,0.0,1.0
2010-05-28,5.79865,5.82986,5.6863,5.74248,9961942,0.0,1.0
2010-05-31,5.7612,5.7612,5.50529,5.58643,13420874,0.0,1.0
2010-06-01,5.52401,5.55522,5.34924,5.43663,9591619,0.0,1.0
2010-06-02,5.36797,5.44911,5.34924,5.43039,12060854,0.0,1.0
2010-06-03,5.4616,5.51153,5.38045,5.38669,7034896,0.08295,1.0
2010-06-04,5.33052,5.42414,5.29931,5.4179,10566373,0.0,1.0
2010-06-07,5.29307,5.33676,5.06836,5.13702,15689015,0.0,1.0
2010-06-08,5.13702,5.18696,5.03715,5.1183,14767980,0.0,1.0
2010-06-09,5.16199,5.28058,5.09957,5.27434,12217616,0.0,1.0
2010-06-10,5.25562,5.28058,5.1932,5.20568,10153075,0.0,1.0
2010-06-11,5.21192,5.31803,5.1932,5.24313,12939069,0.0,1.0
2010-06-17,5.27434,5.30555,5.18071,5.19944,6486531,0.0,1.0
2010-06-18,5.1932,5.22441,5.05588,5.08084,7861873,0.0,1.0
2010-06-21,4.9997,5.26186,4.9997,5.25562,10585662,0.0,1.0
2010-06-22,5.25562,5.28682,5.21816,5.25562,6031717,0.0,1.0
2010-06-23,5.24313,5.27434,5.13702,5.18696,5941075,0.0,1.0
2010-06-24,5.1932,5.2681,5.15575,5.21816,4419326,0.0,1.0
2010-06-25,5.20568,5.20568,5.11205,5.18696,4776962,0.0,1.0
2010-06-28,5.16823,5.29307,5.14326,5.28682,7231736,0.0,1.0
2010-06-29,5.29307,5.29931,4.93104,4.95601,13732406,0.0,1.0
2010-06-30,4.91856,4.91856,4.61895,4.68761,14230893,0.0,1.0
2010-07-01,4.68137,4.88735,4.68137,4.76251,11110499,0.0,1.0
2010-07-02,4.74379,4.93728,4.73754,4.9248,14926512,0.0,1.0
2010-07-05,4.86238,5.03091,4.83741,4.93104,7190085,0.0,1.0
2010-07-06,4.88735,5.10581,4.88111,5.04339,9037864,0.0,1.0
2010-07-07,5.02467,5.12454,5.02467,5.08084,8135647,0.0,1.0
2010-07-08,5.10581,5.21816,5.05588,5.16199,11771208,0.0,1.0
2010-07-09,5.13078,5.29307,5.11205,5.28058,13149741,0.0,1.0
2010-07-12,5.28058,5.39294,5.20568,5.36797,16142811,0.0,1.0
2010-07-13,5.29307,5.44911,5.28682,5.35548,14227878,0.0,1.0
2010-07-14,5.35548,5.51153,5.343,5.50529,18189144,0.0,1.0
2010-07-15,5.4928,5.84859,5.43663,5.62388,36096074,0.0,1.0
2010-07-16,5.60516,5.71127,5.50529,5.58019,18645446,0.0,1.0
2010-07-19,5.54274,5.84859,5.4179,5.79865,30811243,0.0,1.0
2010-07-20,5.76744,5.92973,5.70503,5.85483,31730775,0.0,1.0
2010-07-21,5.8049,5.91725,5.75496,5.77993,22437701,0.0,1.0
2010-07-22,5.77993,5.90476,5.77369,5.81738,13069391,0.0,1.0
2010-07-23,5.81738,5.92349,5.72375,5.8798,17225709,0.0,1.0
2010-07-26,5.86107,6.11699,5.82986,6.07329,21369564,0.0,1.0
2010-07-27,6.05457,6.08578,5.98591,6.03584,12398764,0.0,1.0
2010-07-28,6.02336,6.13571,5.99839,6.04208,12277544,0.0,1.0
2010-07-29,6.07329,6.1482,5.98591,6.04833,12114489,0.0,1.0
2010-07-30,6.04833,6.06705,5.9547,6.04833,11356921,0.0,1.0
2010-08-02,6.08578,6.64754,6.06705,6.51022,45055706,0.0,1.0
2010-08-03,6.60385,6.65378,6.37914,6.39787,24539993,0.0,1.0
2010-08-04,6.31673,6.4915,6.31673,6.48525,18105042,0.0,1.0
2010-08-05,6.50398,6.52271,6.35418,6.44156,16604530,0.0,1.0
2010-08-06,6.41035,6.54143,6.31048,6.50398,20485285,0.0,1.0
2010-08-09,6.4478,6.60385,6.39787,6.45405,23474596,0.0,1.0
2010-08-10,6.46653,6.6413,6.33545,6.34169,30889872,0.0,1.0
2010-08-11,6.31673,6.51022,6.27927,6.49774,20235352,0.0,1.0
2010-08-12,6.45405,6.55391,6.33545,6.40411,16058087,0.0,1.0
2010-08-13,6.42908,6.50398,6.19813,6.40411,15001372,0.0,1.0
2010-08-16,6.3729,6.95963,6.33545,6.81607,45566047,0.0,1.0
2010-08-17,6.81607,6.94091,6.77238,6.9097,24848793,0.0,1.0
2010-08-18,6.89721,6.90346,6.67875,6.79735,18074845,0.0,1.0
2010-08-19,6.79735,6.86601,6.64754,6.80359,16038963,0.0,1.0
2010-08-20,6.77238,6.8348,6.55391,6.70372,20585726,0.0,1.0
2010-08-23,6.61633,6.77862,6.61633,6.70372,9539855,0.0,1.0
2010-08-24,6.69748,6.91594,6.51646,6.78486,24727548,0.0,1.0
2010-08-25,6.73493,6.89097,6.60385,6.77238,19546941,0.0,1.0
2010-08-26,6.77238,6.97212,6.62257,6.88473,24898220,0.0,1.0
2010-08-27,6.88473,6.89097,6.74117,6.87225,11134918,0.0,1.0
2010-08-30,6.89721,7.22803,6.89721,7.08447,28409541,0.0,1.0
2010-08-31,7.04078,7.11568,6.97836,7.03453,12820140,0.0,1.0
2010-09-01,7.02205,7.08447,6.55391,6.74117,22317192,0.0,1.0
2010-09-02,6.82855,6.86601,6.65378,6.78486,15901955,0.0,1.0
2010-09-03,6.81607,7.17185,6.77862,7.04702,24792977,0.0,1.0
2010-09-06,7.05326,7.37159,7.05326,7.24676,37113586,0.0,1.0
2010-09-07,7.24676,7.30293,7.08447,7.253,15514110,0.0,1.0
2010-09-08,7.21555,7.21555,7.09071,7.15313,12808120,0.0,1.0
2010-09-09,7.11568,7.30293,7.10319,7.15313,19902775,0.0,1.0
2010-09-10,7.19682,7.31542,7.09695,7.30293,19945224,0.0,1.0
2010-09-13,7.30293,7.61502,7.24051,7.53388,35070904,0.0,1.0
2010-09-14,7.5214,7.54636,7.35287,7.42153,17735659,0.0,1.0
2010-09-15,7.4465,7.53388,7.30293,7.30917,11827283,0.0,1.0
2010-09-16,7.31542,7.48395,7.28421,7.4777,27362747,0.0,1.0
2010-09-17,7.47146,7.94584,7.42777,7.77107,50377095,0.0,1.0
2010-09-20,7.79604,8.11437,7.70241,7.9396,36088630,0.0,1.0
2010-09-21,7.97081,8.04571,7.80852,7.85846,27239839,0.0,1.0
2010-09-27,7.85846,7.85846,7.85846,7.85846,0,0.0,1.0
2010-09-28,8.10189,8.11437,7.83349,8.09564,27565436,0.0,1.0
2010-09-29,8.08316,8.60747,8.03323,8.44519,35616941,0.0,1.0
2010-09-30,8.38901,8.54506,8.31411,8.48264,12495179,0.0,1.0
2010-10-08,8.53257,8.85091,8.31411,8.66989,25466907,0.0,1.0
2010-10-11,8.64493,8.70734,8.23921,8.25793,31773571,0.0,1.0
2010-10-12,8.21424,8.69486,8.1331,8.48264,21125586,0.0,1.0
2010-10-13,8.48264,8.70734,8.0894,8.52633,34661182,0.0,1.0
2010-10-14,8.33908,8.3578,7.6712,7.79604,38152976,0.0,1.0
2010-10-15,7.81476,8.19551,7.80228,7.96457,38161427,0.0,1.0
2010-10-18,7.96457,8.0894,7.35911,8.00826,39631071,0.0,1.0
2010-10-19,7.90839,8.48264,7.75859,8.42022,22474355,0.0,1.0
2010-10-20,8.23921,8.67613,8.12685,8.50136,26773386,0.0,1.0
2010-10-21,8.48888,8.56378,8.2829,8.50136,19423581,0.0,1.0
2010-10-22,8.50136,8.5513,8.32035,8.36404,18817934,0.0,1.0
2010-10-25,8.38277,8.94453,8.27666,8.75104,41317572,0.0,1.0
2010-10-26,8.75728,9.08809,8.66365,8.93205,27537677,0.0,1.0
2010-10-27,8.8946,9.28783,8.80097,8.93205,28741218,0.0,1.0
2010-10-28,8.93205,9.06313,8.65741,8.73231,17828305,0.0,1.0
2010-10-29,8.93205,9.51878,8.65741,9.35649,58544173,0.0,1.0
2010-11-01,9.3877,10.0556,9.26287,9.91202,53056972,0.0,1.0
2010-11-02,9.98068,10.1492,9.75597,9.83087,33506380,0.0,1.0
2010-11-03,9.83087,9.97443,9.36273,9.39394,46055723,0.0,1.0
2010-11-04,9.36273,9.70604,9.33153,9.63738,29298746,0.0,1.0
2010-11-05,9.73724,10.299,9.70604,9.88081,60565511,0.0,1.0
2010-11-08,9.86208,10.4114,9.81839,10.3552,51993557,0.0,1.0
2010-11-09,10.3489,10.9232,10.2241,10.7796,45537321,0.0,1.0
2010-11-10,10.7359,11.1791,10.6735,10.9357,34615139,0.0,1.0
2010-11-11,10.8608,11.1604,10.5237,10.6111,29639572,0.0,1.0
2010-11-12,10.5674,10.6798,9.84336,9.96819,48561332,0.0,1.0
2010-11-15,10.0493,10.7359,9.78718,10.7234,39046949,0.0,1.0
2010-11-16,10.6985,10.9232,9.73724,9.98692,34127905,0.0,1.0
2010-11-17,9.98692,10.0431,9.37522,9.45636,28458948,0.0,1.0
2010-11-18,9.4626,9.84336,9.40019,9.61241,22260624,0.0,1.0
2010-11-19,9.64986,9.91826,9.26287,9.87456,26268415,0.0,1.0
2010-11-22,9.73724,10.3302,9.68107,10.1492,27620177,0.0,1.0
2010-11-23,10.1554,10.1554,9.42515,9.731,23260744,0.0,1.0
2010-11-24,9.5812,9.98068,9.45636,9.88705,19667681,0.0,1.0
2010-11-25,10.0181,10.5487,9.9994,10.3053,27255554,0.0,1.0
2010-11-26,10.2928,10.299,9.91202,10.0368,15970901,0.0,1.0
2010-11-29,10.1367,10.2865,9.86208,10.1742,20947118,0.0,1.0
2010-11-30,10.0681,10.299,9.66858,9.8496,26652714,0.0,1.0
2010-12-01,9.73724,9.94947,9.70604,9.76845,8676607,0.0,1.0
2010-12-02,9.96195,10.0805,9.76845,9.85584,10399104,0.0,1.0
2010-12-03,9.85584,9.88705,9.27535,9.54375,23018484,0.0,1.0
2010-12-06,9.46885,9.62489,9.40643,9.46885,7975673,0.0,1.0
2010-12-07,9.46885,9.70604,9.20045,9.67483,11961600,0.0,1.0
2010-12-08,9.66858,9.83087,9.48133,9.49381,8561771,0.0,1.0
2010-12-09,9.5063,9.53751,9.30656,9.45636,7122348,0.0,1.0
2010-12-10,9.45636,9.76845,9.37522,9.71228,8807146,0.0,1.0
2010-12-13,9.85584,10.1867,9.73724,10.0805,14354375,0.0,1.0
2010-12-14,10.1055,10.2491,10.0056,10.1804,12110723,0.0,1.0
2010-12-15,10.2491,10.2678,9.99316,10.0368,7779793,0.0,1.0
2010-12-16,10.0368,10.2303,9.95571,10.0056,8689288,0.0,1.0
2010-12-17,9.98692,10.2865,9.83711,10.2553,16041850,0.0,1.0
2010-12-20,10.3427,10.7359,9.98068,10.6298,31019552,0.0,1.0
2010-12-21,10.6423,11.098,10.4987,10.8982,27959901,0.0,1.0
2010-12-22,10.8608,11.0043,10.7859,10.8857,11780230,0.0,1.0
2010-12-23,10.8046,10.9232,10.3115,10.3989,16357160,0.0,1.0
2010-12-24,10.3302,10.3739,9.8496,10.0181,23489541,0.0,1.0
2010-12-27,9.95571,10.2303,9.69979,9.78094,14200189,0.0,1.0
2010-12-28,9.76845,9.8496,9.4626,9.54999,13266377,0.0,1.0
2010-12-29,9.53751,9.76845,9.48757,9.74973,7872911,0.0,1.0
2010-12-30,9.88705,9.88705,9.52502,9.82463,9713151,0.0,1.0
2010-12-31,9.89329,10.1117,9.8059,10.0556,9548021,0.0,1.0
2011-01-04,10.1117,10.299,9.9994,10.1492,8711264,0.0,1.0
2011-01-05,10.143,10.4863,9.95571,10.1991,15724912,0.0,1.0
2011-01-07,10.2678,10.299,9.86832,9.97443,16061233,0.0,1.0
2011-01-10,9.97443,9.98692,9.42515,9.50005,24638288,0.0,1.0
2011-01-11,9.49381,9.74349,9.2379,9.27535,24697007,0.0,1.0
2011-01-12,9.78094,10.2054,9.54999,9.94322,37480674,0.0,1.0
2011-01-13,9.83087,9.99316,9.68107,9.74973,9853214,0.0,1.0
2011-01-14,9.79966,9.85584,9.55623,9.69355,5044867,0.0,1.0
2011-01-17,9.67483,9.7747,9.26287,9.27535,9431866,0.0,1.0
2011-01-18,9.15675,9.36273,9.0444,9.20669,9859385,0.0,1.0
2011-01-19,9.20669,9.70604,9.17548,9.69355,9558971,0.0,1.0
2011-01-20,9.66234,9.76845,9.39394,9.66858,10172651,0.0,1.0
2011-01-21,9.61241,9.76845,9.53126,9.71228,8951447,0.0,1.0
2011-01-24,9.71228,9.79966,9.39394,9.63113,7914071,0.0,1.0
2011-01-25,9.61241,9.61241,9.36898,9.40643,4957505,0.0,1.0
2011-01-26,9.42515,9.61241,9.3877,9.54375,3220312,0.0,1.0
2011-01-27,9.43764,9.72476,9.42515,9.53751,8629706,0.0,1.0
2011-01-28,9.54375,9.69355,9.3877,9.67483,7871793,0.0,1.0
2011-01-31,9.68107,9.88081,9.43139,9.79342,9943483,0.0,1.0
2011-02-01,9.96195,10.2116,9.7747,10.143,14465999,0.0,1.0
2011-02-09,10.0805,10.0993,9.89329,10.0556,9249089,0.0,1.0
2011-02-10,9.98068,10.5424,9.93698,10.4863,17912617,0.0,1.0
2011-02-11,10.5237,10.7859,10.3302,10.6111,19440586,0.0,1.0
2011-02-14,10.6735,11.0168,10.5549,10.9232,30779239,0.0,1.0
2011-02-15,10.9856,11.0043,10.7359,10.7484,16144802,0.0,1.0
2011-02-16,10.6798,10.9981,10.6798,10.9606,18206443,0.0,1.0
2011-02-17,10.9981,11.1417,10.7796,10.8108,14646354,0.0,1.0
2011-02-18,10.8108,10.8108,10.4987,10.505,14041327,0.0,1.0
2011-02-21,10.4114,11.5536,10.3677,11.5536,43534884,0.0,1.0
2011-02-22,11.7846,11.7846,11.098,11.2478,33224847,0.0,1.0
2011-02-23,11.1978,12.0842,11.1916,11.8532,34715897,0.0,1.0
2011-02-24,11.8595,12.0405,11.5162,11.8407,18163632,0.0,1.0
2011-02-25,11.8595,12.0093,11.641,11.7346,11861294,0.0,1.0
2011-02-28,11.7346,11.8595,11.3664,11.8345,16658259,0.0,1.0
2011-03-01,11.847,11.9156,11.1854,11.4288,33713332,0.0,1.0
2011-03-02,11.4225,11.4225,10.9794,11.2228,18558366,0.0,1.0
2011-03-03,11.3289,11.3476,10.7671,10.7921,15000575,0.0,1.0
2011-03-04,10.8046,11.1729,10.6423,11.1666,16559588,0.0,1.0
2011-03-07,11.1042,11.3539,10.8608,10.9294,22652777,0.0,1.0
2011-03-08,11.1417,11.2603,10.9357,11.0355,15273233,0.0,1.0
2011-03-09,11.0605,11.2727,10.9045,11.2603,18419689,0.0,1.0
2011-03-10,11.2603,11.2603,10.9544,10.9856,13094986,0.0,1.0
2011-03-11,10.9856,11.2353,10.8171,10.8608,18446692,0.0,1.0
2011-03-14,10.892,11.2977,10.867,11.2603,17543717,0.0,1.0
2011-03-15,11.1916,11.2353,10.6798,10.9856,17041795,0.0,1.0
2011-03-16,10.9544,11.1042,10.8108,11.073,12676565,0.0,1.0
2011-03-17,10.9856,11.1791,10.842,10.8795,16775071,0.0,1.0
2011-03-18,10.9232,10.9856,10.5861,10.8857,16571741,0.0,1.0
2011-03-22,10.8857,11.0231,10.711,10.9294,11496274,0.0,1.0
2011-03-23,11.0106,11.3913,10.8608,11.3164,27308450,0.0,1.0
2011-03-24,11.3227,11.4225,11.1541,11.2915,17969122,0.0,1.0
2011-03-25,11.3476,11.9531,11.2977,11.8095,37317504,0.0,1.0
2011-03-28,11.8158,12.0654,11.6847,11.7846,26400743,0.0,1.0
2011-03-29,11.7658,11.8907,11.4537,11.4725,15822101,0.0,1.0
2011-03-30,11.4725,11.7971,11.3039,11.666,17051691,0.0,1.0
2011-03-31,11.666,11.7846,11.3664,11.4225,10912578,0.0,1.0
2011-04-01,11.5037,11.6535,11.4225,11.5786,5938649,0.0,1.0
2011-04-06,11.4974,11.5162,11.0418,11.1292,15803467,0.0,1.0
2011-04-07,11.0917,11.1541,10.9357,11.1417,13866588,0.0,1.0
2011-04-08,11.2353,11.2852,10.9232,10.9731,18932339,0.0,1.0
2011-04-11,10.9981,11.2353,10.9669,11.0043,9008674,0.0,1.0
2011-04-12,11.0043,11.1729,10.8358,10.9606,8295219,0.0,1.0
2011-04-13,10.9107,11.0605,10.8608,11.0168,6245371,0.0,1.0
2011-04-14,11.0168,11.1292,10.9045,11.0605,7472036,0.0,1.0
2011-04-15,11.048,11.1042,10.9045,11.0168,9276721,0.0,1.0
2011-04-18,11.0168,11.0792,10.8483,10.9107,13190194,0.0,1.0
2011-04-19,10.842,10.842,10.4863,10.5924,16597050,0.0,1.0
2011-04-20,10.6922,10.7359,10.299,10.4488,13650669,0.0,1.0
2011-04-21,10.4551,10.6111,10.3926,10.4738,7153653,0.0,1.0
2011-04-22,10.5362,10.9419,10.4675,10.8608,18346680,0.0,1.0
2011-04-25,10.8608,11.0792,10.5487,10.7234,11002851,0.0,1.0
2011-04-26,10.7234,10.8857,10.5362,10.7047,9411151,0.0,1.0
2011-04-27,10.8296,10.9544,10.7047,10.8857,10962907,0.0,1.0
2011-04-28,10.9731,10.9794,10.2241,10.2491,7677630,0.0,1.0
2011-04-29,10.3614,10.5175,10.2054,10.505,6071253,0.0,1.0
2011-05-03,10.5487,10.7047,10.4238,10.6236,3531598,0.0,1.0
2011-05-04,10.4363,10.6111,9.78718,9.98068,14393919,0.0,1.0
2011-05-05,9.98692,10.2678,9.72476,10.1492,10832306,0.0,1.0
2011-05-06,10.0431,10.3115,9.86208,10.2803,7285232,0.0,1.0
2011-05-09,10.299,10.3614,9.98068,10.2241,5876512,0.0,1.0
2011-05-10,10.2241,10.2616,9.99316,10.1742,5305895,0.0,1.0
2011-05-11,10.118,10.4238,10.0244,10.3864,5817198,0.0,1.0
2011-05-12,10.3302,10.9232,10.3177,10.7359,17043116,0.0,1.0
2011-05-13,10.842,10.9731,10.711,10.8296,10942924,0.0,1.0
2011-05-16,10.7734,11.229,10.7734,10.9045,9936158,0.08505,1.0
2011-05-17,10.8233,11.0231,10.661,10.9981,6743640,0.0,1.0
2011-05-18,10.9544,11.0667,10.7547,10.9107,4830010,0.0,1.0
2011-05-19,10.8483,10.9232,10.5237,10.686,6610275,0.0,1.0
2011-05-20,10.686,10.7359,10.299,10.3053,7056449,0.0,1.0
2011-05-23,10.2366,10.4426,9.97443,10.1617,8335576,0.0,1.0
2011-05-24,10.1617,10.2928,10.0493,10.1867,2937097,0.0,1.0
2011-05-25,10.1117,10.2678,10.0431,10.0805,2740246,0.0,1.0
2011-05-26,10.1804,10.2616,9.79966,9.83087,4654848,0.0,1.0
2011-05-27,9.89329,9.98068,9.73724,9.83087,7477375,0.0,1.0
2011-05-30,9.83087,9.87456,9.61865,9.76221,3967431,0.0,1.0
2011-05-31,9.75597,9.83087,9.67483,9.74349,5649151,0.0,1.0
2011-06-01,9.76845,10.324,9.70604,10.1929,12451599,0.0,1.0
2011-06-02,10.0805,10.2928,9.98068,9.99316,7182834,0.0,1.0
2011-06-03,9.93074,10.3053,9.89329,10.1991,6735429,0.0,1.0
2011-06-07,10.2179,10.2865,10.0618,10.1742,3598968,0.0,1.0
2011-06-08,10.1929,10.3302,10.1305,10.2678,4718961,0.0,1.0
2011-06-09,10.2366,10.3115,9.89953,9.89953,4407912,0.0,1.0
2011-06-10,9.8059,10.0181,9.79966,9.96819,3670647,0.0,1.0
2011-06-13,9.91202,10.0181,9.82463,9.8496,2814721,0.0,1.0
2011-06-14,9.83711,10.2678,9.79966,10.2366,6598487,0.0,1.0
2011-06-15,10.1679,10.2616,10.0493,10.1117,4288326,0.0,1.0
2011-06-16,10.1117,10.1742,9.90577,9.94322,3098606,0.0,1.0
2011-06-17,9.97443,10.1055,9.79966,9.8496,2582084,0.0,1.0
2011-06-20,9.8496,9.87456,9.60617,9.72476,5920200,0.0,1.0
2011-06-21,9.76845,9.85584,9.36273,9.68731,9831712,0.0,1.0
2011-06-22,9.67483,9.76845,9.5812,9.72476,2909837,0.0,1.0
2011-06-23,9.69979,9.94322,9.61865,9.89329,3341514,0.0,1.0
2011-06-24,9.83087,10.2865,9.83087,10.1305,11955938,0.0,1.0
2011-06-27,10.2054,10.4176,10.143,10.2054,6705866,0.0,1.0
2011-06-28,10.2366,10.299,10.1117,10.143,4130356,0.0,1.0
2011-06-29,10.143,10.2241,9.98068,9.98692,5423822,0.0,1.0
2011-06-30,9.9994,10.3302,9.9994,10.274,7808843,0.0,1.0
2011-07-01,10.3302,10.5487,10.1679,10.505,10086963,0.0,1.0
2011-07-04,10.6049,10.8296,10.4863,10.7359,16668282,0.0,1.0
2011-07-05,10.661,10.7297,10.5362,10.6735,8094729,0.0,1.0
2011-07-06,10.8171,10.8296,10.3926,10.7609,21997824,0.0,1.0
2011-07-07,10.7422,11.1229,10.5986,10.8795,18501381,0.0,1.0
2011-07-08,10.8857,11.3289,10.8733,11.1541,20704752,0.0,1.0
2011-07-11,11.1729,11.2041,10.9232,11.1042,8166720,0.0,1.0
2011-07-12,10.9856,11.1854,10.7984,10.9045,9617347,0.0,1.0
2011-07-13,10.8982,11.2852,10.867,11.2415,14914823,0.0,1.0
2011-07-14,11.254,11.3476,11.1292,11.279,12372491,0.0,1.0
2011-07-15,11.2353,11.6597,11.1729,11.5599,18424690,0.0,1.0
2011-07-18,11.5848,11.7721,11.485,11.5723,15296239,0.0,1.0
2011-07-19,11.616,11.6597,11.1354,11.3039,13130202,0.0,1.0
2011-07-20,11.3476,11.3788,11.0543,11.2852,7184995,0.0,1.0
2011-07-21,11.2727,11.2727,11.1104,11.1978,5944947,0.0,1.0
2011-07-22,11.1854,11.279,10.9107,11.2041,6508653,0.0,1.0
2011-07-25,11.1292,11.2353,10.6673,10.7796,8126568,0.0,1.0
2011-07-26,10.7359,11.2041,10.7359,11.073,9845442,0.0,1.0
2011-07-27,10.8358,11.254,10.8358,11.1354,7739021,0.0,1.0
2011-07-28,11.0293,11.3102,10.9232,11.1978,8262937,0.0,1.0
2011-07-29,11.1292,11.3913,11.0855,11.1854,9186567,0.0,1.0
2011-08-01,11.1916,11.3289,11.0043,11.1604,4934347,0.0,1.0
2011-08-02,10.9544,11.048,10.7047,10.8171,10816702,0.0,1.0
2011-08-03,10.7671,10.892,10.6735,10.6985,6063459,0.0,1.0
2011-08-04,10.7671,10.9669,10.711,10.8296,4911237,0.0,1.0
2011-08-05,10.5799,10.8795,10.4301,10.8733,8316863,0.0,1.0
2011-08-08,10.5737,10.8545,10.2241,10.2366,11479625,0.0,1.0
2011-08-09,9.9245,10.6111,9.72476,10.2491,14944648,0.0,1.0
2011-08-10,10.274,10.48,10.2054,10.2678,7497777,0.0,1.0
2011-08-11,10.1492,10.4238,10.0056,10.3989,9146308,0.0,1.0
2011-08-12,10.4925,10.5986,10.3427,10.4051,10683821,0.0,1.0
2011-08-15,10.3926,10.4987,10.2678,10.4551,12636704,0.0,1.0
2011-08-16,10.4925,10.6673,10.4051,10.6361,12930052,0.0,1.0
2011-08-17,10.6361,10.7297,10.5362,10.6673,5241970,0.0,1.0
2011-08-18,10.7172,10.7172,10.4738,10.5674,4942123,0.0,1.0
2011-08-19,10.1804,10.5612,10.1492,10.3926,8362062,0.0,1.0
2011-08-22,10.3739,10.4176,9.85584,10.0556,10691773,0.0,1.0
2011-08-23,10.0556,10.1492,9.97443,10.0556,5532802,0.0,1.0
2011-08-24,10.1804,10.2678,9.98068,10.0431,4255901,0.0,1.0
2011-08-25,10.0681,10.3115,9.93698,10.2678,9223877,0.0,1.0
2011-08-26,10.2366,10.6423,10.2116,10.6236,11394379,0.0,1.0
2011-08-29,10.6735,10.6735,10.4301,10.4675,4442559,0.0,1.0
2011-08-30,10.5986,10.7172,10.1117,10.1492,19369583,0.0,1.0
2011-08-31,10.1305,10.2303,9.91202,10.0493,9110056,0.0,1.0
2011-09-01,10.0493,10.0993,9.68107,9.91202,18700103,0.0,1.0
2011-09-02,9.8496,9.8496,9.59368,9.76221,10119997,0.0,1.0
2011-09-05,9.73724,9.73724,9.37522,9.38146,9163465,0.0,1.0
2011-09-06,9.30032,9.42515,9.163,9.39394,8665732,0.0,1.0
2011-09-07,9.43764,9.60617,9.43764,9.57496,4643318,0.0,1.0
2011-09-08,9.60617,9.67483,9.51878,9.57496,4887785,0.0,1.0
2011-09-09,9.58744,9.70604,9.20669,9.55623,8532361,0.0,1.0
2011-09-13,9.39394,9.48133,9.17548,9.44388,5614352,0.0,1.0
2011-09-14,9.45012,9.48757,9.20045,9.46885,6360739,0.0,1.0
2011-09-15,9.46885,9.76845,9.45636,9.61241,8427389,0.0,1.0
2011-09-16,9.62489,9.79342,9.62489,9.78094,10412810,0.0,1.0
2011-09-19,9.69979,9.78094,9.36273,9.57496,4344764,0.0,1.0
2011-09-20,9.58744,9.59992,9.37522,9.58744,3975238,0.0,1.0
2011-09-21,9.67483,9.88705,9.54999,9.82463,7424172,0.0,1.0
2011-09-22,9.75597,9.83087,9.54999,9.68107,7846308,0.0,1.0
2011-09-23,9.64986,9.64986,9.43764,9.61241,5666227,0.0,1.0
2011-09-26,9.44388,9.78718,9.44388,9.63738,6585270,0.0,1.0
2011-09-27,9.76845,9.8496,9.57496,9.62489,5457705,0.0,1.0
2011-09-28,9.73724,9.83711,9.39394,9.58744,9198343,0.0,1.0
2011-09-29,9.42515,9.48757,9.2379,9.40019,5021440,0.0,1.0
2011-09-30,9.52502,9.52502,9.3128,9.42515,5913497,0.0,1.0
2011-10-10,9.40643,9.731,9.3128,9.63738,5229690,0.0,1.0
2011-10-11,9.74973,9.81839,9.4626,9.64986,8722677,0.0,1.0
2011-10-12,9.51878,9.9994,9.41891,9.87456,17854405,0.0,1.0
2011-10-13,9.83087,10.1804,9.79966,10.1055,24013468,0.0,1.0
2011-10-14,10.0805,10.3614,9.99316,10.2241,33811842,0.0,1.0
2011-10-17,10.2054,10.3614,10.143,10.1867,41610531,0.0,1.0
2011-10-18,10.0993,10.0993,9.16924,9.25662,27851474,0.0,1.0
2011-10-19,9.2379,9.35025,8.66989,9.00695,20788213,0.0,1.0
2011-10-20,8.98823,9.03816,8.64493,8.8946,15224875,0.0,1.0
2011-10-21,8.88836,8.88836,8.58251,8.75728,13066786,0.0,1.0
2011-10-24,8.73855,8.81345,8.41398,8.70734,14601328,0.0,1.0
2011-10-25,8.75104,9.02568,8.68238,8.93205,9911758,0.0,1.0
2011-10-26,8.88211,9.163,8.78849,9.1193,13901980,0.0,1.0
2011-10-27,9.09434,9.14427,8.95077,8.98198,8644264,0.0,1.0
2011-10-28,9.19421,9.2379,8.94453,8.98823,13318147,0.0,1.0
2011-10-31,8.98823,9.08185,8.87587,9.0444,13880690,0.0,1.0
2011-11-01,8.9695,9.27535,8.95077,9.2379,11400904,0.0,1.0
2011-11-02,9.05064,9.26287,8.95702,9.23166,17683695,0.0,1.0
2011-11-03,9.28783,9.5063,9.24414,9.34401,10789082,0.0,1.0
2011-11-04,9.45636,9.48757,9.3128,9.35025,7091327,0.0,1.0
2011-11-07,9.31904,9.5063,9.3128,9.37522,6156961,0.0,1.0
2011-11-08,9.36898,9.48133,9.3128,9.35025,6312467,0.0,1.0
2011-11-09,9.41267,9.47509,9.30032,9.44388,5165515,0.0,1.0
2011-11-10,9.36273,9.45012,9.28783,9.36898,7180631,0.0,1.0
2011-11-11,9.41267,9.67483,9.32528,9.59368,9492395,0.0,1.0
2011-11-14,9.63738,9.93698,9.59368,9.86832,21072567,0.0,1.0
2011-11-15,9.83711,9.95571,9.79966,9.88705,8563516,0.0,1.0
2011-11-16,9.8496,9.94322,9.63113,9.67483,10045136,0.0,1.0
2011-11-17,9.731,9.88081,9.66234,9.67483,6290433,0.0,1.0
2011-11-18,9.61241,9.70604,9.36273,9.48133,8079160,0.0,1.0
2011-11-21,9.50005,9.51878,9.3877,9.47509,2972976,0.0,1.0
2011-11-22,9.42515,9.55623,9.25662,9.54999,5502790,0.0,1.0
2011-11-23,9.57496,9.74973,9.47509,9.69355,7653849,0.0,1.0
2011-11-24,9.66234,9.66234,9.48757,9.5812,2711588,0.0,1.0
2011-11-25,9.56871,9.6561,9.40643,9.53126,3294015,0.0,1.0
2011-11-28,9.5812,9.61241,9.43139,9.49381,4465570,0.0,1.0
2011-11-29,9.58744,9.86208,9.53751,9.78094,7220897,0.0,1.0
2011-11-30,9.76221,9.79342,9.17548,9.33777,10430158,0.0,1.0
2011-12-01,9.55623,9.72476,9.44388,9.5812,9900590,0.0,1.0
2011-12-02,9.48133,9.56871,9.33153,9.41891,3804286,0.0,1.0
2011-12-05,9.5063,9.5063,8.73855,8.95077,7720002,0.0,1.0
2011-12-06,8.90084,8.97574,8.68862,8.9695,2784827,0.0,1.0
2011-12-07,8.9695,9.01943,8.83218,8.97574,1525014,0.0,1.0
2011-12-08,8.9695,9.11306,8.78225,9.00071,3310191,0.0,1.0
2011-12-09,8.92581,9.10058,8.80721,9.0444,3899994,0.0,1.0
2011-12-12,8.98823,9.00071,8.73231,8.79473,2297862,0.0,1.0
2011-12-13,8.67613,8.87587,8.53881,8.60123,4259666,0.0,1.0
2011-12-14,8.52633,8.67613,8.27666,8.45767,4323464,0.0,1.0
2011-12-15,8.30162,8.43894,7.98953,8.10189,5035394,0.0,1.0
2011-12-16,8.05195,8.29538,7.90215,8.22672,6472300,0.0,1.0
2011-12-19,8.05819,8.08316,7.60878,7.88966,10430888,0.0,1.0
2011-12-20,7.72738,7.98953,7.67744,7.85846,5050217,0.0,1.0
2011-12-21,7.91463,8.06444,7.76483,7.77107,3831731,0.0,1.0
2011-12-22,7.77107,7.8647,7.4777,7.77107,7642589,0.0,1.0
2011-12-23,7.77107,7.92712,7.67744,7.87094,3834080,0.0,1.0
2011-12-26,7.77731,7.98953,7.49019,7.95208,5860086,0.0,1.0
2011-12-27,7.95208,8.03323,7.79604,7.88342,3290721,0.0,1.0
2011-12-28,7.7898,7.92712,7.5214,7.85846,8815854,0.0,1.0
2011-12-29,7.70865,7.87094,7.54636,7.80228,7098077,0.0,1.0
2011-12-30,7.7461,8.1331,7.7461,8.07068,10509311,0.0,1.0
2012-01-04,8.05195,8.1643,7.73986,7.73986,4493786,0.0,1.0
2012-01-05,7.73986,7.73986,7.73986,7.73986,0,0.0,1.0
2012-01-06,7.5963,7.5963,6.96587,7.29045,8631879,0.0,1.0
2012-01-09,7.24676,7.73362,7.00333,7.66496,18795369,0.0,1.0
2012-01-10,7.5214,7.97705,7.4465,7.95832,17258594,0.0,1.0
2012-01-11,7.93336,8.17679,7.92712,7.97705,11328844,0.0,1.0
2012-01-12,7.98953,8.11437,7.95832,7.99578,7182341,0.0,1.0
2012-01-13,7.99578,8.06444,7.45274,7.79604,11451899,0.0,1.0
2012-01-16,7.6712,7.68368,7.42777,7.4465,3415747,0.0,1.0
2012-01-17,7.4777,8.07068,7.36535,7.8647,12027768,0.0,1.0
2012-01-18,7.8647,7.95832,7.58382,7.60254,6903012,0.0,1.0
2012-01-19,7.68368,7.8647,7.60254,7.72114,5743644,0.0,1.0
2012-01-20,7.79604,7.97705,7.72738,7.90215,8499150,0.0,1.0
2012-01-30,7.87094,7.90215,7.71489,7.73362,5669938,0.0,1.0
2012-01-31,7.6712,7.80228,7.6712,7.7898,2767159,0.0,1.0
2012-02-01,7.80228,7.88342,7.58382,7.73362,5278245,0.0,1.0
2012-02-02,7.73362,7.85846,7.61502,7.85221,6857980,0.0,1.0
2012-02-03,7.8647,8.21424,7.78355,8.15806,14618931,0.0,1.0
2012-02-06,8.15806,8.22672,8.07068,8.17055,10018472,0.0,1.0
2012-02-07,8.11437,8.208,8.02074,8.20176,10014199,0.0,1.0
2012-02-08,8.17679,8.48264,8.15182,8.43894,21104318,0.0,1.0
2012-02-09,8.40149,8.56378,8.23921,8.25793,29216805,0.0,1.0
2012-02-10,8.17679,8.23296,7.97081,8.10189,44537900,0.0,1.0
2012-02-13,8.208,8.208,7.92712,7.95208,66455586,0.0,1.0
2012-02-14,7.9625,7.9625,7.9625,7.9625,0,0.0,1.0
2012-02-15,7.9625,7.9625,7.9625,7.9625,0,0.0,1.0
2012-02-16,7.9625,7.9625,7.9625,7.9625,0,0.0,1.0
2012-02-17,7.9625,7.9625,7.9625,7.9625,0,0.0,1.0
2012-02-20,8.00625,8.1875,7.9375,8.00625,40448170,0.0,1.0
2012-02-21,8.00625,8.01875,7.76875,7.95625,21382298,0.0,1.0
2012-02-22,7.9375,8.19375,7.88125,8.1625,43493690,0.0,1.0
2012-02-23,8.2625,8.34375,8.0875,8.18125,42315283,0.0,1.0
2012-02-24,8.175,8.3625,8.175,8.34375,40438872,0.0,1.0
2012-02-27,8.43125,8.58125,8.3625,8.4,67685381,0.0,1.0
2012-02-28,8.34375,8.4125,8.1875,8.24375,34610917,0.0,1.0
2012-02-29,8.09375,8.3375,8.0125,8.05625,82071190,0.0,1.0
2012-03-01,7.9875,8.125,7.9875,8.0375,21629379,0.0,1.0
2012-03-02,8.0625,8.26875,8.025,8.2625,51731533,0.0,1.0
2012-03-05,8.2625,8.44375,8.25,8.30625,56505333,0.0,1.0
2012-03-06,8.2625,8.38125,8.1375,8.15625,38333216,0.0,1.0
2012-03-07,8.025,8.0375,7.825,7.9,52084018,0.0,1.0
2012-03-08,7.925,7.9625,7.83125,7.9125,44552931,0.0,1.0
2012-03-09,7.9375,8.03125,7.85,7.99375,35346360,0.0,1.0
2012-03-12,7.98125,8.0375,7.88125,7.94375,31412766,0.0,1.0
2012-03-13,7.95625,8.10625,7.9125,8.1,39993170,0.0,1.0
2012-03-14,8.11875,8.26875,7.81875,7.95,96917222,0.0,1.0
2012-03-15,7.9,7.95625,7.60625,7.68125,44181106,0.0,1.0
2012-03-16,7.6625,7.7875,7.53125,7.775,36475237,0.0,1.0
2012-03-19,7.70625,7.76875,7.6,7.70625,29599038,0.0,1.0
2012-03-20,7.66875,7.66875,7.40625,7.41875,29700971,0.0,1.0
2012-03-21,7.46875,7.50625,7.25,7.35625,27019974,0.0,1.0
2012-03-22,7.34375,7.46875,7.2875,7.38125,14905486,0.0,1.0
2012-03-23,7.38125,7.38125,7.19375,7.24375,18906928,0.0,1.0
2012-03-26,7.2,7.25625,7.05625,7.0875,24401565,0.0,1.0
2012-03-27,7.13125,7.3,7.13125,7.2875,26615078,0.0,1.0
2012-03-28,7.25,7.2625,7.05,7.1625,21135816,0.0,1.0
2012-03-29,7.125,7.45625,7.08125,7.34375,31648931,0.0,1.0
2012-03-30,7.34375,7.425,7.20625,7.38125,15595258,0.0,1.0
2012-04-05,7.325,7.58125,7.3125,7.5625,32075037,0.0,1.0
2012-04-06,7.5375,7.5375,7.4,7.40625,21277254,0.0,1.0
2012-04-09,7.40625,7.40625,7.40625,7.40625,0,0.0,1.0
2012-04-10,7.2375,7.275,6.95625,7.2125,32379440,0.0,1.0
2012-04-11,7.10625,7.2125,7.0375,7.15625,17602787,0.0,1.0
2012-04-12,7.20625,7.33125,7.15625,7.28125,18176797,0.0,1.0
2012-04-13,7.2875,7.375,7.26875,7.2875,17106365,0.0,1.0
2012-04-16,7.25,7.53125,7.1875,7.40625,21642726,0.0,1.0
2012-04-17,7.4375,7.475,7.33125,7.3375,12224302,0.0,1.0
2012-04-18,7.375,7.56875,7.325,7.525,26477918,0.0,1.0
2012-04-19,7.5,7.53125,7.375,7.4375,14355155,0.0,1.0
2012-04-20,7.41875,7.475,7.38125,7.45,12609128,0.0,1.0
2012-04-23,7.35,7.35,6.98125,7.01875,46108842,0.0,1.0
2012-04-24,7.025,7.1,6.825,6.925,33237571,0.0,1.0
2012-04-25,6.89375,7.175,6.78125,7.06875,32586259,0.0,1.0
2012-04-26,7.05625,7.05625,6.9,6.975,15472914,0.0,1.0
2012-04-27,7.00625,7.075,6.91875,7.0125,13088546,0.0,1.0
2012-05-02,7.1875,7.20625,7.01875,7.1625,30849352,0.0,1.0
2012-05-03,7.1375,7.2,7.1125,7.1625,13713539,0.0,1.0
2012-05-04,7.18125,7.19375,7.08125,7.1375,19598298,0.0,1.0
2012-05-07,7.1,7.15,7.025,7.1125,23415395,0.0,1.0
2012-05-08,7.11875,7.24375,7.09375,7.21875,25136886,0.0,1.0
2012-05-09,7.175,7.175,7.0375,7.0875,18695160,0.0,1.0
2012-05-10,7.06875,7.1125,7.00625,7.01875,14119851,0.0,1.0
2012-05-11,7.025,7.05,6.95,6.95625,10166574,0.0,1.0
2012-05-14,7.0125,7.04375,6.925,6.9375,15656614,0.0,1.0
2012-05-15,6.8875,6.9625,6.86875,6.9375,12051069,0.0,1.0
2012-05-16,6.9375,6.95,6.8625,6.8875,10291070,0.0,1.0
2012-05-17,6.8875,7.0125,6.88125,6.9625,13858998,0.0,1.0
2012-05-18,6.9625,6.9625,6.9625,6.9625,0,0.0,1.0
2012-05-21,6.90625,6.925,6.8125,6.84375,10498216,0.0,1.0
2012-05-22,6.86875,6.91875,6.825,6.9125,10708174,0.0,1.0
2012-05-23,6.89375,6.9,6.76875,6.775,14501064,0.0,1.0
2012-05-24,6.75,6.8125,6.4375,6.5,33111845,0.0,1.0
2012-05-25,6.5,6.5125,6.19375,6.24375,30251902,0.0,1.0
2012-05-28,6.2125,6.3875,6.19375,6.3625,16560696,0.0,1.0
2012-05-29,6.41875,6.78125,6.4125,6.71875,32434171,0.0,1.0
2012-05-30,6.6875,6.80625,6.63125,6.7125,17950312,0.0,1.0
2012-05-31,6.6625,6.76875,6.63125,6.7625,18146152,0.0,1.0
2012-06-01,6.76875,6.825,6.6875,6.74375,16374350,0.0,1.0
2012-06-04,6.44,6.45,6.23,6.27,11278046,0.15049,1.0
2012-06-05,6.26,6.36,6.05,6.08,17386832,0.0,1.0
2012-06-06,6.1,6.2,6.05,6.1,8143279,0.0,1.0
2012-06-07,6.18,6.21,5.93,5.95,15297071,0.0,1.0
2012-06-08,6,6.02,5.7,5.72,25902751,0.0,1.0
2012-06-11,5.78,5.82,5.59,5.76,19474948,0.0,1.0
2012-06-12,5.7,5.82,5.62,5.8,12610612,0.0,1.0
2012-06-13,5.78,6.07,5.77,6.06,22890974,0.0,1.0
2012-06-14,6.02,6.11,5.96,6.05,12384154,0.0,1.0
2012-06-15,6.05,6.08,5.89,6,10437363,0.0,1.0
2012-06-18,6.02,6.08,5.99,6.03,9471582,0.0,1.0
2012-06-19,6.03,6.07,5.95,5.99,7365292,0.0,1.0
2012-06-20,5.98,6.05,5.94,5.97,10258899,0.0,1.0
2012-06-21,5.96,5.97,5.84,5.92,9035097,0.0,1.0
2012-06-25,5.89,5.91,5.8,5.84,5704512,0.0,1.0
2012-06-26,5.78,5.89,5.75,5.86,8901495,0.0,1.0
2012-06-27,5.85,5.98,5.81,5.88,12325136,0.0,1.0
2012-06-28,5.87,5.93,5.75,5.82,11038579,0.0,1.0
2012-06-29,5.8,6.01,5.76,5.97,19200872,0.0,1.0
2012-07-02,5.92,5.99,5.9,5.96,9050041,0.0,1.0
2012-07-03,5.95,6.05,5.93,5.97,10490339,0.0,1.0
2012-07-04,5.99,6.05,5.95,6.01,10312185,0.0,1.0
2012-07-05,5.97,6,5.87,5.94,10700030,0.0,1.0
2012-07-06,5.95,5.99,5.75,5.97,21510361,0.0,1.0
2012-07-09,5.88,5.92,5.6,5.65,25311109,0.0,1.0
2012-07-10,5.64,5.68,5.28,5.34,24581028,0.0,1.0
2012-07-11,5.35,5.44,5,5.39,39728292,0.0,1.0
2012-07-12,5.38,5.57,5.09,5.5,23240123,0.0,1.0
2012-07-13,5.43,5.57,5.38,5.53,15887162,0.0,1.0
2012-07-16,5.5,5.53,5.3,5.39,14288349,0.0,1.0
2012-07-17,5.37,5.41,5.33,5.37,5574693,0.0,1.0
2012-07-18,5.37,5.4,5.3,5.39,5148776,0.0,1.0
2012-07-19,5.39,5.5,5.35,5.42,7760870,0.0,1.0
2012-07-20,5.39,5.42,5.29,5.41,9045575,0.0,1.0
2012-07-23,5.35,5.37,5.26,5.33,7728133,0.0,1.0
2012-07-24,5.3,5.38,5.27,5.34,6110185,0.0,1.0
2012-07-25,5.32,5.36,5.27,5.32,6725148,0.0,1.0
2012-07-26,5.32,5.38,5.27,5.28,6067474,0.0,1.0
2012-07-27,5.29,5.33,5.22,5.3,4533202,0.0,1.0
2012-07-30,5.32,5.32,5.18,5.21,5124444,0.0,1.0
2012-07-31,5.21,5.24,4.96,5.11,12791153,0.0,1.0
2012-08-01,5.09,5.17,5.06,5.11,5928526,0.0,1.0
2012-08-02,5.08,5.14,5.01,5.1,6146822,0.0,1.0
2012-08-03,5.1,5.12,5.04,5.11,7068245,0.0,1.0
2012-08-06,5.13,5.34,5.07,5.27,14487277,0.0,1.0
2012-08-07,5.23,5.31,5.23,5.28,6348820,0.0,1.0
2012-08-08,5.27,5.33,5.22,5.26,8638418,0.0,1.0
2012-08-09,5.26,5.3,5.19,5.29,7189945,0.0,1.0
2012-08-10,5.28,5.69,5.27,5.49,20022965,0.0,1.0
2012-08-13,5.49,5.49,5.31,5.38,13060801,0.0,1.0
2012-08-14,5.38,5.42,5.22,5.4,10353909,0.0,1.0
2012-08-15,5.38,5.45,5.3,5.3,8427569,0.0,1.0
2012-08-16,5.28,5.3,5.18,5.23,8622480,0.0,1.0
2012-08-17,5.23,5.32,5.22,5.31,7038124,0.0,1.0
2012-08-20,5.23,5.31,5.2,5.27,3592412,0.0,1.0
2012-08-21,5.28,5.5,5.23,5.34,10727352,0.0,1.0
2012-08-22,5.35,5.39,5.24,5.27,7864934,0.0,1.0
2012-08-23,5.28,5.33,5.25,5.3,5028487,0.0,1.0
2012-08-24,5.3,5.31,5.24,5.26,6792463,0.0,1.0
2012-08-27,5.23,5.23,4.98,5.04,12196155,0.0,1.0
2012-08-28,5.04,5.11,4.97,5.05,6892719,0.0,1.0
2012-08-29,5.08,5.26,5.06,5.2,10892043,0.0,1.0
2012-08-30,5.23,5.26,5.15,5.21,8770854,0.0,1.0
2012-08-31,5.17,5.25,5.17,5.24,5572384,0.0,1.0
2012-09-03,5.2,5.35,5.2,5.31,9011544,0.0,1.0
2012-09-04,5.27,5.32,5.23,5.24,7770534,0.0,1.0
2012-09-05,5.21,5.39,5.21,5.36,9756825,0.0,1.0
2012-09-06,5.36,5.4,5.33,5.36,7172543,0.0,1.0
2012-09-07,5.4,5.6,5.37,5.57,20830410,0.0,1.0
2012-09-10,5.59,5.85,5.54,5.83,29914123,0.0,1.0
2012-09-11,5.79,5.83,5.68,5.74,16898749,0.0,1.0
2012-09-12,5.78,5.82,5.67,5.76,11159768,0.0,1.0
2012-09-13,5.84,6.04,5.78,5.8,25872508,0.0,1.0
2012-09-14,5.85,5.9,5.7,5.79,16499674,0.0,1.0
2012-09-17,5.78,5.79,5.65,5.67,9024457,0.0,1.0
2012-09-18,5.67,5.67,5.56,5.59,6333471,0.0,1.0
2012-09-19,5.67,5.96,5.67,5.75,16652643,0.0,1.0
2012-09-20,5.69,5.71,5.52,5.54,9914195,0.0,1.0
2012-09-21,5.52,5.62,5.41,5.58,9608279,0.0,1.0
2012-09-24,5.5,5.6,5.47,5.58,5909580,0.0,1.0
2012-09-25,5.55,5.66,5.55,5.6,4991332,0.0,1.0
2012-09-26,5.61,5.65,5.46,5.5,4853484,0.0,1.0
2012-09-27,5.5,5.7,5.43,5.58,16465601,0.0,1.0
2012-09-28,5.52,5.79,5.52,5.76,12481986,0.0,1.0
2012-10-08,5.76,5.92,5.72,5.82,9428251,0.0,1.0
2012-10-09,5.85,5.94,5.85,5.86,11527560,0.0,1.0
2012-10-10,5.87,5.92,5.81,5.82,8502295,0.0,1.0
2012-10-11,5.8,5.8,5.72,5.73,6265720,0.0,1.0
2012-10-12,5.75,5.87,5.69,5.73,5126745,0.0,1.0
2012-10-15,5.79,5.79,5.68,5.78,4855465,0.0,1.0
2012-10-16,5.76,5.8,5.68,5.7,5189153,0.0,1.0
2012-10-17,5.75,5.76,5.65,5.73,4445808,0.0,1.0
2012-10-18,5.78,5.82,5.71,5.79,7609280,0.0,1.0
2012-10-19,5.77,5.8,5.65,5.66,5958138,0.0,1.0
2012-10-22,5.62,5.67,5.54,5.64,8093883,0.0,1.0
2012-10-23,5.64,5.68,5.54,5.57,6543881,0.0,1.0
2012-10-24,5.54,5.63,5.5,5.58,5023335,0.0,1.0
2012-10-25,5.6,5.61,5.49,5.5,5233123,0.0,1.0
2012-10-26,5.5,5.62,5.38,5.42,7230977,0.0,1.0
2012-10-29,5.4,5.43,5.28,5.3,5667236,0.0,1.0
2012-10-30,5.29,5.35,5.11,5.13,10393024,0.0,1.0
2012-10-31,5.15,5.25,5.13,5.21,5194487,0.0,1.0
2012-11-01,5.21,5.32,5.17,5.29,5480651,0.0,1.0
2012-11-02,5.31,5.32,5.23,5.28,4816002,0.0,1.0
2012-11-05,5.28,5.29,5.19,5.24,4612084,0.0,1.0
2012-11-06,5.22,5.25,5.11,5.16,5016024,0.0,1.0
2012-11-07,5.19,5.25,5.15,5.21,3772454,0.0,1.0
2012-11-08,5.18,5.18,5.01,5.09,7764211,0.0,1.0
2012-11-09,5.06,5.08,4.98,5.03,7941960,0.0,1.0
2012-11-12,5.05,5.11,5.02,5.06,4783146,0.0,1.0
2012-11-13,5.07,5.07,4.7,4.89,15578792,0.0,1.0
2012-11-14,4.83,4.89,4.81,4.88,4447083,0.0,1.0
2012-11-15,4.86,4.89,4.78,4.79,4051049,0.0,1.0
2012-11-16,4.79,4.82,4.7,4.81,5938319,0.0,1.0
2012-11-19,4.78,4.81,4.72,4.8,2585232,0.0,1.0
2012-11-20,4.8,4.86,4.75,4.77,2872475,0.0,1.0
2012-11-21,4.79,4.84,4.74,4.84,3741237,0.0,1.0
2012-11-22,4.83,4.83,4.74,4.75,3484460,0.0,1.0
2012-11-23,4.75,4.82,4.75,4.81,3364716,0.0,1.0
2012-11-26,4.78,4.8,4.74,4.79,3024537,0.0,1.0
2012-11-27,4.75,4.78,4.55,4.63,6075100,0.0,1.0
2012-11-28,4.6,4.64,4.46,4.49,4608846,0.0,1.0
2012-11-29,4.49,4.55,4.35,4.38,6555428,0.0,1.0
2012-11-30,4.36,4.49,4.36,4.45,10695341,0.0,1.0
2012-12-03,4.43,4.45,4.19,4.22,12171874,0.0,1.0
2012-12-04,4.22,4.29,4.02,4.24,13845668,0.0,1.0
2012-12-05,4.2,4.45,4.17,4.34,20713121,0.0,1.0
2012-12-06,4.36,4.39,4.3,4.37,7450326,0.0,1.0
2012-12-07,4.37,4.57,4.31,4.57,14748881,0.0,1.0
2012-12-10,4.61,4.67,4.54,4.62,14601375,0.0,1.0
2012-12-11,4.64,4.78,4.56,4.57,14663272,0.0,1.0
2012-12-12,4.57,4.58,4.47,4.56,8904776,0.0,1.0
2012-12-13,4.56,4.57,4.48,4.5,6979928,0.0,1.0
2012-12-14,4.5,4.83,4.49,4.77,25197782,0.0,1.0
2012-12-17,4.8,5.01,4.8,4.92,20643676,0.0,1.0
2012-12-18,4.97,5,4.88,4.94,13530770,0.0,1.0
2012-12-19,4.96,4.98,4.9,4.95,8034772,0.0,1.0
2012-12-20,4.94,5.21,4.89,5.17,23697339,0.0,1.0
2012-12-21,5.19,5.31,5.1,5.19,20497292,0.0,1.0
2012-12-24,5.2,5.4,5.18,5.25,17314855,0.0,1.0
2012-12-25,5.24,5.4,5.16,5.34,21915671,0.0,1.0
2012-12-26,5.33,5.33,5.26,5.29,13313942,0.0,1.0
2012-12-27,5.34,5.35,5.22,5.24,11050320,0.0,1.0
2012-12-28,5.28,5.33,5.22,5.3,11491545,0.0,1.0
2012-12-31,5.33,5.44,5.28,5.39,14277338,0.0,1.0
2013-01-04,5.45,5.5,5.33,5.4,11818641,0.0,1.0
2013-01-07,5.38,5.4,5.28,5.34,11299283,0.0,1.0
2013-01-08,5.34,5.38,5.22,5.31,14840803,0.0,1.0
2013-01-09,5.3,5.34,5.25,5.3,9997702,0.0,1.0
2013-01-10,5.32,5.34,5.24,5.3,13607258,0.0,1.0
2013-01-11,5.3,5.32,5.02,5.13,24125489,0.0,1.0
2013-01-14,5.12,5.37,5.08,5.37,22443919,0.0,1.0
2013-01-15,5.38,5.48,5.35,5.43,18610526,0.0,1.0
2013-01-16,5.51,5.97,5.5,5.76,56141828,0.0,1.0
2013-01-17,5.74,5.99,5.58,5.83,38852777,0.0,1.0
2013-01-18,5.86,6.13,5.7,6.08,38254910,0.0,1.0
2013-01-21,6.09,6.12,5.98,6.04,26303425,0.0,1.0
2013-01-22,6.06,6.43,5.98,6.18,36884754,0.0,1.0
2013-01-23,6.12,6.36,6.04,6.3,24544848,0.0,1.0
2013-01-24,6.31,6.38,5.91,6,26897588,0.0,1.0
2013-01-25,5.98,6.08,5.94,6.02,13378787,0.0,1.0
2013-01-28,6.05,6.43,5.99,6.32,34703724,0.0,1.0
2013-01-29,6.38,6.4,6.21,6.32,27157195,0.0,1.0
2013-01-30,6.32,6.32,6.08,6.13,26407251,0.0,1.0
2013-01-31,6.15,6.25,6.09,6.17,16640608,0.0,1.0
2013-02-01,6.13,6.24,6.03,6.09,18632177,0.0,1.0
2013-02-04,6.15,6.18,5.88,5.92,25294031,0.0,1.0
2013-02-05,5.89,6.04,5.78,5.99,20698627,0.0,1.0
2013-02-06,6.01,6.16,5.99,6.06,17871222,0.0,1.0
2013-02-07,6.06,6.14,6.02,6.09,12848559,0.0,1.0
2013-02-08,6.09,6.38,6.09,6.32,22524846,0.0,1.0
2013-02-18,6.35,6.42,6.27,6.32,16364067,0.0,1.0
2013-02-19,6.32,6.4,6.14,6.19,14592465,0.0,1.0
2013-02-20,6.2,6.3,6.16,6.28,15200223,0.0,1.0
2013-02-21,6.23,6.24,5.91,5.95,28477144,0.0,1.0
2013-02-22,5.99,6.02,5.7,5.8,32148662,0.0,1.0
2013-02-25,5.79,5.88,5.68,5.72,16453913,0.0,1.0
2013-02-26,5.7,5.76,5.58,5.65,15770333,0.0,1.0
2013-02-27,5.66,5.73,5.61,5.69,9337871,0.0,1.0
2013-02-28,5.74,6.11,5.74,6.06,31042575,0.0,1.0
2013-03-01,6.03,6.26,6.01,6.19,27466447,0.0,1.0
2013-03-04,6.36,6.59,6.14,6.22,60193739,0.0,1.0
2013-03-05,6.25,6.45,6.19,6.41,40060812,0.0,1.0
2013-03-06,6.42,6.56,6.25,6.47,43143267,0.0,1.0
2013-03-07,6.42,6.47,6.14,6.25,30754172,0.0,1.0
2013-03-08,6.23,6.6,6.21,6.58,38984784,0.0,1.0
2013-03-11,6.59,6.9,6.47,6.8,53699760,0.0,1.0
2013-03-12,6.75,6.87,6.37,6.53,45583259,0.0,1.0
2013-03-13,6.5,6.53,6.25,6.31,21696753,0.0,1.0
2013-03-14,6.25,6.39,6.25,6.31,11651442,0.0,1.0
2013-03-15,6.31,6.39,6.13,6.2,24654191,0.0,1.0
2013-03-18,6.15,6.34,6.13,6.26,13841132,0.0,1.0
2013-03-19,6.29,6.53,6.24,6.52,27397608,0.0,1.0
2013-03-20,6.52,6.76,6.49,6.63,35564173,0.0,1.0
2013-03-21,6.63,6.82,6.54,6.79,26095443,0.0,1.0
2013-03-22,6.76,6.95,6.68,6.69,30455935,0.0,1.0
2013-03-25,6.62,6.79,6.56,6.61,18348490,0.0,1.0
2013-03-26,6.63,6.66,6.47,6.54,16580947,0.0,1.0
2013-03-27,6.54,6.83,6.53,6.83,25532571,0.0,1.0
2013-03-28,6.82,6.82,6.55,6.6,24779403,0.0,1.0
2013-03-29,6.58,6.88,6.57,6.75,25922772,0.0,1.0
2013-04-01,6.7,6.94,6.61,6.9,30570537,0.0,1.0
2013-04-02,6.86,7.03,6.56,6.68,31130634,0.0,1.0
2013-04-03,6.69,6.8,6.57,6.62,17357006,0.0,1.0
2013-04-08,6.48,6.73,6.41,6.71,15585099,0.0,1.0
2013-04-09,6.72,6.84,6.62,6.69,14663547,0.0,1.0
2013-04-10,6.67,6.68,6.36,6.41,25393471,0.0,1.0
2013-04-11,6.46,6.51,6.33,6.35,13460938,0.0,1.0
2013-04-12,6.36,6.46,6.26,6.37,13910240,0.0,1.0
2013-04-15,6.42,6.5,6.27,6.32,10432983,0.0,1.0
2013-04-16,6.37,6.38,6.25,6.37,14067533,0.0,1.0
2013-04-17,6.39,6.47,6.33,6.46,10631307,0.0,1.0
2013-04-18,6.4,6.51,6.35,6.42,9442007,0.0,1.0
2013-04-19,6.42,6.58,6.39,6.41,33811144,0.0,1.0
2013-04-22,6.38,6.38,5.77,5.77,71393457,0.0,1.0
2013-04-23,5.7,5.89,5.48,5.71,39948536,0.0,1.0
2013-04-24,5.68,5.74,5.54,5.69,31727149,0.0,1.0
2013-04-25,5.64,5.64,5.48,5.54,32074693,0.0,1.0
2013-04-26,5.56,5.62,5.43,5.46,16140001,0.0,1.0
2013-05-02,5.4,5.54,5.36,5.45,12997300,0.0,1.0
2013-05-03,5.45,5.61,5.45,5.55,15249682,0.0,1.0
2013-05-06,5.55,5.75,5.55,5.72,21267786,0.0,1.0
2013-05-07,5.77,5.85,5.67,5.72,17830792,0.0,1.0
2013-05-08,5.78,5.8,5.67,5.72,14114814,0.0,1.0
2013-05-09,5.83,6.01,5.77,5.93,37485642,0.0,1.0
2013-05-10,5.88,5.96,5.83,5.9,15357788,0.0,1.0
2013-05-13,5.91,5.92,5.79,5.82,15883542,0.0,1.0
2013-05-14,5.87,5.87,5.62,5.68,15655770,0.0,1.0
2013-05-15,5.68,5.73,5.6,5.69,14655850,0.0,1.0
2013-05-16,5.66,5.81,5.62,5.8,18851067,0.0,1.0
2013-05-17,5.77,5.9,5.75,5.87,19607425,0.0,1.0
2013-05-20,5.89,6,5.88,5.9,20365659,0.0,1.0
2013-05-21,5.92,5.97,5.83,5.91,23523364,0.0,1.0
2013-05-22,5.9,6.02,5.89,5.99,30243535,0.0,1.0
2013-05-23,5.95,5.98,5.76,5.79,22417801,0.0,1.0
2013-05-24,5.8,5.9,5.74,5.88,21517920,0.0,1.0
2013-05-27,5.95,6.05,5.9,5.97,33686839,0.0,1.0
2013-05-28,5.97,6.01,5.85,5.97,22993911,0.0,1.0
2013-05-29,5.97,6.01,5.9,5.94,20667175,0.0,1.0
2013-05-30,5.93,5.95,5.87,5.91,17098497,0.0,1.0
2013-05-31,5.93,5.96,5.76,5.83,28729837,0.0,1.0
2013-06-03,5.83,5.84,5.66,5.71,29325119,0.0,1.0
2013-06-04,5.7,5.7,5.45,5.5,32709624,0.0,1.0
2013-06-05,5.51,5.6,5.49,5.53,16540575,0.0,1.0
2013-06-06,5.5,5.52,5.42,5.44,11919158,0.0,1.0
2013-06-07,5.44,5.47,5.34,5.37,13582001,0.0,1.0
2013-06-13,5.3,5.3,5.01,5.11,14211458,0.0,1.0
2013-06-14,5.14,5.17,5.07,5.15,15175047,0.0,1.0
2013-06-17,5.15,5.17,5.08,5.09,9992400,0.0,1.0
2013-06-18,5.09,5.13,5.05,5.11,11189189,0.0,1.0
2013-06-19,5.1,5.11,4.91,5.1,12499507,0.0,1.0
2013-06-20,5.1,5.3,5.04,5.12,17920055,0.0,1.0
2013-06-21,5.05,5.25,4.96,5.2,13728255,0.0,1.0
2013-06-24,5.2,5.25,4.86,4.97,13535085,0.0,1.0
2013-06-25,4.9,5.07,4.61,5.03,26203705,0.0,1.0
2013-06-26,4.93,4.94,4.71,4.81,13774367,0.17268,1.0
2013-06-27,4.86,4.86,4.74,4.8,12514453,0.0,1.0
2013-06-28,4.82,4.92,4.76,4.83,12114475,0.0,1.0
2013-07-01,4.86,4.95,4.83,4.9,11013907,0.0,1.0
2013-07-02,4.9,4.93,4.81,4.89,12503131,0.0,1.0
2013-07-03,4.89,4.89,4.72,4.77,11435947,0.0,1.0
2013-07-04,4.75,4.89,4.67,4.79,13843601,0.0,1.0
2013-07-05,4.83,4.85,4.76,4.77,11554678,0.0,1.0
2013-07-08,4.69,4.7,4.5,4.5,12938896,0.0,1.0
2013-07-09,4.48,4.53,4.36,4.38,20459111,0.0,1.0
2013-07-10,4.82,4.82,4.82,4.82,8765679,0.0,1.0
2013-07-11,5.25,5.25,5,5.1,54770614,0.0,1.0
2013-07-12,5.01,5.37,5.01,5.12,37106234,0.0,1.0
2013-07-15,5.13,5.22,5.09,5.13,20296838,0.0,1.0
2013-07-16,5.15,5.15,5.04,5.09,18597096,0.0,1.0
2013-07-17,5.09,5.1,4.92,4.95,23019125,0.0,1.0
2013-07-18,4.92,5.04,4.9,4.95,18089211,0.0,1.0
2013-07-19,5.19,5.3,4.98,5,41891233,0.0,1.0
2013-07-22,4.9,5.08,4.83,5.06,21143541,0.0,1.0
2013-07-23,5.07,5.18,5.03,5.16,26927006,0.0,1.0
2013-07-24,5.17,5.22,5.07,5.13,19277529,0.0,1.0
2013-07-25,5.13,5.29,5.09,5.16,24873267,0.0,1.0
2013-07-26,5.14,5.15,5.01,5.06,18111248,0.0,1.0
2013-07-29,5.09,5.11,4.98,5,15021823,0.0,1.0
2013-07-30,5.05,5.13,4.97,5.1,18134749,0.0,1.0
2013-07-31,5.11,5.15,5.03,5.06,13018986,0.0,1.0
2013-08-01,5.08,5.18,5.04,5.18,25581435,0.0,1.0
2013-08-02,5.18,5.2,5.11,5.13,14715675,0.0,1.0
2013-08-05,5.15,5.21,5.09,5.21,20122562,0.0,1.0
2013-08-06,5.16,5.24,5.07,5.2,31406437,0.0,1.0
2013-08-07,5.17,5.21,5.11,5.12,19710606,0.0,1.0
2013-08-08,5.11,5.13,5.04,5.07,17483566,0.0,1.0
2013-08-09,5.08,5.12,5,5.06,12402674,0.0,1.0
2013-08-12,5.09,5.17,5.05,5.17,22940819,0.0,1.0
2013-08-13,5.18,5.2,5.12,5.17,20088888,0.0,1.0
2013-08-14,5.19,5.21,5.11,5.13,20724266,0.0,1.0
2013-08-15,5.13,5.16,5.05,5.07,15328161,0.0,1.0
2013-08-16,5.04,5.58,4.98,5.04,34296946,0.0,1.0
2013-08-19,5.01,5.08,4.98,5.04,12661042,0.0,1.0
2013-08-20,5.07,5.08,5,5.02,13707957,0.0,1.0
2013-08-21,5.05,5.05,5,5.03,8960232,0.0,1.0
2013-08-22,5.02,5.09,5.01,5.01,13475445,0.0,1.0
2013-08-23,5.01,5.05,4.89,4.95,15630153,0.0,1.0
2013-08-26,4.96,5.04,4.93,5.03,13197875,0.0,1.0
2013-08-27,5.03,5.05,5,5.03,9967410,0.0,1.0
2013-08-28,5.01,5.03,4.95,4.97,14720100,0.0,1.0
2013-08-29,4.99,5,4.95,4.97,10523164,0.0,1.0
2013-08-30,5,5.15,5,5.1,30704929,0.0,1.0
2013-09-02,5.12,5.14,4.99,5.04,20103716,0.0,1.0
2013-09-03,5.08,5.1,5.04,5.08,16192764,0.0,1.0
2013-09-04,5.1,5.24,5.04,5.22,38132073,0.0,1.0
2013-09-05,5.24,5.27,5.14,5.15,28960778,0.0,1.0
2013-09-06,5.18,5.34,5.15,5.32,45202985,0.0,1.0
2013-09-09,5.33,5.53,5.28,5.46,50638035,0.0,1.0
2013-09-10,5.47,5.56,5.42,5.49,36105468,0.0,1.0
2013-09-11,5.59,5.67,5.39,5.42,50724849,0.0,1.0
2013-09-12,5.38,5.4,5.29,5.32,28965755,0.0,1.0
2013-09-13,5.32,5.39,5.3,5.34,15080260,0.0,1.0
2013-09-16,5.38,5.4,5.26,5.28,21176658,0.0,1.0
2013-09-17,5.28,5.29,5.18,5.19,15767584,0.0,1.0
2013-09-18,5.18,5.5,5.16,5.37,32045018,0.0,1.0
2013-09-23,5.37,5.37,5.37,5.37,0,0.0,1.0
2013-09-24,5.91,5.91,5.91,5.91,40952057,0.0,1.0
2013-09-25,6.4,6.5,6.18,6.5,341976504,0.0,1.0
2013-09-26,6.35,6.65,6.25,6.3,199711907,0.0,1.0
2013-09-27,6.26,6.3,5.91,5.96,108894753,0.0,1.0
2013-09-30,5.96,6.36,5.95,6.21,107195451,0.0,1.0
2013-10-08,6.22,6.45,6.02,6.34,115742181,0.0,1.0
2013-10-09,6.28,6.41,6.16,6.36,84964240,0.0,1.0
2013-10-10,6.38,6.77,6.3,6.58,177440115,0.0,1.0
2013-10-11,6.57,6.69,6.4,6.57,108753997,0.0,1.0
2013-10-14,6.55,6.61,6.32,6.38,102783839,0.0,1.0
2013-10-15,6.32,6.32,6.06,6.23,98508019,0.0,1.0
2013-10-16,6.51,6.79,6.27,6.38,176854675,0.0,1.0
2013-10-17,6.41,6.47,6.08,6.16,86830147,0.0,1.0
2013-10-18,6.1,6.22,6.05,6.16,42007421,0.0,1.0
2013-10-21,6.16,6.33,6.1,6.29,72364495,0.0,1.0
2013-10-22,6.48,6.63,6.27,6.29,138425094,0.0,1.0
2013-10-23,6.15,6.25,5.92,5.96,91447862,0.0,1.0
2013-10-24,5.92,6.1,5.88,5.98,32482461,0.0,1.0
2013-10-25,5.93,6.01,5.67,5.73,52308446,0.0,1.0
2013-10-28,5.74,5.92,5.61,5.79,40842077,0.0,1.0
2013-10-29,5.75,5.86,5.42,5.59,49343096,0.0,1.0
2013-10-30,5.55,5.69,5.52,5.68,35765901,0.0,1.0
2013-10-31,5.67,5.76,5.56,5.64,32773527,0.0,1.0
2013-11-01,5.65,5.68,5.55,5.61,24622470,0.0,1.0
2013-11-04,5.66,5.72,5.61,5.64,17989970,0.0,1.0
2013-11-05,5.64,5.87,5.56,5.81,39562097,0.0,1.0
2013-11-06,5.75,5.81,5.63,5.65,35005479,0.0,1.0
2013-11-07,5.62,5.69,5.57,5.67,31104907,0.0,1.0
2013-11-08,5.65,5.65,5.45,5.46,35236606,0.0,1.0
2013-11-11,5.46,5.52,5.41,5.42,16427099,0.0,1.0
2013-11-12,5.42,5.51,5.38,5.49,21747141,0.0,1.0
2013-11-13,5.45,5.45,5.2,5.22,32786398,0.0,1.0
2013-11-14,5.21,5.31,5.21,5.28,16669534,0.0,1.0
2013-11-15,5.28,5.45,5.26,5.37,28802151,0.0,1.0
2013-11-18,5.5,5.67,5.46,5.61,45273690,0.0,1.0
2013-11-19,5.61,5.72,5.55,5.67,41357983,0.0,1.0
2013-11-20,5.68,5.7,5.61,5.67,23973106,0.0,1.0
2013-11-21,5.66,5.78,5.56,5.74,45735826,0.0,1.0
2013-11-22,5.8,5.85,5.62,5.63,38841246,0.0,1.0
2013-11-25,5.64,5.72,5.57,5.58,28860017,0.0,1.0
2013-11-26,5.55,5.63,5.5,5.58,20093779,0.0,1.0
2013-11-27,5.6,5.67,5.58,5.64,27325427,0.0,1.0
2013-11-28,5.63,5.73,5.61,5.64,35594257,0.0,1.0
2013-11-29,5.65,5.72,5.62,5.68,24484938,0.0,1.0
2013-12-02,5.63,5.63,5.31,5.48,49202293,0.0,1.0
2013-12-03,5.59,5.77,5.53,5.74,68308912,0.0,1.0
2013-12-04,5.82,5.96,5.78,5.9,76518219,0.0,1.0
2013-12-05,5.9,5.91,5.79,5.81,39507195,0.0,1.0
2013-12-06,6,6.15,5.88,5.9,69476896,0.0,1.0
2013-12-09,5.95,6.01,5.84,5.92,37909159,0.0,1.0
2013-12-10,5.96,5.99,5.82,5.85,35393992,0.0,1.0
2013-12-11,5.8,5.84,5.67,5.72,31414496,0.0,1.0
2013-12-12,5.72,5.78,5.7,5.73,20649901,0.0,1.0
2013-12-13,5.68,5.74,5.64,5.7,17077982,0.0,1.0
2013-12-16,5.79,5.89,5.68,5.69,36274158,0.0,1.0
2013-12-17,5.66,5.73,5.53,5.56,27894563,0.0,1.0
2013-12-18,5.55,5.62,5.54,5.57,16295899,0.0,1.0
2013-12-19,5.58,5.72,5.56,5.58,23038723,0.0,1.0
2013-12-20,5.62,5.68,5.55,5.6,24134586,0.0,1.0
2013-12-23,5.6,5.62,5.47,5.55,15857381,0.0,1.0
2013-12-24,5.61,5.64,5.55,5.6,16307558,0.0,1.0
2013-12-25,5.63,5.64,5.56,5.59,12995290,0.0,1.0
2013-12-26,5.58,5.6,5.4,5.43,20710919,0.0,1.0
2013-12-27,5.43,5.59,5.43,5.56,16143358,0.0,1.0
2013-12-30,5.6,5.63,5.54,5.54,13016371,0.0,1.0
2013-12-31,5.5,5.58,5.5,5.56,10548138,0.0,1.0
2014-01-02,5.55,5.64,5.51,5.61,14447207,0.0,1.0
2014-01-03,5.61,5.68,5.58,5.64,23845947,0.0,1.0
2014-01-06,5.66,5.69,5.38,5.4,38840827,0.0,1.0
2014-01-07,5.42,5.45,5.31,5.45,18173760,0.0,1.0
2014-01-08,5.52,5.58,5.39,5.44,25951686,0.0,1.0
2014-01-09,5.42,5.45,5.32,5.34,17380625,0.0,1.0
2014-01-10,5.31,5.42,5.22,5.3,15824088,0.0,1.0
2014-01-13,5.35,5.37,5.19,5.2,15918425,0.0,1.0
2014-01-14,5.2,5.25,5.08,5.25,15422238,0.0,1.0
2014-01-15,5.25,5.25,5.13,5.14,19273085,0.0,1.0
2014-01-16,5.17,5.24,5.14,5.18,14016406,0.0,1.0
2014-01-17,5.16,5.17,5.02,5.04,17804049,0.0,1.0
2014-01-20,5.09,5.14,5.03,5.05,12491350,0.0,1.0
2014-01-21,5.05,5.12,5.04,5.1,11237961,0.0,1.0
2014-01-22,5.12,5.24,5.08,5.23,16432451,0.0,1.0
2014-01-23,5.23,5.27,5.17,5.22,15825572,0.0,1.0
2014-01-24,5.2,5.29,5.17,5.24,16663983,0.0,1.0
2014-01-27,5.25,5.28,5.21,5.22,13764655,0.0,1.0
2014-01-28,5.26,5.28,5.18,5.19,13506467,0.0,1.0
2014-01-29,5.22,5.23,5.17,5.19,12719813,0.0,1.0
2014-01-30,5.2,5.22,5.13,5.14,8367352,0.0,1.0
2014-02-07,5.08,5.16,5.01,5.16,13767845,0.0,1.0
2014-02-10,5.17,5.57,5.16,5.53,46432815,0.0,1.0
2014-02-11,5.54,5.54,5.4,5.46,38796239,0.0,1.0
2014-02-12,5.45,5.64,5.45,5.57,35101077,0.0,1.0
2014-02-13,5.59,5.63,5.48,5.49,26806070,0.0,1.0
2014-02-14,5.52,5.57,5.45,5.53,21532242,0.0,1.0
2014-02-17,5.56,5.6,5.52,5.57,25549856,0.0,1.0
2014-02-18,5.6,5.78,5.55,5.67,50183172,0.0,1.0
2014-02-19,5.73,5.84,5.67,5.69,37448664,0.0,1.0
2014-02-20,5.69,5.73,5.51,5.53,33542778,0.0,1.0
2014-02-21,5.54,5.57,5.44,5.5,19064827,0.0,1.0
2014-02-24,5.48,5.48,5.38,5.43,18175417,0.0,1.0
2014-02-25,5.47,5.59,5.2,5.26,30159840,0.0,1.0
2014-02-26,5.2,5.31,5.18,5.29,18828677,0.0,1.0
2014-02-27,5.32,5.36,5.24,5.25,17985864,0.0,1.0
2014-02-28,5.22,5.3,5.18,5.29,14087302,0.0,1.0
2014-03-03,5.31,5.42,5.28,5.41,16454740,0.0,1.0
2014-03-04,5.4,5.41,5.3,5.37,14030625,0.0,1.0
2014-03-05,5.37,5.46,5.37,5.4,16771857,0.0,1.0
2014-03-06,5.36,5.43,5.33,5.38,13041754,0.0,1.0
2014-03-07,5.38,5.4,5.26,5.28,14350825,0.0,1.0
2014-03-10,5.24,5.24,5.07,5.11,16525636,0.0,1.0
2014-03-11,5.12,5.14,5.04,5.1,13067912,0.0,1.0
2014-03-12,5.06,5.12,5.01,5.09,16250958,0.0,1.0
2014-03-13,5.1,5.15,5.07,5.1,11519712,0.0,1.0
2014-03-14,5.07,5.11,5.03,5.06,11947073,0.0,1.0
2014-03-17,5.09,5.15,5.04,5.14,16207022,0.0,1.0
2014-03-18,5.14,5.15,5.1,5.12,10982046,0.0,1.0
2014-03-19,5.1,5.13,5.05,5.12,13288955,0.0,1.0
2014-03-20,5.1,5.26,5.08,5.1,24827314,0.0,1.0
2014-03-21,5.11,5.25,5.08,5.24,22551100,0.0,1.0
2014-03-24,5.24,5.33,5.2,5.27,30393247,0.0,1.0
2014-03-25,5.24,5.26,5.16,5.2,20372157,0.0,1.0
2014-03-26,5.22,5.25,5.15,5.18,13882601,0.0,1.0
2014-03-27,5.18,5.23,5.12,5.12,15018097,0.0,1.0
2014-03-28,5.13,5.14,5.08,5.09,11673210,0.0,1.0
2014-03-31,5.11,5.12,5.06,5.09,9045970,0.0,1.0
2014-04-01,5.09,5.14,5.06,5.14,7580801,0.0,1.0
2014-04-02,5.14,5.19,5.1,5.16,13399937,0.0,1.0
2014-04-03,5.17,5.18,5.03,5.09,23873398,0.0,1.0
2014-04-04,5.08,5.11,5.05,5.1,10758563,0.0,1.0
2014-04-08,5.1,5.17,5.06,5.15,15875075,0.0,1.0
2014-04-09,5.17,5.22,5.14,5.17,17601972,0.0,1.0
2014-04-10,5.18,5.29,5.14,5.22,27366454,0.0,1.0
2014-04-11,5.22,5.22,5.15,5.16,15001764,0.0,1.0
2014-04-14,5.18,5.23,5.16,5.19,12502754,0.0,1.0
2014-04-15,5.18,5.19,5.11,5.12,12035436,0.0,1.0
2014-04-16,5.12,5.14,5.08,5.1,13691657,0.0,1.0
2014-04-17,5.12,5.17,5.09,5.11,9577987,0.0,1.0
2014-04-18,5.1,5.12,5.07,5.12,7655752,0.0,1.0
2014-04-21,5.1,5.12,5.04,5.05,11800713,0.0,1.0
2014-04-22,5.05,5.08,4.95,5.01,17734565,0.0,1.0
2014-04-23,5.01,5.04,4.98,5.02,10267143,0.0,1.0
2014-04-24,5.02,5.02,4.93,4.94,13509541,0.0,1.0
2014-04-25,4.94,4.95,4.73,4.74,25488015,0.0,1.0
2014-04-28,4.75,4.76,4.61,4.63,16739969,0.0,1.0
2014-04-29,4.6,4.63,4.53,4.59,22736132,0.0,1.0
2014-04-30,4.59,4.6,4.54,4.58,12982006,0.0,1.0
2014-05-05,4.54,4.62,4.52,4.61,12653401,0.0,1.0
2014-05-06,4.62,4.68,4.59,4.67,13742309,0.0,1.0
2014-05-07,4.66,4.67,4.56,4.57,8224169,0.0,1.0
2014-05-08,4.57,4.65,4.56,4.58,8262977,0.0,1.0
2014-05-09,4.6,4.6,4.49,4.53,11139601,0.0,1.0
2014-05-12,4.57,4.7,4.52,4.67,21297600,0.0,1.0
2014-05-13,4.67,4.68,4.62,4.65,12002924,0.0,1.0
2014-05-14,4.65,4.66,4.62,4.63,6513848,0.0,1.0
2014-05-15,4.63,4.63,4.5,4.52,11181147,0.0,1.0
2014-05-16,4.54,4.58,4.51,4.57,6678860,0.0,1.0
2014-05-19,4.57,4.57,4.46,4.48,11033499,0.0,1.0
2014-05-20,4.5,4.54,4.42,4.44,12376851,0.0,1.0
2014-05-21,4.42,4.49,4.41,4.49,7180428,0.0,1.0
2014-05-22,4.49,4.52,4.45,4.46,11016343,0.0,1.0
2014-05-23,4.46,4.47,4.43,4.46,7001648,0.0,1.0
2014-05-26,4.5,4.53,4.45,4.51,10094538,0.0,1.0
2014-05-27,4.51,4.52,4.45,4.47,9106943,0.0,1.0
2014-05-28,4.47,4.52,4.45,4.5,10962722,0.0,1.0
2014-05-29,4.51,4.51,4.44,4.46,8490625,0.0,1.0
2014-05-30,4.46,4.65,4.42,4.56,22771438,0.0,1.0
2014-06-03,4.54,4.56,4.5,4.5,13364286,0.0,1.0
2014-06-04,4.5,4.51,4.44,4.46,8852972,0.0,1.0
2014-06-05,4.47,4.55,4.45,4.53,11037225,0.0,1.0
2014-06-06,4.54,4.57,4.44,4.46,11290888,0.0,1.0
2014-06-09,4.42,4.47,4.42,4.43,8692446,0.0,1.0
2014-06-10,4.45,4.48,4.42,4.48,7993986,0.0,1.0
2014-06-11,4.47,4.49,4.44,4.47,9114908,0.0,1.0
2014-06-12,4.48,4.48,4.42,4.44,11249979,0.0,1.0
2014-06-13,4.42,4.49,4.42,4.47,13190436,0.0,1.0
2014-06-16,4.47,4.53,4.46,4.53,15456427,0.0,1.0
2014-06-17,4.52,4.53,4.49,4.51,10599413,0.0,1.0
2014-06-18,4.52,4.53,4.49,4.5,9739417,0.0,1.0
2014-06-19,4.52,4.52,4.37,4.39,13432144,0.0,1.0
2014-06-20,4.3,4.32,4.27,4.29,7746809,0.09009,1.0
2014-06-23,4.3,4.33,4.29,4.32,6509008,0.0,1.0
2014-06-24,4.32,4.33,4.28,4.32,6736056,0.0,1.0
2014-06-25,4.32,4.32,4.28,4.28,8483439,0.0,1.0
2014-06-26,4.28,4.33,4.28,4.32,11369795,0.0,1.0
2014-06-27,4.3,4.39,4.3,4.37,14369864,0.0,1.0
2014-06-30,4.37,4.43,4.36,4.41,12143658,0.0,1.0
2014-07-01,4.4,4.46,4.4,4.42,16112026,0.0,1.0
2014-07-02,4.43,4.44,4.36,4.42,11645395,0.0,1.0
2014-07-03,4.42,4.45,4.37,4.42,15250287,0.0,1.0
2014-07-04,4.43,4.44,4.39,4.4,9122617,0.0,1.0
2014-07-07,4.4,4.41,4.37,4.39,9563084,0.0,1.0
2014-07-08,4.39,4.56,4.35,4.49,26033758,0.0,1.0
2014-07-09,4.45,4.47,4.38,4.39,15958384,0.0,1.0
2014-07-10,4.42,4.55,4.37,4.46,20932020,0.0,1.0
2014-07-11,4.44,4.53,4.43,4.5,18741286,0.0,1.0
2014-07-14,4.51,4.58,4.48,4.54,20434010,0.0,1.0
2014-07-15,4.54,4.56,4.5,4.53,14842891,0.0,1.0
2014-07-16,4.52,4.57,4.49,4.5,13977415,0.0,1.0
2014-07-17,4.5,4.51,4.44,4.46,10620114,0.0,1.0
2014-07-18,4.45,4.49,4.44,4.46,9197162,0.0,1.0
2014-07-21,4.47,4.48,4.42,4.43,8384834,0.0,1.0
2014-07-22,4.42,4.5,4.41,4.48,12441405,0.0,1.0
2014-07-23,4.5,4.54,4.46,4.49,15260856,0.0,1.0
2014-07-24,4.52,4.56,4.48,4.54,20900804,0.0,1.0
2014-07-25,4.55,4.66,4.53,4.64,38187793,0.0,1.0
2014-07-28,4.67,4.74,4.66,4.7,44123037,0.0,1.0
2014-07-29,4.71,4.72,4.66,4.68,30401721,0.0,1.0
2014-07-30,4.66,4.76,4.65,4.7,23686018,0.0,1.0
2014-07-31,4.7,4.73,4.68,4.73,18442536,0.0,1.0
2014-08-01,4.74,4.94,4.72,4.82,56865361,0.0,1.0
2014-08-04,4.79,4.88,4.77,4.85,30121009,0.0,1.0
2014-08-05,4.86,4.88,4.79,4.84,21469138,0.0,1.0
2014-08-06,4.81,4.84,4.75,4.83,25582969,0.0,1.0
2014-08-07,4.81,4.86,4.71,4.72,26557828,0.0,1.0
2014-08-08,4.71,4.76,4.7,4.73,20170315,0.0,1.0
2014-08-11,4.74,4.79,4.73,4.78,22243596,0.0,1.0
2014-08-12,4.77,4.81,4.75,4.78,21212050,0.0,1.0
2014-08-13,4.8,4.82,4.7,4.75,27636073,0.0,1.0
2014-08-14,4.75,4.85,4.72,4.8,41761750,0.0,1.0
2014-08-15,4.8,4.86,4.79,4.83,24279265,0.0,1.0
2014-08-18,4.83,4.88,4.79,4.85,28456330,0.0,1.0
2014-08-19,4.85,4.89,4.82,4.87,29541547,0.0,1.0
2014-08-20,4.87,4.94,4.83,4.92,39619367,0.0,1.0
2014-08-21,4.93,4.93,4.82,4.88,27676899,0.0,1.0
2014-08-22,4.87,4.98,4.84,4.96,44872901,0.0,1.0
2014-08-25,4.97,4.99,4.89,4.9,26198046,0.0,1.0
2014-08-26,4.88,4.88,4.7,4.74,32085887,0.0,1.0
2014-08-27,4.71,5.12,4.71,5.06,83728979,0.0,1.0
2014-08-28,4.98,5.06,4.94,4.95,44959473,0.0,1.0
2014-08-29,4.94,5.08,4.92,5.01,29357039,0.0,1.0
2014-09-01,5,5.09,4.98,5.07,30671058,0.0,1.0
2014-09-02,5.08,5.22,5.04,5.14,69310356,0.0,1.0
2014-09-03,5.14,5.17,5.08,5.13,43028001,0.0,1.0
2014-09-04,5.16,5.35,5.15,5.26,62694050,0.0,1.0
2014-09-05,5.25,5.33,5.17,5.25,39783963,0.0,1.0
2014-09-09,5.26,5.3,5.21,5.27,31053084,0.0,1.0
2014-09-10,5.28,5.36,5.23,5.33,41386524,0.0,1.0
2014-09-11,5.34,5.36,5.16,5.23,56796758,0.0,1.0
2014-09-12,5.22,5.29,5.19,5.25,33741672,0.0,1.0
2014-09-15,5.28,5.36,5.24,5.35,49848399,0.0,1.0
2014-09-16,5.32,5.42,5.16,5.17,58731150,0.0,1.0
2014-09-17,5.18,5.23,5.11,5.21,33157911,0.0,1.0
2014-09-18,5.21,5.28,5.17,5.22,25965373,0.0,1.0
2014-09-19,5.21,5.33,5.18,5.29,35099738,0.0,1.0
2014-09-22,5.27,5.28,5.15,5.17,29386716,0.0,1.0
2014-09-23,5.15,5.2,5.12,5.18,24750586,0.0,1.0
2014-09-24,5.17,5.27,5.13,5.25,28898426,0.0,1.0
2014-09-25,5.27,5.3,5.2,5.21,29220463,0.0,1.0
2014-09-26,5.18,5.23,5.16,5.2,22646021,0.0,1.0
2014-09-29,5.2,5.25,5.19,5.21,31523604,0.0,1.0
2014-09-30,5.21,5.34,5.21,5.27,46940536,0.0,1.0
2014-10-08,5.3,5.36,5.27,5.35,46172579,0.0,1.0
2014-10-09,5.35,5.39,5.28,5.35,42366264,0.0,1.0
2014-10-10,5.32,5.34,5.25,5.28,34684819,0.0,1.0
2014-10-13,5.26,5.27,5.2,5.24,24492540,0.0,1.0
2014-10-14,5.24,5.28,5.19,5.21,28630444,0.0,1.0
2014-10-15,5.21,5.26,5.18,5.25,23621873,0.0,1.0
2014-10-16,5.21,5.46,5.18,5.35,73834896,0.0,1.0
2014-10-17,5.31,5.68,5.28,5.58,128684657,0.0,1.0
2014-10-20,5.55,5.66,5.52,5.56,62824255,0.0,1.0
2014-10-21,5.56,5.65,5.46,5.47,49605987,0.0,1.0
2014-10-22,5.47,5.53,5.3,5.3,41002542,0.0,1.0
2014-10-23,5.32,5.35,5.11,5.13,46345537,0.0,1.0
2014-10-24,5.15,5.19,5.05,5.15,25879263,0.0,1.0
2014-10-27,5.12,5.18,5.08,5.16,19245663,0.0,1.0
2014-10-28,5.16,5.27,5.16,5.27,34257196,0.0,1.0
2014-10-29,5.28,5.33,5.22,5.3,41364593,0.0,1.0
2014-10-30,5.3,5.31,5.25,5.29,32889243,0.0,1.0
2014-10-31,5.29,5.45,5.28,5.43,60364123,0.0,1.0
2014-11-03,5.52,5.57,5.39,5.45,58412426,0.0,1.0
2014-11-04,5.44,5.58,5.37,5.53,60184104,0.0,1.0
2014-11-05,5.51,5.57,5.46,5.47,41568088,0.0,1.0
2014-11-06,5.49,5.53,5.38,5.47,33967500,0.0,1.0
2014-11-07,5.47,5.53,5.36,5.37,48414991,0.0,1.0
2014-11-10,5.38,5.45,5.38,5.44,35452318,0.0,1.0
2014-11-11,5.45,5.49,5.19,5.24,52247490,0.0,1.0
2014-11-12,5.26,5.34,5.25,5.34,25690926,0.0,1.0
2014-11-13,5.35,5.45,5.3,5.41,41387087,0.0,1.0
2014-11-14,5.4,5.48,5.39,5.46,40423241,0.0,1.0
2014-11-17,5.49,5.64,5.43,5.55,69996802,0.0,1.0
2014-11-18,5.56,6.11,5.56,6.11,256728629,0.0,1.0
2014-11-19,6.11,6.16,6,6.15,170769637,0.0,1.0
2014-11-20,6.06,6.1,5.93,6,85280917,0.0,1.0
2014-11-21,5.95,6.09,5.93,6,75770779,0.0,1.0
2014-11-24,6.05,6.28,5.98,6.14,127763434,0.0,1.0
2014-11-25,6.18,6.28,6.11,6.18,79131288,0.0,1.0
2014-11-26,6.2,6.24,6.02,6.11,87169977,0.0,1.0
2014-11-27,6.09,6.35,6.04,6.2,94254716,0.0,1.0
2014-11-28,6.28,6.73,6.24,6.32,179740890,0.0,1.0
2014-12-01,6.5,6.63,6.33,6.48,104053963,0.0,1.0
2014-12-02,6.4,6.68,6.35,6.57,98090951,0.0,1.0
2014-12-03,6.56,6.69,6.36,6.52,98350957,0.0,1.0
2014-12-04,6.5,6.6,6.41,6.56,80377947,0.0,1.0
2014-12-05,6.56,6.61,6.1,6.18,101884890,0.0,1.0
2014-12-08,6.18,6.44,6.11,6.36,73354643,0.0,1.0
2014-12-09,6.36,6.57,6.19,6.21,102825586,0.0,1.0
2014-12-10,6.2,6.55,6.2,6.54,86516598,0.0,1.0
2014-12-11,6.54,6.87,6.49,6.72,89266329,0.0,1.0
2014-12-12,6.82,6.91,6.66,6.77,65236498,0.0,1.0
2014-12-15,6.79,6.88,6.65,6.78,65394171,0.0,1.0
2014-12-16,6.68,6.72,6.61,6.69,62857145,0.0,1.0
2014-12-17,6.69,6.69,6.48,6.57,65666388,0.0,1.0
2014-12-18,6.58,6.68,6.5,6.55,49747315,0.0,1.0
2014-12-19,6.55,6.75,6.48,6.74,74832667,0.0,1.0
2014-12-22,6.76,6.91,6.27,6.33,93765739,0.0,1.0
2014-12-23,6.3,6.48,6.21,6.21,56631048,0.0,1.0
2014-12-24,6.28,6.83,6.28,6.66,134348439,0.0,1.0
2014-12-25,6.76,6.96,6.51,6.91,137811483,0.0,1.0
2014-12-26,6.91,6.93,6.76,6.82,77547944,0.0,1.0
2014-12-29,6.8,7.21,6.72,7.1,123268729,0.0,1.0
2014-12-30,7.1,7.14,6.9,6.97,59840451,0.0,1.0
2014-12-31,7.01,7.04,6.78,6.89,46980539,0.0,1.0
2015-01-05,7.02,7.1,6.85,7.08,76007251,0.0,1.0
2015-01-06,7.23,7.77,7.15,7.51,122359428,0.0,1.0
2015-01-07,7.43,7.59,7.38,7.49,63111690,0.0,1.0
2015-01-08,7.49,7.56,7.12,7.17,77012829,0.0,1.0
2015-01-09,7.12,7.33,7,7.05,52211001,0.0,1.0
2015-01-12,7.03,7.03,6.71,6.81,48006229,0.0,1.0
2015-01-13,6.81,7.04,6.78,6.91,38469165,0.0,1.0
2015-01-14,6.89,7.22,6.88,7.12,52896118,0.0,1.0
2015-01-15,7.1,7.17,6.98,7.17,39573728,0.0,1.0
2015-01-16,7.19,7.27,7.08,7.17,39809037,0.0,1.0
2015-01-19,6.85,6.97,6.45,6.53,70554426,0.0,1.0
2015-01-20,6.54,6.76,6.53,6.67,52206968,0.0,1.0
2015-01-21,6.72,6.85,6.67,6.85,42015326,0.0,1.0
2015-01-22,6.85,7.02,6.83,6.91,47535150,0.0,1.0
2015-01-23,6.96,7.02,6.72,6.79,46185388,0.0,1.0
2015-01-26,6.74,6.9,6.72,6.89,45984107,0.0,1.0
2015-01-27,6.91,7.17,6.84,7.13,63374173,0.0,1.0
2015-01-28,7.12,7.2,7,7.08,54031423,0.0,1.0
2015-01-29,7.02,7.05,6.9,6.94,37203302,0.0,1.0
2015-01-30,6.93,7.01,6.81,6.82,25756453,0.0,1.0
2015-02-02,6.75,6.87,6.6,6.79,38139575,0.0,1.0
2015-02-03,6.83,6.88,6.68,6.79,36786421,0.0,1.0
2015-02-04,6.8,6.82,6.64,6.65,36917790,0.0,1.0
2015-02-05,6.75,6.78,6.62,6.63,26427037,0.0,1.0
2015-02-06,6.64,6.68,6.35,6.37,36667951,0.0,1.0
2015-02-09,6.36,6.44,6.29,6.32,25822809,0.0,1.0
2015-02-10,6.32,6.43,6.31,6.42,20955579,0.0,1.0
2015-02-11,6.42,6.52,6.41,6.44,18216815,0.0,1.0
2015-02-12,6.44,6.53,6.43,6.49,16505564,0.0,1.0
2015-02-13,6.52,6.61,6.51,6.54,33283253,0.0,1.0
2015-02-16,6.62,6.73,6.57,6.72,36181194,0.0,1.0
2015-02-17,6.72,6.76,6.65,6.72,25951788,0.0,1.0
2015-02-25,6.73,7.05,6.73,6.94,58441097,0.0,1.0
2015-02-26,6.94,7,6.91,6.96,32994485,0.0,1.0
2015-02-27,6.99,7.02,6.91,6.97,30534897,0.0,1.0
2015-03-02,7,7.11,6.97,7.02,43446890,0.0,1.0
2015-03-03,7.03,7.03,6.81,6.83,46292184,0.0,1.0
2015-03-04,6.85,6.95,6.8,6.91,34879660,0.0,1.0
2015-03-05,6.91,7.4,6.86,7.27,106075813,0.0,1.0
2015-03-06,7.27,7.32,7.08,7.11,45299457,0.0,1.0
2015-03-09,7.07,7.26,6.99,7.21,46740267,0.0,1.0
2015-03-10,7.21,7.46,7.19,7.34,53004992,0.0,1.0
2015-03-11,7.34,7.5,7.24,7.27,39886852,0.0,1.0
2015-03-12,7.28,7.39,7.13,7.23,39965737,0.0,1.0
2015-03-13,7.29,7.35,7.21,7.28,33496673,0.0,1.0
2015-03-16,7.28,7.49,7.27,7.45,60150186,0.0,1.0
2015-03-17,7.49,7.55,7.35,7.48,76242899,0.0,1.0
2015-03-18,7.5,7.75,7.45,7.73,85304113,0.0,1.0
2015-03-19,7.71,8.04,7.61,7.94,95996540,0.0,1.0
2015-03-20,8.18,8.55,8.1,8.31,107056429,0.0,1.0
2015-03-23,8.48,8.66,8.41,8.56,91353760,0.0,1.0
2015-03-24,8.56,8.79,8.27,8.64,112281030,0.0,1.0
2015-03-25,8.81,9.08,8.64,8.8,103967944,0.0,1.0
2015-03-26,8.79,8.79,8.38,8.41,88802905,0.0,1.0
2015-03-27,8.35,8.65,8.35,8.58,70276888,0.0,1.0
2015-03-30,8.6,8.8,8.56,8.71,61486934,0.0,1.0
2015-03-31,8.68,8.72,8.45,8.56,66612672,0.0,1.0
2015-04-01,8.56,9.27,8.51,9.13,110185939,0.0,1.0
2015-04-02,9.2,9.32,8.97,9.19,76739695,0.0,1.0
2015-04-03,9.13,9.35,9.03,9.25,69798920,0.0,1.0
2015-04-07,9.24,9.39,9.15,9.27,82058793,0.0,1.0
2015-04-08,9.25,9.26,8.86,8.99,94772077,0.0,1.0
2015-04-09,9,9.04,8.3,8.81,83964031,0.0,1.0
2015-04-10,8.77,9.03,8.66,8.92,62322426,0.0,1.0
2015-04-13,8.92,9.1,8.92,9.03,64016518,0.0,1.0
2015-04-14,9.05,9.65,8.95,9.54,119761982,0.0,1.0
2015-04-15,9.6,9.8,9.32,9.39,95639444,0.0,1.0
2015-04-16,9.29,9.75,9.02,9.54,74509126,0.0,1.0
2015-04-17,9.56,9.9,9.54,9.79,105682652,0.0,1.0
2015-04-20,9.8,10.43,9.61,10.09,134887950,0.0,1.0
2015-04-21,9.9,10.3,9.7,10.23,100118686,0.0,1.0
2015-04-22,10.39,10.5,10.15,10.26,107128964,0.0,1.0
2015-04-23,10.27,10.32,10.07,10.17,94207100,0.0,1.0
2015-04-24,9.8,9.99,9.6,9.75,108645732,0.0,1.0
2015-04-27,9.81,10.19,9.79,9.97,122066944,0.0,1.0
2015-04-28,9.96,9.96,9.32,9.47,95059206,0.0,1.0
2015-04-29,9.43,9.94,9.37,9.62,72372959,0.0,1.0
2015-04-30,9.74,9.87,9.57,9.65,54445610,0.0,1.0
2015-05-04,9.66,9.78,9.41,9.52,59981812,0.0,1.0
2015-05-05,9.53,9.6,9.11,9.2,58159100,0.0,1.0
2015-05-06,9.2,9.49,8.92,9,56045267,0.0,1.0
2015-05-07,8.95,9.15,8.79,8.84,49791033,0.0,1.0
2015-05-08,9.02,9.09,8.72,9.08,59373869,0.0,1.0
2015-05-11,9.18,9.99,9.18,9.99,146801027,0.0,1.0
2015-05-12,10.2,10.47,9.94,10.31,184730038,0.0,1.0
2015-05-13,10.19,10.34,10.01,10.11,91838551,0.0,1.0
2015-05-14,10.19,10.99,10.06,10.72,146707082,0.0,1.0
2015-05-15,10.57,10.69,10.19,10.31,93688274,0.0,1.0
2015-05-18,10.27,10.77,10.12,10.28,82138932,0.0,1.0
2015-05-19,10.31,11.21,10.3,11.07,119933307,0.0,1.0
2015-05-20,11.13,12.18,11.03,12.03,193028897,0.0,1.0
2015-05-21,12.18,12.38,11.8,12.23,135495752,0.0,1.0
2015-05-22,12.66,13.08,12.28,12.33,136432294,0.0,1.0
2015-05-25,12.33,13.48,12.03,13.18,130321931,0.0,1.0
2015-05-26,13.55,14.5,13.46,14.5,118438545,0.0,1.0
2015-05-27,15,15.89,14.8,14.92,173862500,0.0,1.0
2015-05-28,14.96,15.6,13.48,13.64,166932652,0.0,1.0
2015-05-29,13.88,14.97,13.09,14.78,156431756,0.0,1.0
2015-06-01,15.1,15.87,15.1,15.84,127242190,0.0,1.0
2015-06-02,15.9,16.5,15.5,16.190001,121735723,0.0,1.0
2015-06-03,16.299999,16.299999,15.26,15.82,112391355,0.0,1.0
2015-06-04,16.68,17.290001,14.59,17.08,195418101,0.0,1.0
2015-06-05,17.219999,17.85,16.6,17.190001,167433184,0.0,1.0
2015-06-08,17.059999,17.059999,15.87,16.16,134943119,0.0,1.0
2015-06-09,16.23,16.9,15.99,16.27,102031109,0.0,1.0
2015-06-10,16,16.389999,15.77,16.15,88876995,0.0,1.0
2015-06-11,16.07,16.15,15.51,15.74,104212773,0.0,1.0
2015-06-12,15.74,16.469999,15.52,16.18,123512520,0.0,1.0
2015-06-15,16.200001,16.4,15.63,15.71,87589271,0.0,1.0
2015-06-16,15.4,15.68,14.83,15.08,77373315,0.0,1.0
2015-06-17,15,15.55,14.03,15.47,88968819,0.0,1.0
2015-06-18,15.28,15.96,15.1,15.24,77964233,0.0,1.0
2015-06-19,14.8,14.8,13.7,13.76,60084610,0.08394,1.0
2015-06-23,13.81,14.16,12.4,13.48,60205614,0.0,1.0
2015-06-24,13.71,14.15,13.36,13.89,69792838,0.0,1.0
2015-06-25,14.1,14.65,13.41,13.84,82463169,0.0,1.0
2015-06-26,13.36,13.37,12.46,12.46,76036191,0.0,1.0
2015-06-29,13,13.01,11.21,11.21,105255726,0.0,1.0
2015-06-30,11.09,11.99,10.09,11.92,123660779,0.0,1.0
2015-07-01,11.63,12.31,10.73,10.88,96589393,0.0,1.0
2015-07-02,11.02,11.15,9.79,9.79,105552140,0.0,1.0
2015-07-03,9.3,10.22,8.81,8.82,118478488,0.0,1.0
2015-07-06,9.7,9.7,7.95,9.01,148231416,0.0,1.0
2015-07-07,8.6,8.87,8.11,8.11,79364249,0.0,1.0
2015-07-08,7.3,8.02,7.3,7.43,275714749,0.0,1.0
2015-07-09,7.3,8.17,7.3,8.17,92952043,0.0,1.0
2015-07-10,8.98,8.99,8.63,8.99,26254825,0.0,1.0
2015-07-13,9.89,9.89,9.69,9.89,52025121,0.0,1.0
2015-07-14,10.6,10.88,10.13,10.88,153711609,0.0,1.0
2015-07-15,10.41,10.73,9.79,9.79,97723768,0.0,1.0
2015-07-16,9.79,10.49,9.11,10.12,95989479,0.0,1.0
2015-07-17,10.19,10.98,10.12,10.82,78426827,0.0,1.0
2015-07-20,10.7,11.24,10.54,10.83,80681562,0.0,1.0
2015-07-21,10.6,10.95,10.46,10.82,58244445,0.0,1.0
2015-07-22,10.78,11.34,10.68,11.13,81193163,0.0,1.0
2015-07-23,11.13,11.54,11.03,11.43,79199302,0.0,1.0
2015-07-24,11.46,11.58,10.78,10.95,84607509,0.0,1.0
2015-07-27,10.65,10.79,9.86,9.86,71576493,0.0,1.0
2015-07-28,9.6,9.89,8.87,9.07,83800667,0.0,1.0
2015-07-29,9.31,9.88,8.98,9.87,54720237,0.0,1.0
2015-07-30,9.8,10,9.22,9.41,55130484,0.0,1.0
2015-07-31,9.25,9.5,9.01,9.23,40034090,0.0,1.0
2015-08-03,9.19,9.28,8.56,8.9,45659545,0.0,1.0
2015-08-04,9,9.63,8.91,9.6,43650466,0.0,1.0
2015-08-05,9.6,9.69,9.23,9.31,39238161,0.0,1.0
2015-08-06,9.03,9.46,8.97,9.27,24864828,0.0,1.0
2015-08-07,9.36,9.75,9.36,9.71,44997092,0.0,1.0
2015-08-10,9.88,10.68,9.81,10.68,82669416,0.0,1.0
2015-08-11,10.68,10.74,10.2,10.54,90405441,0.0,1.0
2015-08-12,10.38,10.71,10.28,10.33,49594086,0.0,1.0
2015-08-13,10.28,10.66,10.18,10.63,50643903,0.0,1.0
2015-08-14,10.71,10.88,10.4,10.47,61438490,0.0,1.0
2015-08-17,10.48,10.88,10.4,10.86,65555219,0.0,1.0
2015-08-18,10.85,10.85,9.77,9.77,74085126,0.0,1.0
2015-08-19,9.32,9.97,8.96,9.83,59442708,0.0,1.0
2015-08-20,9.6,9.85,9.4,9.44,43730862,0.0,1.0
2015-08-21,9.03,9.39,8.75,8.9,46837456,0.0,1.0
2015-08-24,8.5,8.55,8.01,8.01,48186465,0.0,1.0
2015-08-25,7.21,7.55,7.21,7.21,103215559,0.0,1.0
2015-08-26,7.38,7.6,6.95,7.2,56570431,0.0,1.0
2015-08-27,7.4,7.67,7.11,7.59,43526404,0.0,1.0
2015-08-28,7.7,8.17,7.6,8.15,51987009,0.0,1.0
2015-08-31,7.97,8.02,7.64,7.72,36337651,0.0,1.0
2015-09-01,7.59,7.59,7,7.02,32024912,0.0,1.0
2015-09-02,6.6,7.3,6.4,6.97,34230843,0.0,1.0
2015-09-07,7.09,7.4,7.06,7.11,30449649,0.0,1.0
2015-09-08,7.16,7.51,7.03,7.5,29309401,0.0,1.0
2015-09-09,7.61,7.93,7.52,7.8,47271023,0.0,1.0
2015-09-10,7.75,7.79,7.5,7.56,21206837,0.0,1.0
2015-09-11,7.56,7.7,7.46,7.59,19120785,0.0,1.0
2015-09-14,7.62,7.69,6.83,6.83,34562262,0.0,1.0
2015-09-15,6.68,6.8,6.39,6.48,24539351,0.0,1.0
2015-09-16,6.55,7.13,6.48,7.04,30759732,0.0,1.0
2015-09-17,6.96,7.19,6.75,6.76,34629031,0.0,1.0
2015-09-18,6.85,6.91,6.63,6.81,16952024,0.0,1.0
2015-09-21,6.75,7.11,6.63,7.09,26654375,0.0,1.0
2015-09-22,7.09,7.46,7.07,7.33,42376732,0.0,1.0
2015-09-23,7.17,7.29,7.02,7.14,23518755,0.0,1.0
2015-09-24,7.15,7.29,7.14,7.21,14946145,0.0,1.0
2015-09-25,7.23,7.27,6.87,6.92,18530950,0.0,1.0
2015-09-28,6.97,7.18,6.81,7.14,14035311,0.0,1.0
2015-09-29,7,7.03,6.91,6.93,11361405,0.0,1.0
2015-09-30,6.98,7.04,6.93,6.96,8551581,0.0,1.0
2015-10-08,7.3,7.35,7.16,7.26,22897346,0.0,1.0
2015-10-09,7.28,7.42,7.23,7.38,20318226,0.0,1.0
2015-10-12,7.45,7.87,7.4,7.72,49659313,0.0,1.0
2015-10-13,7.7,7.94,7.62,7.87,36253967,0.0,1.0
2015-10-14,7.9,8.15,7.69,7.7,45685427,0.0,1.0
2015-10-15,7.74,8,7.68,7.99,33215560,0.0,1.0
2015-10-16,8.1,8.15,7.9,8.12,43056007,0.0,1.0
2015-10-19,8.15,8.19,7.84,7.99,46836244,0.0,1.0
2015-10-20,8,8.21,7.8,8.2,56906498,0.0,1.0
2015-10-21,8.14,8.5,7.72,8.01,87711818,0.0,1.0
2015-10-22,7.9,8.29,7.73,8.17,64798748,0.0,1.0
2015-10-23,8.33,8.58,8.1,8.45,72380930,0.0,1.0
2015-10-26,8.65,8.68,8.26,8.38,49556003,0.0,1.0
2015-10-27,8.31,8.39,7.85,8.3,44844001,0.0,1.0
2015-10-28,8.28,8.48,8,8.07,38696521,0.0,1.0
2015-10-29,8.14,8.23,7.99,8.09,32120903,0.0,1.0
2015-10-30,8.1,8.15,7.9,8.05,26449423,0.0,1.0
2015-11-02,7.91,8.07,7.85,7.91,21360657,0.0,1.0
2015-11-03,7.98,8.02,7.84,7.93,18191487,0.0,1.0
2015-11-04,7.98,8.34,7.94,8.32,46995883,0.0,1.0
2015-11-05,8.37,8.48,8.27,8.36,60761963,0.0,1.0
2015-11-06,8.38,8.57,8.31,8.49,52552936,0.0,1.0
2015-11-09,8.4,8.88,8.39,8.75,64541246,0.0,1.0
2015-11-10,8.68,8.79,8.46,8.68,45940658,0.0,1.0
2015-11-11,8.63,8.76,8.59,8.71,32557982,0.0,1.0
2015-11-12,8.77,8.8,8.48,8.57,34758233,0.0,1.0
2015-11-13,8.5,8.55,8.24,8.27,39887090,0.0,1.0
2015-11-16,8.08,8.42,8.05,8.39,24753250,0.0,1.0
2015-11-17,8.41,8.56,8.28,8.32,37972055,0.0,1.0
2015-11-18,8.35,8.36,8.15,8.18,23904635,0.0,1.0
2015-11-19,8.2,8.3,8.17,8.28,28263301,0.0,1.0
2015-11-20,8.31,8.44,8.27,8.36,37219368,0.0,1.0
2015-11-23,8.37,8.96,8.32,8.93,96466272,0.0,1.0
2015-11-24,8.83,8.89,8.6,8.81,54679171,0.0,1.0
2015-11-25,8.77,8.85,8.68,8.84,45786197,0.0,1.0
2015-11-26,8.94,9.28,8.8,8.88,78079774,0.0,1.0
2015-11-27,8.78,8.88,8.05,8.18,55543867,0.0,1.0
2015-11-30,8.2,8.27,7.81,8.12,43544400,0.0,1.0
2015-12-01,8.14,8.29,8.05,8.27,27096668,0.0,1.0
2015-12-02,8.34,8.38,8.01,8.36,32933472,0.0,1.0
2015-12-03,8.33,8.45,8.27,8.44,26921639,0.0,1.0
2015-12-04,8.35,8.41,8.2,8.24,25730529,0.0,1.0
2015-12-07,8.28,8.43,8.22,8.31,22080372,0.0,1.0
2015-12-08,8.25,8.26,8.03,8.07,24543216,0.0,1.0
2015-12-09,8,8.09,7.96,7.98,19616952,0.0,1.0
2015-12-10,8,8.19,7.97,8.05,18611872,0.0,1.0
2015-12-11,8.01,8.02,7.85,7.89,19142740,0.0,1.0
2015-12-14,7.84,8.12,7.77,8.11,19109749,0.0,1.0
2015-12-15,8.14,8.17,8,8.11,20385747,0.0,1.0
2015-12-16,8.12,8.27,8.08,8.2,23876482,0.0,1.0
2015-12-17,8.25,8.39,8.22,8.33,28333261,0.0,1.0
2015-12-18,8.33,8.36,8.12,8.31,27569006,0.0,1.0
2015-12-21,8.21,8.72,8.21,8.64,59297790,0.0,1.0
2015-12-22,8.7,9.15,8.53,9.05,69344257,0.0,1.0
2015-12-23,8.98,9.17,8.86,8.87,49029368,0.0,1.0
2015-12-24,8.85,8.95,8.62,8.71,39469424,0.0,1.0
2015-12-25,8.72,8.94,8.68,8.75,24836223,0.0,1.0
2015-12-28,8.78,8.98,8.52,8.55,43197801,0.0,1.0
2015-12-29,8.59,8.74,8.43,8.7,22223044,0.0,1.0
2015-12-30,8.71,8.88,8.6,8.88,26032697,0.0,1.0
2015-12-31,8.9,8.9,8.59,8.6,21511986,0.0,1.0
2016-01-04,8.57,8.57,7.74,7.75,29137643,0.0,1.0
2016-01-05,7.48,7.97,7.35,7.76,29650373,0.0,1.0
2016-01-06,7.77,7.95,7.72,7.91,19425853,0.0,1.0
2016-01-07,7.79,7.79,7.12,7.14,7784866,0.0,1.0
2016-01-08,7.33,7.55,6.9,7.32,27160685,0.0,1.0
2016-01-11,7.11,7.22,6.69,6.74,27697816,0.0,1.0
2016-01-12,6.73,6.9,6.66,6.76,24283740,0.0,1.0
2016-01-13,6.84,6.87,6.57,6.6,22407280,0.0,1.0
2016-01-14,6.39,6.77,6.25,6.71,34083511,0.0,1.0
2016-01-15,6.65,6.65,6.31,6.38,21938610,0.0,1.0
2016-01-18,6.23,6.54,6.18,6.39,16373492,0.0,1.0
2016-01-19,6.39,6.62,6.34,6.6,25966889,0.0,1.0
2016-01-20,6.56,6.62,6.41,6.45,19636511,0.0,1.0
2016-01-21,6.3,6.57,6.26,6.27,18019542,0.0,1.0
2016-01-22,6.36,6.4,6.2,6.35,14197156,0.0,1.0
2016-01-25,6.44,6.48,6.32,6.4,12518198,0.0,1.0
2016-01-26,6.31,6.35,5.81,5.85,22768206,0.0,1.0
2016-01-27,5.89,5.95,5.51,5.75,20516276,0.0,1.0
2016-01-28,5.7,5.82,5.5,5.51,18661546,0.0,1.0
2016-01-29,5.5,5.78,5.5,5.71,16900789,0.0,1.0
2016-02-01,5.73,5.79,5.61,5.78,14414305,0.0,1.0
2016-02-02,5.78,5.93,5.77,5.9,17824159,0.0,1.0
2016-02-03,5.8,5.94,5.73,5.88,14262219,0.0,1.0
2016-02-04,5.9,6.03,5.88,6,14657396,0.0,1.0
2016-02-05,6.01,6.03,5.91,5.93,10120611,0.0,1.0
2016-02-15,5.77,5.98,5.73,5.95,10198320,0.0,1.0
2016-02-16,5.95,6.18,5.95,6.15,15430072,0.0,1.0
2016-02-17,6.14,6.22,6.05,6.17,18350201,0.0,1.0
2016-02-18,6.2,6.36,6.15,6.17,18075464,0.0,1.0
2016-02-19,6.17,6.39,6.12,6.37,19664037,0.0,1.0
2016-02-22,6.37,6.37,6.37,6.37,0,0.0,1.0
2016-02-23,6.37,6.37,6.37,6.37,0,0.0,1.0
2016-02-24,6.37,6.37,6.37,6.37,0,0.0,1.0
2016-02-25,6.37,6.37,6.37,6.37,0,0.0,1.0
2016-02-26,6.37,6.37,6.37,6.37,0,0.0,1.0
2016-02-29,6.37,6.37,6.37,6.37,0,0.0,1.0
2016-03-01,6,6.12,5.73,6.04,38976198,0.0,1.0
2016-03-02,6.03,6.4,5.95,6.34,29053797,0.0,1.0
2016-03-03,6.28,6.63,6.25,6.45,34546140,0.0,1.0
2016-03-04,6.39,6.48,6.05,6.24,23072675,0.0,1.0
2016-03-07,6.29,6.4,6.19,6.22,20679333,0.0,1.0
2016-03-08,6.26,6.29,5.97,6.24,21280205,0.0,1.0
2016-03-09,6.16,6.22,6.06,6.15,11340084,0.0,1.0
2016-03-10,6.17,6.19,6.02,6.03,11422635,0.0,1.0
2016-03-11,5.97,6.1,5.95,6.05,8701336,0.0,1.0
2016-03-14,6.14,6.38,6.11,6.24,22877580,0.0,1.0
2016-03-15,6.22,6.36,6.13,6.31,17993306,0.0,1.0
2016-03-16,6.29,6.32,6.18,6.19,9004663,0.0,1.0
2016-03-17,6.22,6.37,6.18,6.36,19959801,0.0,1.0
2016-03-18,6.36,6.63,6.36,6.55,36764798,0.0,1.0
2016-03-21,6.59,6.69,6.53,6.67,28512334,0.0,1.0
2016-03-22,6.63,6.67,6.53,6.56,23310251,0.0,1.0
2016-03-23,6.52,6.52,6.36,6.46,51293208,0.0,1.0
2016-03-24,6.4,6.4,6.31,6.32,24142675,0.0,1.0
2016-03-25,6.34,6.43,6.32,6.41,21787327,0.0,1.0
2016-03-28,6.46,6.49,6.31,6.33,21087082,0.0,1.0
2016-03-29,6.3,6.35,6.21,6.25,19168538,0.0,1.0
2016-03-30,6.29,6.41,6.28,6.41,17829045,0.0,1.0
2016-03-31,6.4,6.44,6.36,6.39,18768095,0.0,1.0
2016-04-01,6.35,6.37,6.21,6.32,19016302,0.0,1.0
2016-04-05,6.3,6.5,6.28,6.48,24927580,0.0,1.0
2016-04-06,6.45,6.53,6.42,6.52,26268188,0.0,1.0
2016-04-07,6.51,6.88,6.43,6.69,55607453,0.0,1.0
2016-04-08,6.6,6.67,6.41,6.5,36156509,0.0,1.0
2016-04-11,6.53,6.66,6.5,6.57,29689482,0.0,1.0
2016-04-12,6.58,6.58,6.4,6.48,19769297,0.0,1.0
2016-04-13,6.51,6.64,6.49,6.57,32907083,0.0,1.0
2016-04-14,6.6,6.63,6.55,6.61,22463657,0.0,1.0
2016-04-15,6.63,6.65,6.56,6.6,18164882,0.0,1.0
2016-04-18,6.56,6.58,6.43,6.46,16034985,0.0,1.0
2016-04-19,6.48,6.53,6.43,6.49,11154839,0.0,1.0
2016-04-20,6.51,6.54,6.08,6.17,27130484,0.0,1.0
2016-04-21,6.2,6.2,6.08,6.09,16085522,0.0,1.0
2016-04-22,6.06,6.16,6.03,6.14,11760341,0.0,1.0
2016-04-25,6.14,6.35,6.11,6.33,21003208,0.0,1.0
2016-04-26,6.3,6.32,6.16,6.29,18459224,0.0,1.0
2016-04-27,6.24,6.34,6.21,6.24,13281799,0.0,1.0
2016-04-28,6.24,6.26,6.08,6.15,15018185,0.0,1.0
2016-04-29,6.12,6.21,6.11,6.16,7151949,0.0,1.0
2016-05-03,6.31,6.41,6.19,6.39,28415267,0.0,1.0
2016-05-04,6.34,6.39,6.29,6.34,14956381,0.0,1.0
2016-05-05,6.34,6.42,6.32,6.38,12250914,0.0,1.0
2016-05-06,6.39,6.4,6.15,6.16,19857998,0.0,1.0
2016-05-09,6.13,6.14,6.02,6.05,15411369,0.0,1.0
2016-05-10,6.03,6.09,5.99,6.04,9448991,0.0,1.0
2016-05-11,6.06,6.1,6.01,6.03,10156439,0.0,1.0
2016-05-12,5.98,6.04,5.86,6.02,10226051,0.0,1.0
2016-05-13,6.01,6.07,5.93,5.98,7728894,0.0,1.0
2016-05-16,5.98,6.06,5.94,6.06,7576981,0.0,1.0
2016-05-17,6.05,6.1,6,6.05,9007767,0.0,1.0
2016-05-18,6,6.04,5.86,5.91,10438042,0.0,1.0
2016-05-19,5.92,6.01,5.91,5.93,6419161,0.0,1.0
2016-05-20,5.86,6.07,5.85,6.06,10745920,0.0,1.0
2016-05-23,6.12,6.24,6.1,6.2,17788275,0.0,1.0
2016-05-24,6.15,6.19,6.08,6.17,11858620,0.0,1.0
2016-05-25,6.18,6.22,6.07,6.07,8576544,0.0,1.0
2016-05-26,6.08,6.12,5.94,6.05,11382705,0.0,1.0
2016-05-27,6.04,6.08,5.98,6.05,7575238,0.0,1.0
2016-05-30,6.04,6.07,5.97,6.02,6392183,0.0,1.0
2016-05-31,6.02,6.24,6.02,6.23,22208714,0.0,1.0
2016-06-01,6.25,6.26,6.16,6.2,19390205,0.0,1.0
2016-06-02,6.21,6.24,6.16,6.2,14325349,0.0,1.0
2016-06-03,6.2,6.37,6.18,6.36,37047483,0.0,1.0
2016-06-06,6.36,6.41,6.26,6.33,19610758,0.0,1.0
2016-06-07,6.33,6.33,6.26,6.31,12179324,0.0,1.0
2016-06-08,6.31,6.4,6.24,6.33,19113729,0.0,1.0
2016-06-13,6.24,6.31,6.12,6.15,20079459,0.0,1.0
2016-06-14,6.15,6.19,6.1,6.14,9082997,0.0,1.0
2016-06-15,6.11,6.38,6.08,6.37,22333452,0.0,1.0
2016-06-16,6.28,6.37,6.19,6.2,18316228,0.09176,1.0
2016-06-17,6.21,6.35,6.2,6.28,18082854,0.0,1.0
2016-06-20,6.31,6.52,6.25,6.48,40198994,0.0,1.0
2016-06-21,6.48,6.67,6.41,6.48,39676014,0.0,1.0
2016-06-22,6.42,6.65,6.42,6.57,26731548,0.0,1.0
2016-06-23,6.57,6.59,6.41,6.48,19245218,0.0,1.0
2016-06-24,6.47,6.57,6.28,6.35,25016894,0.0,1.0
2016-06-27,6.3,6.48,6.28,6.46,20185378,0.0,1.0
2016-06-28,6.41,6.49,6.37,6.47,15060530,0.0,1.0
2016-06-29,6.47,6.55,6.46,6.49,16767693,0.0,1.0
2016-06-30,6.49,6.53,6.44,6.44,10427270,0.0,1.0
2016-07-01,6.45,6.48,6.39,6.4,11549501,0.0,1.0
2016-07-04,6.4,6.61,6.37,6.6,29274516,0.0,1.0
2016-07-05,6.6,6.63,6.55,6.6,19773240,0.0,1.0
2016-07-06,6.58,6.75,6.54,6.7,39060718,0.0,1.0
2016-07-07,6.7,6.74,6.6,6.67,19504697,0.0,1.0
2016-07-08,6.66,6.68,6.58,6.62,12943637,0.0,1.0
2016-07-11,6.64,6.74,6.61,6.63,17444489,0.0,1.0
2016-07-12,6.63,6.74,6.58,6.72,18833537,0.0,1.0
2016-07-13,6.74,6.79,6.65,6.73,21649824,0.0,1.0
2016-07-14,6.73,6.91,6.67,6.85,26410891,0.0,1.0
2016-07-15,6.85,6.86,6.7,6.8,17695730,0.0,1.0
2016-07-18,6.79,6.8,6.71,6.74,18147691,0.0,1.0
2016-07-19,6.72,6.78,6.69,6.76,15136676,0.0,1.0
2016-07-20,6.76,6.78,6.65,6.66,18855124,0.0,1.0
2016-07-21,6.67,6.74,6.66,6.69,11125656,0.0,1.0
2016-07-22,6.69,6.72,6.65,6.69,11709784,0.0,1.0
2016-07-25,6.7,6.84,6.65,6.83,20248256,0.0,1.0
2016-07-26,6.83,7.04,6.8,6.99,28850367,0.0,1.0
2016-07-27,6.98,6.99,6.57,6.73,31798837,0.0,1.0
2016-07-28,6.71,6.84,6.65,6.84,17447503,0.0,1.0
2016-07-29,6.8,6.86,6.76,6.78,12303896,0.0,1.0
2016-08-01,6.76,6.78,6.51,6.57,22925356,0.0,1.0
2016-08-02,6.58,6.61,6.5,6.6,9922495,0.0,1.0
2016-08-03,6.6,6.63,6.57,6.61,6514076,0.0,1.0
2016-08-04,6.61,6.63,6.55,6.62,7249351,0.0,1.0
2016-08-05,6.59,6.72,6.59,6.66,13289668,0.0,1.0
2016-08-08,6.68,6.72,6.59,6.71,10411613,0.0,1.0
2016-08-09,6.72,6.82,6.7,6.77,14164464,0.0,1.0
2016-08-10,6.77,6.91,6.75,6.81,19232441,0.0,1.0
2016-08-11,6.78,6.85,6.63,6.64,13299133,0.0,1.0
2016-08-12,6.64,6.78,6.6,6.77,14792073,0.0,1.0
2016-08-15,6.8,7,6.76,6.92,22880554,0.0,1.0
2016-08-16,6.9,6.99,6.87,6.94,20561974,0.0,1.0
2016-08-17,6.96,7.01,6.87,6.92,18614288,0.0,1.0
2016-08-18,6.9,6.95,6.88,6.91,11716729,0.0,1.0
2016-08-19,6.91,6.96,6.87,6.93,12669230,0.0,1.0
2016-08-22,6.94,6.98,6.87,6.89,10362966,0.0,1.0
2016-08-23,6.87,6.94,6.84,6.93,12016008,0.0,1.0
2016-08-24,6.95,6.96,6.82,6.86,10932747,0.0,1.0
2016-08-25,6.85,6.91,6.75,6.87,14276704,0.0,1.0
2016-08-26,6.86,6.93,6.81,6.87,13665275,0.0,1.0
2016-08-29,6.88,6.91,6.82,6.9,10848781,0.0,1.0
2016-08-30,6.9,6.92,6.84,6.85,8591751,0.0,1.0
2016-08-31,6.85,6.89,6.8,6.85,8740294,0.0,1.0
2016-09-01,6.83,6.86,6.72,6.73,12830314,0.0,1.0
2016-09-02,6.72,6.77,6.7,6.74,9215153,0.0,1.0
2016-09-05,6.76,6.88,6.73,6.76,11243475,0.0,1.0
2016-09-06,6.76,6.83,6.67,6.8,14433615,0.0,1.0
2016-09-07,6.79,6.92,6.78,6.84,17150840,0.0,1.0
2016-09-08,6.83,6.88,6.81,6.87,7775297,0.0,1.0
2016-09-09,6.87,6.88,6.78,6.79,11366319,0.0,1.0
2016-09-12,6.69,6.77,6.64,6.67,16268943,0.0,1.0
2016-09-13,6.68,6.77,6.67,6.77,15041416,0.0,1.0
2016-09-14,6.7,6.75,6.69,6.69,7298746,0.0,1.0
2016-09-19,6.75,6.75,6.69,6.73,7889168,0.0,1.0
2016-09-20,6.72,6.73,6.69,6.72,7583565,0.0,1.0
2016-09-21,6.71,6.72,6.65,6.67,10272652,0.0,1.0
2016-09-22,6.7,6.7,6.6,6.62,21778166,0.0,1.0
2016-09-23,6.62,6.64,6.53,6.55,11579034,0.0,1.0
2016-09-26,6.56,6.59,6.44,6.45,10508695,0.0,1.0
2016-09-27,6.44,6.5,6.42,6.49,7279210,0.0,1.0
2016-09-28,6.53,6.53,6.42,6.44,8279095,0.0,1.0
2016-09-29,6.45,6.5,6.44,6.47,7536174,0.0,1.0
2016-09-30,6.45,6.59,6.45,6.54,8375418,0.0,1.0
2016-10-10,6.56,6.73,6.56,6.69,22567152,0.0,1.0
2016-10-11,6.7,6.78,6.62,6.76,17191677,0.0,1.0
2016-10-12,6.73,6.77,6.71,6.74,8799246,0.0,1.0
2016-10-13,6.78,6.79,6.73,6.75,8957140,0.0,1.0
2016-10-14,6.79,6.79,6.72,6.78,8868516,0.0,1.0
2016-10-17,6.8,6.81,6.72,6.75,9507818,0.0,1.0
2016-10-18,6.75,6.85,6.71,6.84,15160082,0.0,1.0
2016-10-19,6.84,6.87,6.78,6.81,7992451,0.0,1.0
2016-10-20,6.8,6.82,6.76,6.79,7571564,0.0,1.0
2016-10-21,6.78,6.82,6.7,6.75,9370137,0.0,1.0
2016-10-24,6.78,6.88,6.74,6.84,13816620,0.0,1.0
2016-10-25,6.84,6.86,6.82,6.83,8821949,0.0,1.0
2016-10-26,6.83,6.87,6.78,6.82,10802675,0.0,1.0
2016-10-27,6.83,6.85,6.77,6.84,7736801,0.0,1.0
2016-10-28,6.84,6.85,6.76,6.76,6557781,0.0,1.0
2016-10-31,6.75,6.81,6.71,6.8,10673566,0.0,1.0
2016-11-01,6.81,6.82,6.77,6.81,9144870,0.0,1.0
2016-11-02,6.81,6.82,6.76,6.79,7366687,0.0,1.0
2016-11-03,6.78,7.02,6.76,6.9,34650168,0.0,1.0
2016-11-04,6.91,6.95,6.85,6.87,16938789,0.0,1.0
2016-11-07,6.84,7.02,6.83,7.01,23626848,0.0,1.0
2016-11-08,7.01,7.36,6.95,7.34,75857229,0.0,1.0
2016-11-09,7.26,7.45,7.2,7.39,56575646,0.0,1.0
2016-11-10,7.37,7.55,7.34,7.35,30222993,0.0,1.0
2016-11-11,7.36,7.47,7.31,7.37,23876773,0.0,1.0
2016-11-14,7.31,7.36,7.25,7.3,21035450,0.0,1.0
2016-11-15,7.3,7.44,7.3,7.34,22540988,0.0,1.0
2016-11-16,7.34,7.36,7.24,7.25,19979991,0.0,1.0
2016-11-17,7.3,7.54,7.24,7.45,32656234,0.0,1.0
2016-11-18,7.43,7.53,7.35,7.5,23125807,0.0,1.0
2016-11-21,7.49,7.54,7.38,7.48,17261342,0.0,1.0
2016-11-22,7.5,7.73,7.45,7.55,44946199,0.0,1.0
2016-11-23,7.51,7.62,7.42,7.45,18190918,0.0,1.0
2016-11-24,7.47,7.53,7.36,7.51,17967537,0.0,1.0
2016-11-25,7.48,7.5,7.28,7.44,13640913,0.0,1.0
2016-11-28,7.44,7.48,7.34,7.37,16526530,0.0,1.0
2016-11-29,7.39,7.47,7.34,7.39,16381603,0.0,1.0
2016-11-30,7.39,7.44,7.32,7.43,15660307,0.0,1.0
2016-12-01,7.43,7.61,7.41,7.58,20674224,0.0,1.0
2016-12-02,7.6,7.62,7.48,7.52,18305886,0.0,1.0
2016-12-05,7.49,7.98,7.42,7.68,43546836,0.0,1.0
2016-12-06,7.69,8.17,7.69,8.03,61483250,0.0,1.0
2016-12-07,8.05,8.09,7.89,8.02,27661676,0.0,1.0
2016-12-08,8.03,8.09,7.86,7.98,23539350,0.0,1.0
2016-12-09,7.98,8.01,7.7,7.83,24745958,0.0,1.0
2016-12-12,7.8,7.9,7.41,7.48,28407266,0.0,1.0
2016-12-13,7.42,7.61,7.36,7.48,18635626,0.0,1.0
2016-12-14,7.45,7.5,7.23,7.29,20126508,0.0,1.0
2016-12-15,7.3,7.56,7.26,7.49,26776649,0.0,1.0
2016-12-16,7.45,7.66,7.45,7.57,14872003,0.0,1.0
2016-12-19,7.57,7.68,7.53,7.63,14529044,0.0,1.0
2016-12-20,7.63,7.78,7.51,7.54,18051946,0.0,1.0
2016-12-21,7.55,7.67,7.51,7.66,16026611,0.0,1.0
2016-12-22,7.65,7.78,7.57,7.74,10928207,0.0,1.0
2016-12-23,7.75,7.97,7.75,7.81,21361589,0.0,1.0
2016-12-26,7.75,7.9,7.7,7.81,14948323,0.0,1.0
2016-12-27,7.89,7.95,7.65,7.67,19648773,0.0,1.0
2016-12-28,7.65,7.71,7.48,7.56,19555002,0.0,1.0
2016-12-29,7.6,7.73,7.54,7.68,12722783,0.0,1.0
2016-12-30,7.7,7.84,7.66,7.78,15724881,0.0,1.0
2017-01-03,7.75,7.85,7.73,7.78,11180513,0.0,1.0
2017-01-04,7.79,7.88,7.73,7.87,19858762,0.0,1.0
2017-01-05,7.85,7.96,7.8,7.81,14003928,0.0,1.0
2017-01-06,7.77,7.85,7.69,7.74,12658195,0.0,1.0
2017-01-09,7.74,7.74,7.74,7.74,0,0.0,1.0
2017-01-10,7.74,7.74,7.74,7.74,0,0.0,1.0
2017-01-11,7.74,7.74,7.74,7.74,0,0.0,1.0
2017-01-12,7.74,7.74,7.74,7.74,0,0.0,1.0
2017-01-13,7.74,7.74,7.74,7.74,0,0.0,1.0
2017-01-16,7.74,7.74,7.74,7.74,0,0.0,1.0
2017-01-17,7.74,7.74,7.74,7.74,0,0.0,1.0
2017-01-18,7.74,7.74,7.74,7.74,0,0.0,1.0
2017-01-19,7.74,7.74,7.74,7.74,0,0.0,1.0
2017-01-20,7.74,7.74,7.74,7.74,0,0.0,1.0
2017-01-23,7.74,7.74,7.74,7.74,0,0.0,1.0
2017-01-24,7.74,7.74,7.74,7.74,0,0.0,1.0
2017-01-25,7.74,7.74,7.74,7.74,0,0.0,1.0
2017-01-26,7.74,7.74,7.74,7.74,0,0.0,1.0
2017-02-03,7.74,7.74,7.74,7.74,0,0.0,1.0
2017-02-06,7.74,7.74,7.74,7.74,0,0.0,1.0
2017-02-07,7.74,7.74,7.74,7.74,0,0.0,1.0
2017-02-08,7.74,7.74,7.74,7.74,0,0.0,1.0
2017-02-09,7.74,7.74,7.74,7.74,0,0.0,1.0
2017-02-10,7.74,7.74,7.74,7.74,0,0.0,1.0
2017-02-13,7.74,7.74,7.74,7.74,0,0.0,1.0
2017-02-14,7.74,7.74,7.74,7.74,0,0.0,1.0
2017-02-15,7.74,7.74,7.74,7.74,0,0.0,1.0
2017-02-16,7.74,7.74,7.74,7.74,0,0.0,1.0
2017-02-17,7.74,7.74,7.74,7.74,0,0.0,1.0
2017-02-20,7.74,7.74,7.74,7.74,0,0.0,1.0
2017-02-21,7.74,7.74,7.74,7.74,0,0.0,1.0
2017-02-22,7.74,7.74,7.74,7.74,0,0.0,1.0
2017-02-23,7.74,7.74,7.74,7.74,0,0.0,1.0
2017-02-24,7.74,7.74,7.74,7.74,0,0.0,1.0
2017-02-27,7.74,7.74,7.74,7.74,0,0.0,1.0
2017-02-28,7.74,7.74,7.74,7.74,0,0.0,1.0
2017-03-01,7.74,7.74,7.74,7.74,0,0.0,1.0
2017-03-02,7.74,7.74,7.74,7.74,0,0.0,1.0
2017-03-03,7.74,7.74,7.74,7.74,0,0.0,1.0
2017-03-06,7.74,7.74,7.74,7.74,0,0.0,1.0
2017-03-07,7.74,7.74,7.74,7.74,0,0.0,1.0
2017-03-08,7.74,7.74,7.74,7.74,0,0.0,1.0
2017-03-09,7.74,7.74,7.74,7.74,0,0.0,1.0
2017-03-10,7.74,7.74,7.74,7.74,0,0.0,1.0
2017-03-13,7.74,7.74,7.74,7.74,0,0.0,1.0
2017-03-14,7.74,7.74,7.74,7.74,0,0.0,1.0
2017-03-15,7.74,7.74,7.74,7.74,0,0.0,1.0
2017-03-16,7.74,7.74,7.74,7.74,0,0.0,1.0
2017-03-17,7.74,7.74,7.74,7.74,0,0.0,1.0
2017-03-20,7.74,7.74,7.74,7.74,0,0.0,1.0
2017-03-21,7.74,7.74,7.74,7.74,0,0.0,1.0
2017-03-22,7.74,7.74,7.74,7.74,0,0.0,1.0
2017-03-23,7.74,7.74,7.74,7.74,0,0.0,1.0
2017-03-24,7.74,7.74,7.74,7.74,0,0.0,1.0
2017-03-27,7.74,7.74,7.74,7.74,0,0.0,1.0
2017-03-28,7.74,7.74,7.74,7.74,0,0.0,1.0
2017-03-29,7.74,7.74,7.74,7.74,0,0.0,1.0
2017-03-30,7.74,7.74,7.74,7.74,0,0.0,1.0
2017-03-31,7.74,7.74,7.74,7.74,0,0.0,1.0
2017-04-05,7.74,7.74,7.74,7.74,0,0.0,1.0
2017-04-06,7.74,7.74,7.74,7.74,0,0.0,1.0
2017-04-07,7.74,7.74,7.74,7.74,0,0.0,1.0
2017-04-10,7.74,7.74,7.74,7.74,0,0.0,1.0
2017-04-11,7.74,7.74,7.74,7.74,0,0.0,1.0
2017-04-12,7.74,7.74,7.74,7.74,0,0.0,1.0
2017-04-13,7.74,7.74,7.74,7.74,0,0.0,1.0
2017-04-14,7.74,7.74,7.74,7.74,0,0.0,1.0
2017-04-17,7.74,7.74,7.74,7.74,0,0.0,1.0
2017-04-18,7.74,7.74,7.74,7.74,0,0.0,1.0
2017-04-19,7.74,7.74,7.74,7.74,0,0.0,1.0
2017-04-20,7.74,7.74,7.74,7.74,0,0.0,1.0
2017-04-21,7.74,7.74,7.74,7.74,0,0.0,1.0
2017-04-24,7.74,7.74,7.74,7.74,0,0.0,1.0
2017-04-25,7.74,7.74,7.74,7.74,0,0.0,1.0
2017-04-26,7.74,7.74,7.74,7.74,0,0.0,1.0
2017-04-27,7.74,7.74,7.74,7.74,0,0.0,1.0
2017-04-28,7.74,7.74,7.74,7.74,0,0.0,1.0
2017-05-02,7.74,7.74,7.74,7.74,0,0.0,1.0
2017-05-03,7.74,7.74,7.74,7.74,0,0.0,1.0
2017-05-04,7.74,7.74,7.74,7.74,0,0.0,1.0
2017-05-05,7.74,7.74,7.74,7.74,0,0.0,1.0
2017-05-08,7.74,7.74,7.74,7.74,0,0.0,1.0
2017-05-09,7.74,7.74,7.74,7.74,0,0.0,1.0
2017-05-10,7.74,7.74,7.74,7.74,0,0.0,1.0
2017-05-11,7.74,7.74,7.74,7.74,0,0.0,1.0
2017-05-12,6.97,6.97,6.97,6.97,1549600,0.0,1.0
2017-05-15,6.27,6.27,6.27,6.27,7886100,0.0,1.0
2017-05-16,5.65,5.92,5.65,5.8,168113083,0.0,1.0
2017-05-17,5.68,5.84,5.66,5.77,68655273,0.0,1.0
2017-05-18,5.71,5.83,5.7,5.8,34300978,0.0,1.0
2017-05-19,5.8,5.82,5.58,5.61,47659582,0.0,1.0
2017-05-22,5.59,5.61,5.5,5.57,31304530,0.0,1.0
2017-05-23,5.54,5.6,5.4,5.42,30047725,0.0,1.0
2017-05-24,5.41,5.45,5.3,5.44,22633669,0.0,1.0
2017-05-25,5.45,5.52,5.37,5.52,19944096,0.0,1.0
2017-05-26,5.51,5.57,5.48,5.57,16101824,0.0,1.0
2017-05-31,5.62,5.69,5.57,5.59,16768172,0.0,1.0
2017-06-01,5.59,5.59,5.4,5.49,15332356,0.0,1.0
2017-06-02,5.37,5.44,5.3,5.42,12636833,0.09539,1.0
2017-06-05,5.43,5.46,5.38,5.44,10793030,0.0,1.0
2017-06-06,5.42,5.74,5.4,5.63,25785045,0.0,1.0
2017-06-07,5.59,5.75,5.57,5.72,22839950,0.0,1.0
2017-06-08,5.72,5.75,5.65,5.69,12953630,0.0,1.0
2017-06-09,5.68,5.71,5.62,5.69,10693161,0.0,1.0
2017-06-12,5.67,5.67,5.59,5.6,9465603,0.0,1.0
2017-06-13,5.6,5.68,5.57,5.67,11029861,0.0,1.0
2017-06-14,5.65,5.71,5.63,5.67,10207326,0.0,1.0
2017-06-15,5.67,5.78,5.65,5.74,15741845,0.0,1.0
2017-06-16,5.75,5.77,5.67,5.69,11372725,0.0,1.0
2017-06-19,5.66,5.72,5.64,5.69,8863401,0.0,1.0
2017-06-20,5.69,5.75,5.63,5.72,14248040,0.0,1.0
2017-06-21,5.71,5.74,5.67,5.71,13260028,0.0,1.0
2017-06-22,5.71,5.76,5.67,5.68,19183298,0.0,1.0
2017-06-23,5.66,5.73,5.63,5.72,14011886,0.0,1.0
2017-06-26,5.71,5.87,5.7,5.83,25984596,0.0,1.0
2017-06-27,5.83,5.89,5.79,5.88,15324520,0.0,1.0
2017-06-28,5.87,6.08,5.81,6.02,29597980,0.0,1.0
2017-06-29,6.04,6.14,5.98,6.01,18711710,0.0,1.0
2017-06-30,5.99,6.04,5.96,6.03,9654519,0.0,1.0
2017-07-03,6.02,6.05,5.94,6.02,9951448,0.0,1.0
2017-07-04,6.02,6.03,5.89,5.93,15115383,0.0,1.0
2017-07-05,5.92,5.98,5.91,5.98,10566144,0.0,1.0
2017-07-06,6,6.04,5.98,6.02,12460382,0.0,1.0
2017-07-07,6.01,6.01,5.92,5.98,10591293,0.0,1.0
2017-07-10,5.96,5.97,5.91,5.94,11368659,0.0,1.0
2017-07-11,5.94,5.94,5.78,5.8,16776693,0.0,1.0
2017-07-12,5.8,5.83,5.68,5.78,12588632,0.0,1.0
2017-07-13,5.77,5.87,5.74,5.82,13091418,0.0,1.0
2017-07-14,5.82,5.84,5.69,5.75,12779170,0.0,1.0
2017-07-17,5.74,5.76,5.48,5.54,22888056,0.0,1.0
2017-07-18,5.51,5.6,5.51,5.59,9856600,0.0,1.0
2017-07-19,5.56,5.66,5.51,5.65,10940201,0.0,1.0
2017-07-20,5.65,5.72,5.63,5.7,10908716,0.0,1.0
2017-07-21,5.68,5.71,5.63,5.67,14634897,0.0,1.0
2017-07-24,5.67,5.71,5.61,5.7,14558683,0.0,1.0
2017-07-25,5.71,5.75,5.64,5.67,10577886,0.0,1.0
2017-07-26,5.65,5.67,5.6,5.62,10280826,0.0,1.0
2017-07-27,5.6,5.85,5.58,5.82,27419561,0.0,1.0
2017-07-28,5.8,5.97,5.77,5.87,20650433,0.0,1.0
2017-07-31,5.86,6.05,5.8,5.99,23241338,0.0,1.0
2017-08-01,6.03,6.03,5.87,5.95,16129195,0.0,1.0
2017-08-02,5.92,6.03,5.87,5.92,18479197,0.0,1.0
2017-08-03,5.89,5.95,5.83,5.89,16299282,0.0,1.0
2017-08-04,5.9,5.96,5.87,5.88,12640543,0.0,1.0
2017-08-07,5.88,5.9,5.8,5.89,8790251,0.0,1.0
2017-08-08,5.88,5.91,5.81,5.86,12414662,0.0,1.0
2017-08-09,5.84,5.88,5.82,5.88,7607350,0.0,1.0
2017-08-10,5.87,5.88,5.73,5.77,15502572,0.0,1.0
2017-08-11,5.75,5.77,5.6,5.65,16127146,0.0,1.0
2017-08-14,5.65,5.7,5.62,5.67,12714645,0.0,1.0
2017-08-15,5.67,5.76,5.65,5.75,16659499,0.0,1.0
2017-08-16,5.73,5.76,5.71,5.74,9767975,0.0,1.0
2017-08-17,5.74,5.76,5.69,5.74,11429019,0.0,1.0
2017-08-18,5.7,5.73,5.69,5.7,8407461,0.0,1.0
2017-08-21,5.7,5.74,5.67,5.74,8122689,0.0,1.0
2017-08-22,5.73,5.74,5.67,5.68,10812960,0.0,1.0
2017-08-23,5.7,5.7,5.55,5.62,13829901,0.0,1.0
2017-08-24,5.61,5.64,5.57,5.59,7618095,0.0,1.0
2017-08-25,5.59,5.66,5.58,5.65,7868176,0.0,1.0
2017-08-28,5.65,5.72,5.64,5.7,16767934,0.0,1.0
2017-08-29,5.69,5.69,5.65,5.67,13421909,0.0,1.0
2017-08-30,5.64,5.7,5.6,5.68,13089573,0.0,1.0
2017-08-31,5.67,5.68,5.63,5.65,8578501,0.0,1.0
2017-09-01,5.65,5.67,5.62,5.65,12593339,0.0,1.0
2017-09-04,5.66,5.72,5.62,5.71,18617921,0.0,1.0
2017-09-05,5.69,5.73,5.65,5.67,16448909,0.0,1.0
2017-09-06,5.63,5.67,5.59,5.65,19678737,0.0,1.0
2017-09-07,5.65,5.65,5.61,5.63,14811018,0.0,1.0
2017-09-08,5.64,5.65,5.61,5.63,13043271,0.0,1.0
2017-09-11,5.63,5.86,5.62,5.84,42701882,0.0,1.0
2017-09-12,5.82,6.23,5.82,6.08,85082102,0.0,1.0
2017-09-13,6.03,6.12,5.99,6.06,34569178,0.0,1.0
2017-09-14,6.06,6.11,5.97,6.01,18418252,0.0,1.0
2017-09-15,6.01,6.02,5.9,5.97,16159921,0.0,1.0
2017-09-18,5.97,6.07,5.94,6.07,17420617,0.0,1.0
2017-09-19,6.07,6.09,5.96,6.01,13958417,0.0,1.0
2017-09-20,5.99,6.06,5.96,6.01,17489602,0.0,1.0
2017-09-21,6.04,6.21,6,6.08,31138807,0.0,1.0
2017-09-22,6.06,6.15,5.98,6.14,25547014,0.0,1.0
2017-09-25,6.1,6.25,6,6.05,22731791,0.0,1.0
2017-09-26,6.05,6.13,5.98,6.11,18338293,0.0,1.0
2017-09-27,6.06,6.2,6.06,6.17,14770509,0.0,1.0
2017-09-28,6.17,6.19,6.07,6.17,17669478,0.0,1.0
2017-09-29,6.17,6.21,6.12,6.15,15588629,0.0,1.0
2017-10-09,6.2,6.28,6.13,6.23,23989160,0.0,1.0
2017-10-10,6.22,6.51,6.2,6.45,34830979,0.0,1.0
2017-10-11,6.45,6.5,6.34,6.43,15458526,0.0,1.0
2017-10-12,6.4,6.43,6.28,6.33,11891417,0.0,1.0
2017-10-13,6.33,6.53,6.3,6.5,16578596,0.0,1.0
2017-10-16,6.53,6.55,6.36,6.41,13309131,0.0,1.0
2017-10-17,6.36,6.45,6.24,6.38,13326608,0.0,1.0
2017-10-18,6.35,6.39,6.21,6.23,11836208,0.0,1.0
2017-10-19,6.23,6.29,6.09,6.13,12987431,0.0,1.0
2017-10-20,6.17,6.21,6.07,6.21,8083650,0.0,1.0
2017-10-23,6.19,6.19,6.1,6.13,9745372,0.0,1.0
2017-10-24,6.13,6.16,6.05,6.08,9089801,0.0,1.0
2017-10-25,6.09,6.12,6.03,6.06,10409860,0.0,1.0
2017-10-26,6.06,6.11,6.02,6.07,11161627,0.0,1.0
2017-10-27,6.07,6.08,5.95,5.96,14075358,0.0,1.0
2017-10-30,5.96,5.99,5.82,5.84,12762832,0.0,1.0
2017-10-31,5.86,6,5.86,5.99,8592270,0.0,1.0
2017-11-01,6.02,6.12,5.97,6.1,14264769,0.0,1.0
2017-11-02,6.09,6.09,5.96,5.96,10254000,0.0,1.0
2017-11-03,6.14,6.22,5.96,6.04,23220849,0.0,1.0
2017-11-06,5.95,6.07,5.9,6.04,10815566,0.0,1.0
2017-11-07,6.03,6.05,5.94,6,14305893,0.0,1.0
2017-11-08,5.98,6.03,5.94,5.98,9631305,0.0,1.0
2017-11-09,5.99,6,5.9,5.95,9379436,0.0,1.0
2017-11-10,5.87,5.87,5.72,5.77,27260672,0.0,1.0
2017-11-13,5.77,5.86,5.66,5.84,17588542,0.0,1.0
2017-11-14,5.8,5.82,5.71,5.77,11435405,0.0,1.0
2017-11-15,5.78,5.79,5.7,5.7,7529499,0.0,1.0
2017-11-16,5.73,5.77,5.64,5.69,11257799,0.0,1.0
2017-11-17,5.68,5.7,5.53,5.56,13158340,0.0,1.0
2017-11-20,5.54,5.6,5.51,5.57,8878516,0.0,1.0
2017-11-21,5.58,5.66,5.55,5.61,15396085,0.0,1.0
2017-11-22,5.62,5.71,5.58,5.62,8705893,0.0,1.0
2017-11-23,5.63,5.69,5.53,5.57,8042251,0.0,1.0
2017-11-24,5.57,5.62,5.52,5.62,4922170,0.0,1.0
2017-11-27,5.57,5.75,5.57,5.64,10360869,0.0,1.0
2017-11-28,5.66,5.74,5.65,5.7,5424160,0.0,1.0
2017-11-29,5.68,5.73,5.65,5.71,7041637,0.0,1.0
2017-11-30,5.7,5.94,5.7,5.93,26391545,0.0,1.0
2017-12-01,5.93,5.94,5.83,5.88,10031437,0.0,1.0
2017-12-04,5.9,5.96,5.82,5.89,7679714,0.0,1.0
2017-12-05,5.89,6.15,5.86,5.98,24506576,0.0,1.0
2017-12-06,5.99,6.13,5.85,6.12,21620429,0.0,1.0
2017-12-07,6.13,6.13,5.98,6.01,12004476,0.0,1.0
2017-12-08,5.97,6.07,5.95,5.98,10099099,0.0,1.0
2017-12-11,5.95,6.33,5.93,6.26,26995938,0.0,1.0
2017-12-12,6.22,6.3,6.17,6.2,10660645,0.0,1.0
2017-12-13,6.18,6.26,6.15,6.21,6850763,0.0,1.0
2017-12-14,6.2,6.29,6.18,6.24,6240187,0.0,1.0
2017-12-15,6.22,6.23,6.09,6.11,10802004,0.0,1.0
2017-12-18,6.07,6.21,6.06,6.17,10725060,0.0,1.0
2017-12-19,6.19,6.37,6.19,6.32,15031462,0.0,1.0
2017-12-20,6.3,6.31,6.21,6.3,8300067,0.0,1.0
2017-12-21,6.24,6.41,6.13,6.36,16021138,0.0,1.0
2017-12-22,6.31,6.55,6.27,6.42,17022926,0.0,1.0
2017-12-25,6.41,6.55,6.35,6.36,15646366,0.0,1.0
2017-12-26,6.36,6.56,6.36,6.54,20358952,0.0,1.0
2017-12-27,6.52,6.61,6.45,6.47,11491736,0.0,1.0
2017-12-28,6.46,6.62,6.41,6.43,12826443,0.0,1.0
2017-12-29,6.43,6.58,6.41,6.57,12431895,0.0,1.0
2018-01-02,6.61,6.8,6.58,6.65,20308251,0.0,1.0
2018-01-03,6.62,6.74,6.6,6.71,17656514,0.0,1.0
2018-01-04,6.66,6.74,6.62,6.69,8843898,0.0,1.0
2018-01-05,6.67,6.69,6.56,6.59,11191274,0.0,1.0
2018-01-08,6.58,6.64,6.47,6.61,17667384,0.0,1.0
2018-01-09,6.6,6.61,6.43,6.46,20037308,0.0,1.0
2018-01-10,6.5,6.56,6.45,6.55,17842727,0.0,1.0
2018-01-11,6.49,6.5,6.36,6.36,16740997,0.0,1.0
2018-01-12,6.36,6.64,6.36,6.63,26295235,0.0,1.0
2018-01-15,6.57,6.7,6.36,6.4,26838274,0.0,1.0
2018-01-16,6.4,6.46,6.36,6.43,8422153,0.0,1.0
2018-01-17,6.38,6.5,6.15,6.47,21302188,0.0,1.0
2018-01-18,6.4,6.52,6.38,6.45,10060186,0.0,1.0
2018-01-19,6.47,6.62,6.43,6.54,12925124,0.0,1.0
2018-01-22,6.52,6.73,6.51,6.71,16280707,0.0,1.0
2018-01-23,6.7,6.76,6.62,6.66,15490695,0.0,1.0
2018-01-24,6.67,6.69,6.59,6.67,8147475,0.0,1.0
2018-01-25,6.66,6.89,6.65,6.67,14182608,0.0,1.0
2018-01-26,6.64,6.66,6.49,6.53,12549940,0.0,1.0
2018-01-29,6.53,6.56,6.31,6.36,23520302,0.0,1.0
2018-01-30,6.4,6.54,6.31,6.48,16879661,0.0,1.0
2018-01-31,6.42,6.54,6.31,6.52,16540148,0.0,1.0
2018-02-01,6.49,6.53,6.19,6.32,23220687,0.0,1.0
2018-02-02,6.31,6.31,6.16,6.29,11527890,0.0,1.0
2018-02-05,6.2,6.37,6.15,6.35,7601133,0.0,1.0
2018-02-06,6.21,6.34,5.97,6.01,12540503,0.0,1.0
2018-02-07,6.11,6.18,5.94,6.01,8448620,0.0,1.0
2018-02-08,6.02,6.14,6.01,6.1,5687245,0.0,1.0
2018-02-09,5.99,6.04,5.74,5.99,13503687,0.0,1.0
2018-02-12,6.04,6.04,5.9,5.98,6595134,0.0,1.0
2018-02-13,5.98,6.12,5.98,6.01,4800670,0.0,1.0
2018-02-14,6.03,6.03,5.91,5.92,4716119,0.0,1.0
2018-02-22,6.03,6.09,5.94,6.06,4430400,0.0,1.0
2018-02-23,6.05,6.11,6.04,6.09,4315100,0.0,1.0
2018-02-26,6.1,6.24,6.08,6.22,6444942,0.0,1.0
2018-02-27,6.22,6.27,6.15,6.24,4355347,0.0,1.0
2018-02-28,6.23,6.31,6.17,6.28,6475827,0.0,1.0
2018-03-01,6.26,6.41,6.23,6.34,6687283,0.0,1.0
2018-03-02,6.29,6.41,6.29,6.31,5574021,0.0,1.0
2018-03-05,6.31,6.33,6.23,6.31,5213485,0.0,1.0
2018-03-06,6.32,6.39,6.32,6.38,5349004,0.0,1.0
2018-03-07,6.37,6.38,6.22,6.25,6177500,0.0,1.0
2018-03-08,6.24,6.32,6.21,6.27,3270525,0.0,1.0
2018-03-09,6.3,6.43,6.29,6.4,9022195,0.0,1.0
2018-03-12,6.45,6.51,6.42,6.49,12839966,0.0,1.0
2018-03-13,6.49,6.54,6.4,6.41,8336437,0.0,1.0
2018-03-14,6.41,6.41,6.28,6.32,6919195,0.0,1.0
2018-03-15,6.3,6.35,6.16,6.22,14860458,0.0,1.0
2018-03-16,6.22,6.23,6.08,6.12,14615446,0.0,1.0
2018-03-19,6.09,6.14,6.07,6.13,6790099,0.0,1.0
2018-03-20,6.08,6.13,6.02,6.1,6031482,0.0,1.0
2018-03-21,6.11,6.16,6.02,6.05,10301944,0.0,1.0
2018-03-22,6.05,6.11,5.99,6.06,6978801,0.0,1.0
2018-03-23,5.9,5.96,5.65,5.91,14813183,0.0,1.0
2018-03-26,5.81,5.92,5.8,5.92,7318583,0.0,1.0
2018-03-27,5.96,6.03,5.93,5.98,6644398,0.0,1.0
2018-03-28,5.95,6,5.8,5.84,10427144,0.0,1.0
2018-03-29,5.89,5.99,5.83,5.99,5745184,0.0,1.0
2018-03-30,6.03,6.03,5.96,5.99,5249816,0.0,1.0
2018-04-02,5.99,6.03,5.9,5.97,6251091,0.0,1.0
2018-04-03,5.9,5.94,5.85,5.87,6147501,0.0,1.0
2018-04-04,5.87,5.92,5.78,5.79,6391877,0.0,1.0
2018-04-09,5.78,5.93,5.76,5.8,7606022,0.0,1.0
2018-04-10,5.83,5.86,5.78,5.85,4529580,0.0,1.0
2018-04-11,5.88,5.93,5.85,5.87,6600158,0.0,1.0
2018-04-12,5.5,5.77,5.28,5.63,73766129,0.0,1.0
2018-04-13,5.51,5.54,5.36,5.39,22422324,0.0,1.0
2018-04-16,5.4,5.46,5.34,5.45,13783770,0.0,1.0
2018-04-17,5.44,5.45,5.35,5.38,9943188,0.0,1.0
2018-04-18,5.43,5.43,5.31,5.39,8025263,0.0,1.0
2018-04-19,5.37,5.48,5.37,5.43,8709912,0.0,1.0
2018-04-20,5.42,5.45,5.36,5.37,6254601,0.0,1.0
2018-04-23,5.36,5.46,5.36,5.45,6616331,0.0,1.0
2018-04-24,5.45,5.69,5.44,5.68,13674873,0.0,1.0
2018-04-25,5.64,5.85,5.62,5.78,10358683,0.0,1.0
2018-04-26,5.75,5.8,5.64,5.68,7001300,0.0,1.0
2018-04-27,5.7,5.81,5.69,5.79,6668586,0.0,1.0
2018-05-02,5.8,5.8,5.62,5.66,6025175,0.0,1.0
2018-05-03,5.64,5.77,5.6,5.76,7250873,0.0,1.0
2018-05-04,5.76,5.76,5.68,5.73,4205112,0.0,1.0
2018-05-07,5.71,5.83,5.71,5.78,5803980,0.0,1.0
2018-05-08,5.78,5.79,5.73,5.76,7696290,0.0,1.0
2018-05-09,5.74,5.87,5.74,5.82,8197330,0.0,1.0
2018-05-10,5.82,5.95,5.81,5.94,8119482,0.0,1.0
2018-05-11,5.91,5.95,5.84,5.91,7460325,0.0,1.0
2018-05-14,5.93,5.97,5.82,5.86,4637555,0.0,1.0
2018-05-15,5.85,5.93,5.73,5.79,10057957,0.0,1.0
2018-05-16,5.79,5.82,5.71,5.73,5656559,0.0,1.0
2018-05-17,5.75,5.78,5.71,5.74,3162910,0.0,1.0
2018-05-18,5.74,5.8,5.74,5.79,3796200,0.0,1.0
2018-05-21,5.78,5.81,5.76,5.77,6609461,0.0,1.0
2018-05-22,5.77,5.79,5.71,5.76,4579796,0.0,1.0
2018-05-23,5.77,5.77,5.6,5.6,6296481,0.0,1.0
2018-05-24,5.6,5.77,5.59,5.75,6972900,0.0,1.0
2018-05-25,5.75,5.77,5.7,5.72,4239880,0.0,1.0
2018-05-28,5.71,5.74,5.56,5.58,7946470,0.0,1.0
2018-05-29,5.58,5.61,5.49,5.53,3160602,0.0,1.0
2018-05-30,5.5,5.5,5.34,5.4,8855826,0.0,1.0
2018-05-31,5.49,5.64,5.41,5.62,7134914,0.0,1.0
2018-06-01,5.56,5.6,5.5,5.53,4230163,0.0,1.0
2018-06-04,5.52,5.85,5.52,5.75,13598266,0.0,1.0
2018-06-05,5.75,5.81,5.72,5.77,5817787,0.0,1.0
2018-06-06,5.77,5.8,5.7,5.72,4003700,0.0,1.0
2018-06-07,5.72,5.81,5.72,5.74,3798788,0.0,1.0
2018-06-08,5.73,5.76,5.55,5.58,5281093,0.0,1.0
2018-06-11,5.54,5.64,5.54,5.55,3615272,0.0,1.0
2018-06-12,5.55,5.63,5.54,5.57,3005372,0.0,1.0
2018-06-13,5.57,5.61,5.48,5.49,4031900,0.0,1.0
2018-06-14,5.49,5.55,5.48,5.51,3972800,0.0,1.0
2018-06-15,5.51,5.55,5.42,5.47,4458498,0.0,1.0
2018-06-19,5.47,5.47,5.1,5.23,12719868,0.0,1.0
2018-06-20,5.21,5.32,5.14,5.26,6103456,0.0,1.0
2018-06-21,5.27,5.31,5.13,5.18,4389312,0.0,1.0
2018-06-22,5.15,5.27,5.13,5.27,2671873,0.0,1.0
2018-06-25,5.29,5.34,5.2,5.25,3150720,0.0,1.0
2018-06-26,5.22,5.32,5.19,5.29,3351900,0.0,1.0
2018-06-27,5.3,5.33,5.27,5.28,2896901,0.0,1.0
2018-06-28,5.28,5.35,5.2,5.25,3257701,0.0,1.0
2018-06-29,5.19,5.26,5.15,5.22,3006525,0.09709,1.0
2018-07-02,5.23,5.28,5.13,5.18,3768919,0.0,1.0
2018-07-03,5.18,5.23,5.14,5.2,4225226,0.0,1.0
2018-07-04,5.19,5.23,5.05,5.06,4983756,0.0,1.0
2018-07-05,5.1,5.14,5.02,5.03,3720577,0.0,1.0
2018-07-06,5.01,5.04,4.75,4.87,9567797,0.0,1.0
2018-07-09,4.95,5.13,4.95,5.12,8089725,0.0,1.0
2018-07-10,5.15,5.22,5.03,5.19,11571907,0.0,1.0
2018-07-11,5.1,5.17,5.05,5.11,6432646,0.0,1.0
2018-07-12,5.15,5.25,5.13,5.22,9167868,0.0,1.0
2018-07-13,5.23,5.26,5.14,5.16,5362174,0.0,1.0
2018-07-16,5.16,5.16,5,5.04,9794733,0.0,1.0
2018-07-17,5.06,5.06,4.99,5.06,4339900,0.0,1.0
2018-07-18,5.06,5.16,5.05,5.06,5934692,0.0,1.0
2018-07-19,5.09,5.11,4.99,5.04,4138560,0.0,1.0
2018-07-20,5.05,5.09,4.93,5.06,6697661,0.0,1.0
2018-07-23,5.05,5.09,4.98,5.08,6114725,0.0,1.0
2018-07-24,5.08,5.18,5.05,5.16,9178026,0.0,1.0
2018-07-25,5.18,5.19,5.09,5.13,7433202,0.0,1.0
2018-07-26,5.11,5.16,5.08,5.14,7317910,0.0,1.0
2018-07-27,5.14,5.16,5.09,5.11,4576816,0.0,1.0
2018-07-30,5.11,5.11,5.01,5.07,5663240,0.0,1.0
2018-07-31,5.03,5.08,5.02,5.05,3133500,0.0,1.0
2018-08-01,5.05,5.12,4.99,5.04,5498734,0.0,1.0
2018-08-02,5.03,5.03,4.78,4.9,11736964,0.0,1.0
2018-08-03,4.88,4.94,4.75,4.77,9556542,0.0,1.0
2018-08-06,4.79,4.79,4.51,4.59,11572900,0.0,1.0
2018-08-07,4.61,4.71,4.58,4.69,8061540,0.0,1.0
2018-08-08,4.66,4.76,4.65,4.65,7321905,0.0,1.0
2018-08-09,4.62,4.77,4.62,4.74,7190498,0.0,1.0
2018-08-10,4.73,4.81,4.72,4.79,4884764,0.0,1.0
2018-08-13,4.74,4.79,4.66,4.77,6181262,0.0,1.0
2018-08-14,4.77,4.78,4.72,4.76,3127752,0.0,1.0
2018-08-15,4.76,4.77,4.56,4.59,6789643,0.0,1.0
2018-08-16,4.59,4.62,4.49,4.55,6495857,0.0,1.0
2018-08-17,4.58,4.6,4.49,4.51,4622000,0.0,1.0
2018-08-20,4.54,4.54,4.36,4.43,7566071,0.0,1.0
2018-08-21,4.45,4.58,4.42,4.55,6004666,0.0,1.0
2018-08-22,4.55,4.55,4.42,4.46,4472766,0.0,1.0
2018-08-23,4.47,4.58,4.45,4.54,6211740,0.0,1.0
2018-08-24,4.54,4.56,4.48,4.54,3256400,0.0,1.0
2018-08-27,4.56,4.63,4.55,4.6,6073700,0.0,1.0
2018-08-28,4.64,4.66,4.58,4.65,6248760,0.0,1.0
2018-08-29,4.65,4.74,4.59,4.62,7978400,0.0,1.0
2018-08-30,4.6,4.64,4.53,4.54,7017665,0.0,1.0
2018-08-31,4.57,4.58,4.5,4.53,3666000,0.0,1.0
2018-09-03,4.53,4.75,4.47,4.7,7016620,0.0,1.0
2018-09-04,4.7,4.73,4.61,4.68,9673500,0.0,1.0
2018-09-05,4.68,4.69,4.55,4.57,6392601,0.0,1.0
2018-09-06,4.57,4.59,4.49,4.5,3861840,0.0,1.0
2018-09-07,4.51,4.58,4.44,4.51,5166900,0.0,1.0
2018-09-10,4.5,4.54,4.4,4.42,4489117,0.0,1.0
2018-09-11,4.41,4.5,4.37,4.43,4949802,0.0,1.0
2018-09-12,4.45,4.47,4.4,4.41,3600400,0.0,1.0
2018-09-13,4.46,4.49,4.4,4.45,4884948,0.0,1.0
2018-09-14,4.45,4.47,4.39,4.4,5160100,0.0,1.0
2018-09-17,4.39,4.39,4.25,4.25,5937907,0.0,1.0
2018-09-18,4.27,4.35,4.24,4.33,5808741,0.0,1.0
2018-09-19,4.33,4.41,4.32,4.37,5892140,0.0,1.0
2018-09-20,4.36,4.4,4.34,4.38,4696576,0.0,1.0
2018-09-21,4.38,4.45,4.35,4.44,6563199,0.0,1.0
2018-09-25,4.41,4.44,4.38,4.43,5322254,0.0,1.0
2018-09-26,4.44,4.46,4.4,4.42,4857312,0.0,1.0
2018-09-27,4.44,4.46,4.34,4.35,5482253,0.0,1.0
2018-09-28,4.34,4.43,4.34,4.43,5624910,0.0,1.0
2018-10-08,4.39,4.39,4.27,4.3,5284797,0.0,1.0
2018-10-09,4.29,4.36,4.26,4.31,4926140,0.0,1.0
2018-10-10,4.28,4.34,4.24,4.29,7175542,0.0,1.0
2018-10-11,4.1,4.17,3.86,3.88,14277245,0.0,1.0
2018-10-12,3.86,3.92,3.68,3.89,12114828,0.0,1.0
2018-10-15,3.92,3.94,3.74,3.84,10503550,0.0,1.0
2018-10-16,3.83,3.89,3.75,3.8,5839884,0.0,1.0
2018-10-17,3.83,3.84,3.72,3.77,11530924,0.0,1.0
2018-10-18,3.77,3.77,3.58,3.6,12843947,0.0,1.0
2018-10-19,3.55,3.71,3.5,3.67,10882781,0.0,1.0
2018-10-22,3.67,3.67,3.67,3.67,0,0.0,1.0
2018-10-23,4.44,4.44,4.31,4.44,57450742,0.0,1.0
2018-10-24,4.35,4.48,4.25,4.41,37719169,0.0,1.0
2018-10-25,4.2,4.35,4.18,4.3,22844459,0.0,1.0
2018-10-26,4.35,4.35,4.16,4.21,19150887,0.0,1.0
2018-10-29,4.33,4.39,4.19,4.19,17369446,0.0,1.0
2018-10-30,4.2,4.42,4.18,4.3,21407645,0.0,1.0
2018-10-31,4.34,4.52,4.28,4.43,22595858,0.0,1.0
2018-11-01,4.46,4.48,4.35,4.37,19981252,0.0,1.0
2018-11-02,4.47,4.56,4.41,4.49,22198118,0.0,1.0
2018-11-05,4.49,4.63,4.47,4.63,25198813,0.0,1.0
2018-11-06,4.63,4.63,4.54,4.62,13800801,0.0,1.0
2018-11-07,4.62,4.67,4.52,4.55,13043979,0.0,1.0
2018-11-08,4.57,4.65,4.53,4.64,12866702,0.0,1.0
2018-11-09,4.62,4.77,4.53,4.68,18945248,0.0,1.0
2018-11-12,4.7,4.76,4.6,4.76,14583618,0.0,1.0
2018-11-13,4.7,4.9,4.7,4.85,17058751,0.0,1.0
2018-11-14,4.85,5.13,4.81,5.06,28797969,0.0,1.0
2018-11-15,4.98,5.09,4.94,5.08,18895138,0.0,1.0
2018-11-16,5.06,5.08,4.94,5.03,19699861,0.0,1.0
2018-11-19,5.01,5.01,4.88,4.96,15681078,0.0,1.0
2018-11-20,4.93,4.97,4.83,4.83,11370106,0.0,1.0
2018-11-21,4.79,4.95,4.74,4.9,10395152,0.0,1.0
2018-11-22,4.94,4.95,4.84,4.87,7473453,0.0,1.0
2018-11-23,4.87,5.09,4.84,4.87,21131980,0.0,1.0
2018-11-26,4.94,4.95,4.72,4.77,9257362,0.0,1.0
2018-11-27,4.81,4.86,4.69,4.78,8676157,0.0,1.0
2018-11-28,4.78,4.88,4.74,4.84,8759400,0.0,1.0
2018-11-29,4.9,4.91,4.64,4.67,11395855,0.0,1.0
2018-11-30,4.67,4.75,4.6,4.71,10584355,0.0,1.0
2018-12-03,4.85,4.92,4.82,4.85,16200824,0.0,1.0
2018-12-04,4.85,4.87,4.77,4.84,10800144,0.0,1.0
2018-12-05,4.75,4.81,4.72,4.77,5992100,0.0,1.0
2018-12-06,4.77,4.77,4.65,4.67,9853251,0.0,1.0
2018-12-07,4.67,4.95,4.65,4.85,15820951,0.0,1.0
2018-12-10,4.84,4.89,4.75,4.77,7824520,0.0,1.0
2018-12-11,4.75,4.91,4.75,4.77,9350773,0.0,1.0
2018-12-12,4.83,4.91,4.81,4.85,10372030,0.0,1.0
2018-12-13,4.86,4.9,4.82,4.83,12176300,0.0,1.0
2018-12-14,4.84,4.86,4.66,4.7,8663316,0.0,1.0
2018-12-17,4.7,4.73,4.56,4.69,9511427,0.0,1.0
2018-12-18,4.67,4.7,4.61,4.67,8098330,0.0,1.0
2018-12-19,4.69,4.69,4.54,4.57,8482890,0.0,1.0
2018-12-20,4.57,4.64,4.56,4.62,7118467,0.0,1.0
2018-12-21,4.59,4.65,4.54,4.57,5624900,0.0,1.0
2018-12-24,4.59,4.77,4.55,4.73,13064922,0.0,1.0
2018-12-25,4.66,4.7,4.56,4.64,10168400,0.0,1.0
2018-12-26,4.6,4.81,4.6,4.76,14317252,0.0,1.0
2018-12-27,4.85,4.89,4.75,4.76,13925395,0.0,1.0
2018-12-28,4.76,4.98,4.76,4.95,22677262,0.0,1.0
2019-01-02,4.9,4.93,4.81,4.84,12777270,0.0,1.0
2019-01-03,4.84,4.91,4.83,4.84,15497455,0.0,1.0
2019-01-04,4.8,4.93,4.8,4.93,13736956,0.0,1.0
2019-01-07,4.8,5.01,4.89,4.96,14374736,0.0,1.0
2019-01-08,4.98,5.08,4.95,5.03,17719402,0.0,1.0
2019-01-09,5.04,5.13,4.96,4.98,18911793,0.0,1.0
2019-01-10,4.98,5.06,4.97,5,14664286,0.0,1.0
2019-01-11,4.97,5.05,4.96,5.03,10197849,0.0,1.0
2019-01-14,5.02,5.08,5.01,5.03,10135301,0.0,1.0
2019-01-15,5.03,5.07,4.98,5.03,17353035,0.0,1.0
2019-01-16,5.05,5.16,5.01,5.06,15480803,0.0,1.0
2019-01-17,5.04,5.09,5.01,5.02,8925499,0.0,1.0
2019-01-18,5.04,5.06,4.97,5.01,15151228,0.0,1.0
2019-01-21,5,5.05,4.99,5,10390238,0.0,1.0
2019-01-22,5.02,5.02,4.86,4.9,12306106,0.0,1.0
2019-01-23,4.9,4.93,4.86,4.91,8836702,0.0,1.0
2019-01-24,4.9,4.94,4.87,4.91,6859800,0.0,1.0
2019-01-25,4.91,4.92,4.84,4.86,8864821,0.0,1.0
2019-01-28,4.87,5.21,4.71,4.75,17108800,0.0,1.0
2019-01-29,4.79,4.8,4.66,4.75,13124201,0.0,1.0
2019-01-30,4.69,4.77,4.67,4.68,8751663,0.0,1.0
2019-01-31,4.68,4.72,4.54,4.58,9997000,0.0,1.0
2019-02-01,4.6,4.78,4.56,4.71,12774888,0.0,1.0
2019-02-11,4.73,4.82,4.71,4.79,11219782,0.0,1.0
2019-02-12,4.8,4.83,4.76,4.8,11505194,0.0,1.0
2019-02-13,4.8,4.88,4.77,4.87,16542359,0.0,1.0
2019-02-14,4.85,4.87,4.79,4.81,11407494,0.0,1.0
2019-02-15,4.81,4.85,4.76,4.78,12536900,0.0,1.0
2019-02-18,4.79,4.91,4.79,4.9,21177464,0.0,1.0
2019-02-19,4.92,4.99,4.8,4.88,21081497,0.0,1.0
2019-02-20,4.89,4.91,4.81,4.86,15485061,0.0,1.0
2019-02-21,4.87,4.89,4.79,4.81,18216441,0.0,1.0
2019-02-22,4.82,4.96,4.78,4.94,22202196,0.0,1.0
2019-02-25,4.95,5.35,4.95,5.35,56198041,0.0,1.0
2019-02-26,5.32,5.37,5.21,5.26,31632785,0.0,1.0
2019-02-27,5.26,5.35,5.18,5.24,21239711,0.0,1.0
2019-02-28,5.24,5.33,5.21,5.27,14668882,0.0,1.0
2019-03-01,5.26,5.31,5.19,5.28,16156423,0.0,1.0
2019-03-04,5.3,5.53,5.26,5.36,34410130,0.0,1.0
2019-03-05,5.37,5.51,5.37,5.5,28141135,0.0,1.0
2019-03-06,5.56,5.6,5.41,5.55,27749043,0.0,1.0
2019-03-07,5.55,5.6,5.48,5.54,26661593,0.0,1.0
2019-03-08,5.45,5.53,5.31,5.31,26590190,0.0,1.0
2019-03-11,5.32,5.6,5.32,5.55,28598568,0.0,1.0
2019-03-12,5.58,5.68,5.49,5.6,24322998,0.0,1.0
2019-03-13,5.59,5.59,5.36,5.45,21017612,0.0,1.0
2019-03-14,5.42,5.5,5.31,5.34,13412538,0.0,1.0
2019-03-15,5.32,5.45,5.32,5.4,11098092,0.0,1.0
2019-03-18,5.42,5.53,5.38,5.5,14919106,0.0,1.0
2019-03-19,5.51,5.54,5.42,5.46,11856671,0.0,1.0
2019-03-20,5.47,5.79,5.43,5.69,36736626,0.0,1.0
2019-03-21,5.68,5.71,5.59,5.67,21327511,0.0,1.0
2019-03-22,5.65,5.66,5.48,5.59,18580218,0.0,1.0
2019-03-25,5.49,5.58,5.45,5.5,14362329,0.0,1.0
2019-03-26,5.55,5.57,5.35,5.37,14661604,0.0,1.0
2019-03-27,5.39,5.45,5.22,5.44,14094906,0.0,1.0
2019-03-28,5.41,5.45,5.33,5.38,10005160,0.0,1.0
2019-03-29,5.35,5.54,5.34,5.51,17455656,0.0,1.0
2019-04-01,5.52,5.65,5.51,5.64,27905006,0.0,1.0
2019-04-02,5.71,5.75,5.54,5.6,28064758,0.0,1.0
2019-04-03,5.62,5.67,5.53,5.66,25280964,0.0,1.0
2019-04-04,5.64,6.04,5.63,5.91,51298709,0.0,1.0
2019-04-08,6.08,6.2,5.9,5.97,50604920,0.0,1.0
2019-04-09,6.02,6.08,5.82,5.88,24282090,0.0,1.0
2019-04-10,5.84,5.94,5.72,5.85,21734014,0.0,1.0
2019-04-11,5.85,5.99,5.77,5.8,18287061,0.0,1.0
2019-04-12,5.77,5.85,5.72,5.76,16086860,0.0,1.0
2019-04-15,5.82,5.89,5.68,5.68,17515427,0.0,1.0
2019-04-16,5.65,5.76,5.55,5.73,18292477,0.0,1.0
2019-04-17,5.74,5.79,5.69,5.75,15815489,0.0,1.0
2019-04-18,5.77,5.77,5.66,5.67,11814416,0.0,1.0
2019-04-19,5.68,5.76,5.66,5.71,14343213,0.0,1.0
2019-04-22,5.71,5.76,5.65,5.75,15293306,0.0,1.0
2019-04-23,5.72,5.72,5.44,5.49,28553954,0.0,1.0
2019-04-24,5.49,5.5,5.33,5.4,25463304,0.0,1.0
2019-04-25,5.36,5.42,5.22,5.23,17284519,0.0,1.0
2019-04-26,5.2,5.29,5.14,5.19,16979284,0.0,1.0
2019-05-06,5.02,5.08,4.73,4.82,23372089,0.0,1.0
2019-05-07,4.85,4.88,4.73,4.82,13912871,0.0,1.0
2019-05-08,4.71,4.8,4.69,4.76,14490517,0.0,1.0
2019-05-09,4.72,4.78,4.68,4.7,9539650,0.0,1.0
2019-05-10,4.74,4.85,4.68,4.83,14771664,0.0,1.0
2019-05-13,4.79,4.81,4.73,4.75,8203683,0.0,1.0
2019-05-14,4.71,4.77,4.63,4.66,10649968,0.0,1.0
2019-05-15,4.7,4.78,4.68,4.77,10516097,0.0,1.0
2019-05-16,4.77,4.96,4.76,4.92,14756809,0.0,1.0
2019-05-17,4.93,4.93,4.75,4.76,10563102,0.0,1.0
2019-05-20,4.74,4.8,4.66,4.79,7420525,0.0,1.0
2019-05-21,4.78,4.89,4.78,4.85,7938380,0.0,1.0
2019-05-22,4.86,4.86,4.76,4.8,5479150,0.0,1.0
2019-05-23,4.76,4.81,4.7,4.71,5498400,0.0,1.0
2019-05-24,4.71,4.77,4.7,4.76,5555303,0.0,1.0
2019-05-27,4.76,4.87,4.72,4.84,8686859,0.0,1.0
2019-05-28,4.84,4.89,4.8,4.84,7949190,0.0,1.0
2019-05-29,4.82,4.88,4.79,4.83,6559961,0.0,1.0
2019-05-30,4.83,4.95,4.83,4.92,10238852,0.0,1.0
2019-05-31,4.92,4.93,4.82,4.83,9852790,0.0,1.0
2019-06-03,4.86,4.88,4.73,4.73,8566861,0.0,1.0
2019-06-04,4.74,4.78,4.69,4.73,5989140,0.0,1.0
2019-06-05,4.75,4.79,4.72,4.73,6073600,0.0,1.0
2019-06-06,4.71,4.76,4.68,4.7,7512415,0.0,1.0
2019-06-10,4.71,4.76,4.68,4.71,5342260,0.0,1.0
2019-06-11,4.71,4.89,4.71,4.87,10292111,0.0,1.0
2019-06-12,4.91,4.93,4.83,4.86,9712959,0.0,1.0
2019-06-13,4.87,4.91,4.82,4.89,6825447,0.0,1.0
2019-06-14,4.88,4.93,4.78,4.8,6904735,0.0,1.0
2019-06-20,4.93,5.05,4.91,5.01,13313323,0.0,1.0
2019-06-21,5,5.22,5,5.11,20615181,0.0,1.0
2019-06-24,5.18,5.2,5.07,5.11,10492210,0.0,1.0
2019-06-25,5.08,5.1,4.97,5.03,11159182,0.0,1.0
2019-06-26,5.01,5.03,4.96,4.99,7145429,0.0,1.0
2019-06-27,4.98,5.08,4.98,5.02,7072300,0.0,1.0
2019-06-28,5.05,5.05,4.87,4.9,12477266,0.0,1.0
2019-07-01,5.02,5.02,4.93,5,20567551,0.0,1.0
2019-07-02,4.98,5.04,4.97,5,12221242,0.0,1.0
2019-07-03,5.02,5.13,4.96,5.08,16933233,0.0,1.0
2019-07-04,5.07,5.13,5.01,5.03,13470330,0.0,1.0
2019-07-05,4.93,4.94,4.83,4.89,9239738,0.09731,1.0
2019-07-08,4.88,4.89,4.73,4.76,12835085,0.0,1.0
2019-07-09,4.78,4.83,4.73,4.8,7327544,0.0,1.0
2019-07-10,4.79,4.87,4.79,4.82,10302234,0.0,1.0
2019-07-11,4.86,4.95,4.82,4.95,13540305,0.0,1.0
2019-07-12,4.94,5.02,4.91,4.97,13635304,0.0,1.0
2019-07-15,4.97,5.12,4.91,5.1,16432256,0.0,1.0
2019-07-16,5.07,5.13,5.07,5.09,8317279,0.0,1.0
2019-07-17,5.11,5.12,5.03,5.06,13210273,0.0,1.0
2019-07-18,5.09,5.15,5.04,5.1,13429326,0.0,1.0
2019-07-19,5.1,5.15,5.05,5.05,9029324,0.0,1.0
2019-07-22,5.07,5.1,4.95,5.04,11185918,0.0,1.0
2019-07-23,5.04,5.18,5.01,5.14,13652011,0.0,1.0
2019-07-24,5.19,5.25,5.1,5.11,15113342,0.0,1.0
2019-07-25,5.15,5.33,5.11,5.32,24223390,0.0,1.0
2019-07-26,5.33,5.34,5.21,5.26,17434647,0.0,1.0
