date,open,high,low,close,volume,dividend,split
2000-07-20,10.018,10.2615,9.42926,9.79453,153565783,0.0,1.0
2000-07-21,9.72364,9.83306,9.44776,9.5017,23605565,0.0,1.0
2000-07-24,9.40152,9.57876,9.29517,9.37224,7622171,0.0,1.0
2000-07-25,9.40152,9.52482,9.32138,9.35682,4557242,0.0,1.0
2000-07-26,9.40152,9.55256,9.21657,9.28593,7178144,0.0,1.0
2000-07-27,9.33987,9.3784,9.09019,9.1241,8746194,0.0,1.0
2000-07-28,9.1241,9.33987,9.1241,9.23198,4401834,0.0,1.0
2000-07-31,9.33679,9.33679,9.12564,9.21657,4071351,0.0,1.0
2000-08-01,9.23198,9.2474,9.0794,9.15492,4359556,0.0,1.0
2000-08-02,9.15492,9.24586,9.08403,9.23969,1974491,0.0,1.0
2000-08-03,9.23969,9.32446,9.14722,9.25356,2196644,0.0,1.0
2000-08-04,9.26435,9.27514,9.11177,9.13643,2197377,0.0,1.0
2000-08-07,9.09327,9.18575,9.09327,9.10869,1549325,0.0,1.0
2000-08-08,9.24431,9.32138,9.11177,9.17342,1618873,0.0,1.0
2000-08-09,9.2027,9.35528,9.14413,9.32446,2448547,0.0,1.0
2000-08-10,9.32446,9.37069,9.21965,9.24894,2144550,0.0,1.0
2000-08-11,9.26589,9.27822,9.10869,9.18575,1901900,0.0,1.0
2000-08-14,9.15492,9.25048,9.09327,9.19345,1340979,0.0,1.0
2000-08-15,9.19345,9.34912,9.19345,9.34912,1926341,0.0,1.0
2000-08-16,9.37224,9.44622,9.1241,9.21811,1966348,0.0,1.0
2000-08-17,9.21657,9.24894,9.13951,9.16417,2069642,0.0,1.0
2000-08-18,9.14876,9.17033,9.09481,9.10406,1784747,0.0,1.0
2000-08-21,9.09327,9.11947,8.84513,8.90833,5567667,0.0,1.0
2000-08-22,8.90833,8.96535,8.85592,8.86209,2344221,0.0,1.0
2000-08-23,8.8066,8.83126,8.53843,8.70488,4102690,0.0,1.0
2000-08-24,8.70796,8.78194,8.64169,8.70488,3095736,0.0,1.0
2000-08-25,8.70796,8.93144,8.70796,8.84205,3069861,0.0,1.0
2000-08-28,8.84205,8.87442,8.66173,8.71567,1625452,0.0,1.0
2000-08-29,8.71567,8.7542,8.6309,8.66173,1605046,0.0,1.0
2000-08-30,8.64323,8.84051,8.64323,8.72184,1349926,0.0,1.0
2000-08-31,8.70796,9.04241,8.70026,8.85592,4236764,0.0,1.0
2000-09-01,8.84359,8.88983,8.63244,8.67406,1346325,0.0,1.0
2000-09-04,8.67714,8.75574,8.64632,8.72029,1098102,0.0,1.0
2000-09-05,8.70796,8.71567,8.53843,8.54305,1761363,0.0,1.0
2000-09-06,8.47678,8.51685,8.25484,8.29954,2174967,0.0,1.0
2000-09-07,8.29954,8.93761,8.2533,8.36889,2200518,0.0,1.0
2000-09-08,8.47678,8.7542,8.46137,8.59391,1632596,0.0,1.0
2000-09-11,8.47678,8.64477,8.47678,8.6309,400316,0.0,1.0
2000-09-12,8.6309,8.6309,8.55384,8.55384,508113,0.0,1.0
2000-09-13,8.55384,8.61395,8.52456,8.52456,568519,0.0,1.0
2000-09-14,8.55384,8.58313,8.47678,8.47678,578887,0.0,1.0
2000-09-15,8.5076,8.5076,8.32574,8.39355,498335,0.0,1.0
2000-09-18,8.33807,8.36889,8.23172,8.23789,844227,0.0,1.0
2000-09-19,8.19782,8.19782,8.01441,8.01441,1530269,0.0,1.0
2000-09-20,8.08993,8.12384,7.91423,7.98359,1838846,0.0,1.0
2000-09-21,7.999,8.13463,7.98667,8.01441,1899986,0.0,1.0
2000-09-22,8.07144,8.07144,7.94197,8.01441,598203,0.0,1.0
2000-09-25,7.99592,8.0252,7.86029,7.86029,1020592,0.0,1.0
2000-09-26,7.86029,7.90498,7.73699,7.84487,1252569,0.0,1.0
2000-09-27,7.86029,8.04523,7.82176,7.97742,644627,0.0,1.0
2000-09-28,8.01903,8.01903,7.86029,7.87262,694016,0.0,1.0
2000-09-29,7.87262,8.10688,7.87262,7.999,947962,0.0,1.0
2000-10-02,7.87262,8.10688,7.87262,7.999,0,0.0,1.0
2000-10-03,7.87262,8.10688,7.87262,7.999,0,0.0,1.0
2000-10-04,7.87262,8.10688,7.87262,7.999,0,0.0,1.0
2000-10-05,7.87262,8.10688,7.87262,7.999,0,0.0,1.0
2000-10-06,7.87262,8.10688,7.87262,7.999,0,0.0,1.0
2000-10-09,8.01441,8.21169,7.87724,8.14541,1182300,0.0,1.0
2000-10-10,8.15158,8.24251,8.04369,8.19936,1060450,0.0,1.0
2000-10-11,8.19936,8.19936,8.13771,8.14079,1059392,0.0,1.0
2000-10-12,8.1223,8.1223,7.94968,8.01441,663625,0.0,1.0
2000-10-13,8.01441,8.01441,7.90036,7.93735,983161,0.0,1.0
2000-10-16,7.96201,7.96201,7.84487,7.86029,718918,0.0,1.0
2000-10-17,7.81097,8.05756,7.81097,8.01133,622404,0.0,1.0
2000-10-18,8.01441,8.30416,7.93735,8.26101,1476519,0.0,1.0
2000-10-19,8.29183,8.29954,8.11151,8.17624,1039298,0.0,1.0
2000-10-20,8.16853,8.93761,8.16545,8.80044,10320680,0.0,1.0
2000-10-23,8.85901,8.95302,8.68485,8.85438,4143553,0.0,1.0
2000-10-24,8.85438,8.8775,8.69255,8.87596,2186172,0.0,1.0
2000-10-25,8.90062,9.12102,8.7542,8.76961,5138685,0.0,1.0
2000-10-26,8.74804,8.84359,8.66327,8.66327,1561490,0.0,1.0
2000-10-27,8.66019,8.76961,8.55847,8.6309,1239235,0.0,1.0
2000-10-30,8.6309,9.10869,8.6309,8.93915,3477872,0.0,1.0
2000-10-31,8.95456,9.04395,8.67868,8.75266,1479452,0.0,1.0
2000-11-01,8.76961,8.8775,8.74804,8.8775,1521561,0.0,1.0
2000-11-02,8.8775,9.07015,8.86363,8.93144,1780296,0.0,1.0
2000-11-03,8.9222,9.05937,8.9222,9.03162,1610075,0.0,1.0
2000-11-06,9.09327,9.40152,9.04087,9.29055,4561530,0.0,1.0
2000-11-07,9.33679,9.38457,9.21657,9.35528,2076812,0.0,1.0
2000-11-08,9.32446,9.41693,9.2474,9.25973,2865959,0.0,1.0
2000-11-09,9.26281,9.48012,9.26281,9.44622,4852252,0.0,1.0
2000-11-10,9.47858,9.55564,9.35528,9.38611,2729101,0.0,1.0
2000-11-13,9.40152,9.47858,9.26435,9.38611,2570488,0.0,1.0
2000-11-14,9.38611,9.38611,9.24894,9.27822,2030829,0.0,1.0
2000-11-15,9.25973,9.29363,9.17033,9.20887,3006360,0.0,1.0
2000-11-16,9.20887,9.26281,9.09481,9.15646,1976016,0.0,1.0
2000-11-17,9.15492,9.15492,9.05937,9.09019,1651678,0.0,1.0
2000-11-20,9.01775,9.10869,9.01621,9.07786,1309270,0.0,1.0
2000-11-21,9.06245,9.22736,9.03162,9.09327,1539787,0.0,1.0
2000-11-22,9.09481,9.14722,9.06245,9.12256,911816,0.0,1.0
2000-11-23,9.12256,9.18575,9.07015,9.07786,1126105,0.0,1.0
2000-11-24,9.03933,9.06245,8.72338,8.78503,2928091,0.0,1.0
2000-11-27,8.70796,8.81585,8.60008,8.70796,1083191,0.0,1.0
2000-11-28,8.70796,8.80044,8.70796,8.7542,1407367,0.0,1.0
2000-11-29,8.76191,8.76499,8.61549,8.64015,1502563,0.0,1.0
2000-11-30,8.6309,8.78503,8.6309,8.67714,867929,0.0,1.0
2000-12-01,8.7542,8.78503,8.71567,8.72338,520752,0.0,1.0
2000-12-04,8.72492,8.73879,8.58158,8.60933,1090582,0.0,1.0
2000-12-05,8.58467,8.73879,8.58467,8.60008,744209,0.0,1.0
2000-12-06,8.60008,8.66173,8.48911,8.49219,864555,0.0,1.0
2000-12-07,8.47832,8.56925,8.41513,8.43054,1099964,0.0,1.0
2000-12-08,8.55384,8.55384,8.41513,8.47524,655949,0.0,1.0
2000-12-11,8.43517,8.48911,8.38431,8.38431,462247,0.0,1.0
2000-12-12,8.36889,8.44596,8.36889,8.43054,441011,0.0,1.0
2000-12-13,8.43054,8.52302,8.40126,8.44596,800814,0.0,1.0
2000-12-14,8.46137,8.5076,8.43979,8.45366,790406,0.0,1.0
2000-12-15,8.45366,8.6232,8.45366,8.61241,720008,0.0,1.0
2000-12-18,8.60008,8.72338,8.50452,8.70796,1535524,0.0,1.0
2000-12-19,8.64632,8.73879,8.60008,8.61549,809813,0.0,1.0
2000-12-20,8.61549,8.78349,8.56925,8.76191,1801623,0.0,1.0
2000-12-21,8.78503,8.86209,8.56925,8.62474,1863995,0.0,1.0
2000-12-22,8.65865,8.68639,8.46137,8.51839,1558116,0.0,1.0
2000-12-25,8.44596,8.6309,8.44596,8.54614,2987317,0.0,1.0
2000-12-26,8.54459,8.82972,8.52302,8.80044,5796957,0.0,1.0
2000-12-27,8.80044,8.86055,8.67098,8.70796,717218,0.0,1.0
2000-12-28,8.72029,8.76961,8.67868,8.69255,587387,0.0,1.0
2000-12-29,8.71721,8.80044,8.46137,8.73879,657149,0.0,1.0
2001-01-01,8.71721,8.80044,8.46137,8.73879,0,0.0,1.0
2001-01-02,8.73879,8.82818,8.58621,8.81277,554400,0.0,1.0
2001-01-03,8.81277,9.09327,8.70796,9.00388,2899406,0.0,1.0
2001-01-04,9.07478,9.09327,8.87134,8.8775,927271,0.0,1.0
2001-01-05,8.87596,8.92374,8.76961,8.77732,1204231,0.0,1.0
2001-01-08,8.7542,8.84513,8.32266,8.56771,1954260,0.0,1.0
2001-01-09,8.47678,8.5076,8.29646,8.32266,3356236,0.0,1.0
2001-01-10,8.3242,8.45983,8.30416,8.33807,5495497,0.0,1.0
2001-01-11,8.34578,8.41513,8.2009,8.22094,2162658,0.0,1.0
2001-01-12,8.19936,8.19936,8.11921,8.15312,1753097,0.0,1.0
2001-01-15,8.15312,8.15312,7.92194,7.96047,1613864,0.0,1.0
2001-01-16,7.93581,7.98359,7.73699,7.78323,3255148,0.0,1.0
2001-01-17,7.78323,7.82021,7.32086,7.61677,6665612,0.0,1.0
2001-01-18,7.59519,7.7786,7.55204,7.67534,2111894,0.0,1.0
2001-01-19,7.70616,7.91885,7.70616,7.84487,2633898,0.0,1.0
2001-01-22,7.70616,7.91885,7.70616,7.84487,0,0.0,1.0
2001-01-23,7.70616,7.91885,7.70616,7.84487,0,0.0,1.0
2001-01-24,7.70616,7.91885,7.70616,7.84487,0,0.0,1.0
2001-01-25,7.70616,7.91885,7.70616,7.84487,0,0.0,1.0
2001-01-26,7.70616,7.91885,7.70616,7.84487,0,0.0,1.0
2001-01-29,7.70616,7.91885,7.70616,7.84487,0,0.0,1.0
2001-01-30,7.70616,7.91885,7.70616,7.84487,0,0.0,1.0
2001-01-31,7.70616,7.91885,7.70616,7.84487,0,0.0,1.0
2001-02-01,7.70616,7.91885,7.70616,7.84487,0,0.0,1.0
2001-02-02,7.70616,7.91885,7.70616,7.84487,0,0.0,1.0
2001-02-05,7.91577,7.93735,7.18214,7.21297,4872626,0.0,1.0
2001-02-06,7.17136,7.27308,7.08196,7.2253,3161865,0.0,1.0
2001-02-07,7.24379,7.27462,7.08967,7.18214,765601,0.0,1.0
2001-02-08,7.16673,7.27154,6.93555,7.02802,1417177,0.0,1.0
2001-02-09,7.07426,7.18985,7.01261,7.08967,3253013,0.0,1.0
2001-02-12,7.10508,7.16673,6.93555,6.95867,2901638,0.0,1.0
2001-02-13,6.97408,7.102,6.93555,7.05885,2358593,0.0,1.0
2001-02-14,7.05885,7.1205,7.00953,7.11741,797667,0.0,1.0
2001-02-15,7.08967,7.14978,6.97408,7.01261,388650,0.0,1.0
2001-02-16,7.0049,7.16673,6.93863,7.16365,893914,0.0,1.0
2001-02-19,7.20526,7.23763,7.11433,7.20064,894985,0.0,1.0
2001-02-20,7.24379,7.3486,7.07734,7.09275,1058218,0.0,1.0
2001-02-21,7.08659,7.08659,6.84307,6.88931,1408288,0.0,1.0
2001-02-22,6.78142,7.02032,6.78142,6.92013,1794018,0.0,1.0
2001-02-23,6.95712,6.98795,6.86157,6.95096,1453830,0.0,1.0
2001-02-26,6.96945,7.02802,6.95096,7.00182,1489139,0.0,1.0
2001-02-27,7.04343,7.05885,6.96329,7.02802,1354052,0.0,1.0
2001-02-28,7.02802,7.02802,6.96637,6.9787,875157,0.0,1.0
2001-03-01,6.9787,7.06501,6.97408,7.05114,690850,0.0,1.0
2001-03-02,7.05576,7.17906,7.05114,7.16057,1466424,0.0,1.0
2001-03-05,7.18985,7.19139,7.05114,7.10508,590975,0.0,1.0
2001-03-06,7.08967,7.17906,7.07426,7.16673,742049,0.0,1.0
2001-03-07,7.16365,7.16673,7.10508,7.1205,457218,0.0,1.0
2001-03-08,7.1205,7.1205,7.0758,7.09738,491198,0.0,1.0
2001-03-09,7.10508,7.31931,7.07118,7.24379,1787699,0.0,1.0
2001-03-12,7.24225,7.24379,7.10508,7.16519,646534,0.0,1.0
2001-03-13,7.15132,7.15132,6.93246,6.96637,1942017,0.0,1.0
2001-03-14,6.9525,7.15132,6.9525,7.05576,338820,0.0,1.0
2001-03-15,6.93709,7.16673,6.93709,7.01107,604412,0.0,1.0
2001-03-16,7.08659,7.08967,6.93555,7.02032,605736,0.0,1.0
2001-03-19,7.02802,7.02802,6.93401,6.96483,1119416,0.0,1.0
2001-03-20,7.01261,7.01877,6.8292,6.94017,4938138,0.0,1.0
2001-03-21,6.94479,6.9972,6.92013,6.9972,1346435,0.0,1.0
2001-03-22,7.01569,7.15132,7.01569,7.15132,2058508,0.0,1.0
2001-03-23,7.16673,7.21143,7.08196,7.08967,2373879,0.0,1.0
2001-03-26,7.08967,7.13899,6.94942,7.10508,1863891,0.0,1.0
2001-03-27,7.1205,7.3486,7.1205,7.33319,4539399,0.0,1.0
2001-03-28,7.33781,7.35168,7.19756,7.22838,1630513,0.0,1.0
2001-03-29,7.23609,7.2515,7.08351,7.102,2361986,0.0,1.0
2001-03-30,7.13128,7.30544,7.08967,7.29003,2170081,0.0,1.0
2001-04-02,7.29465,7.61215,7.29465,7.53663,5635800,0.0,1.0
2001-04-03,7.55204,7.58132,7.41025,7.55204,2311189,0.0,1.0
2001-04-04,7.54433,7.56745,7.33781,7.3825,2150876,0.0,1.0
2001-04-05,7.32086,7.42874,7.29003,7.42566,1262353,0.0,1.0
2001-04-06,7.47498,7.5505,7.27154,7.28232,2240933,0.0,1.0
2001-04-09,7.28232,7.43645,7.28232,7.42104,791976,0.0,1.0
2001-04-10,7.42104,7.42104,7.30544,7.36709,1286217,0.0,1.0
2001-04-11,7.38559,7.38559,7.29311,7.33627,1654721,0.0,1.0
2001-04-12,7.35476,7.57978,7.35168,7.44107,1788439,0.0,1.0
2001-04-13,7.44415,7.4719,7.29157,7.39792,2094492,0.0,1.0
2001-04-16,7.47498,7.72158,7.47498,7.71849,5477083,0.0,1.0
2001-04-17,7.78323,7.92964,7.69075,7.84487,5129329,0.0,1.0
2001-04-18,7.86029,7.92039,7.73699,7.77552,2887384,0.0,1.0
2001-04-19,7.77552,7.86029,7.61523,7.74007,2218231,0.0,1.0
2001-04-20,7.79247,7.86029,7.59057,7.59828,2070803,0.0,1.0
2001-04-23,7.57978,7.62602,7.39946,7.46111,2035202,0.0,1.0
2001-04-24,7.45957,7.5058,7.4457,7.47806,1279755,0.0,1.0
2001-04-25,7.45648,7.51659,7.23455,7.23763,1603911,0.0,1.0
2001-04-26,7.2253,7.33627,7.20989,7.2253,925363,0.0,1.0
2001-04-27,7.17906,7.30082,7.17906,7.23146,1093410,0.0,1.0
2001-04-30,7.24379,7.28695,7.18214,7.20218,1345709,0.0,1.0
2001-05-01,7.24379,7.28695,7.18214,7.20218,0,0.0,1.0
2001-05-02,7.24379,7.28695,7.18214,7.20218,0,0.0,1.0
2001-05-03,7.24379,7.28695,7.18214,7.20218,0,0.0,1.0
2001-05-04,7.24379,7.28695,7.18214,7.20218,0,0.0,1.0
2001-05-07,7.24379,7.28695,7.18214,7.20218,0,0.0,1.0
2001-05-08,7.24379,7.32702,7.20526,7.31315,630924,0.0,1.0
2001-05-09,7.29003,7.29003,7.24379,7.26845,400102,0.0,1.0
2001-05-10,7.27616,7.27924,7.16673,7.23455,1577802,0.0,1.0
2001-05-11,7.27462,7.27462,7.16673,7.23146,1021098,0.0,1.0
2001-05-14,7.28695,7.38713,7.24225,7.33781,1102332,0.0,1.0
2001-05-15,7.38096,7.52122,7.35322,7.49039,1891869,0.0,1.0
2001-05-16,7.54742,7.62602,7.52122,7.57978,2641256,0.0,1.0
2001-05-17,7.59057,7.59519,7.45186,7.51351,1565487,0.0,1.0
2001-05-18,7.51351,7.51351,7.51351,7.51351,0,0.0,1.0
2001-05-21,7.70616,7.73853,7.55204,7.60752,2603092,0.0,1.0
2001-05-22,7.63218,7.65839,7.47498,7.47498,1266947,0.0,1.0
2001-05-23,7.47498,7.53355,7.29003,7.37634,1435792,0.0,1.0
2001-05-24,7.36709,7.36863,7.24379,7.28232,1011768,0.0,1.0
2001-05-25,7.28232,7.29774,7.19756,7.21297,1834298,0.0,1.0
2001-05-28,7.22376,7.31623,7.22376,7.24379,720787,0.0,1.0
2001-05-29,7.24534,7.3825,7.24534,7.32086,602563,0.0,1.0
2001-05-30,7.31161,7.38867,7.31161,7.35168,748245,0.0,1.0
2001-05-31,7.41333,7.42104,7.3301,7.3301,722279,0.0,1.0
2001-06-01,7.33627,7.33627,7.24379,7.27462,1078286,0.0,1.0
2001-06-04,7.2515,7.36247,7.2515,7.29003,1124710,0.0,1.0
2001-06-05,7.30544,7.39021,7.25921,7.36555,556743,0.0,1.0
2001-06-06,7.36709,7.58287,6.90472,7.52892,3428684,0.0,1.0
2001-06-07,7.55204,7.58287,7.45957,7.48114,898158,0.0,1.0
2001-06-08,7.49039,7.49039,7.44415,7.4719,695203,0.0,1.0
2001-06-11,7.50272,7.52122,7.39792,7.401,957026,0.0,1.0
2001-06-12,7.42874,7.42874,7.35939,7.401,840743,0.0,1.0
2001-06-13,7.42874,7.51351,7.36709,7.51351,1102637,0.0,1.0
2001-06-14,7.49039,7.51351,7.3825,7.3825,971819,0.0,1.0
2001-06-15,7.32086,7.3825,7.22838,7.3748,2567867,0.0,1.0
2001-06-18,7.37634,7.39792,7.12358,7.16211,1925219,0.0,1.0
2001-06-19,7.16057,7.26845,7.08967,7.1282,926901,0.0,1.0
2001-06-20,7.1282,7.16981,7.08967,7.11587,798011,0.0,1.0
2001-06-21,7.11587,7.19756,7.11587,7.19756,367667,0.0,1.0
2001-06-22,7.19447,7.21297,7.17906,7.1991,407920,0.0,1.0
2001-06-25,7.21297,7.23455,7.16365,7.18214,1130712,0.0,1.0
2001-06-26,7.18214,7.21297,7.17752,7.18214,1074348,0.0,1.0
2001-06-27,7.18523,7.18677,7.10971,7.11587,1306195,0.0,1.0
2001-06-28,7.08967,7.16673,7.07426,7.08196,1620839,0.0,1.0
2001-06-29,7.08196,7.15132,7.08196,7.102,536032,0.0,1.0
2001-07-02,7.102,7.12358,7.0049,7.01107,2457254,0.0,1.0
2001-07-03,7.01261,7.04343,6.99411,7.04343,2231623,0.0,1.0
2001-07-04,7.04343,7.16673,7.04035,7.04652,545018,0.0,1.0
2001-07-05,7.04652,7.13591,7.01107,7.01261,809482,0.0,1.0
2001-07-06,7.11587,7.13283,6.98178,7.02032,1284362,0.0,1.0
2001-07-09,7.02802,7.12512,7.01261,7.05885,388326,0.0,1.0
2001-07-10,7.06809,7.08967,7.05268,7.06655,479486,0.0,1.0
2001-07-11,7.04189,7.05885,6.9972,7.0049,647274,0.13590,1.0
2001-07-12,7.0049,7.01261,6.95558,6.98178,794585,0.0,1.0
2001-07-13,6.98949,7.16365,6.98949,7.00644,444125,0.0,1.0
2001-07-16,7.02494,7.16057,6.93555,6.94634,652134,0.0,1.0
2001-07-17,6.94788,6.96637,6.8739,6.93555,589009,0.0,1.0
2001-07-18,6.93555,7.04652,6.88931,7.00799,199230,0.0,1.0
2001-07-19,7.00799,7.01261,6.90472,6.93555,739733,0.0,1.0
2001-07-20,6.93555,7.07426,6.92938,7.04343,1457710,0.0,1.0
2001-07-23,7.06655,7.07426,6.93555,7.02186,570946,0.0,1.0
2001-07-24,6.94479,6.96637,6.8739,6.90935,1622889,0.0,1.0
2001-07-25,6.8739,6.88931,6.71207,6.79684,1377670,0.0,1.0
2001-07-26,6.77988,6.77988,6.45468,6.46393,3595953,0.0,1.0
2001-07-27,6.41153,6.43465,6.16493,6.22658,3093277,0.0,1.0
2001-07-30,6.16493,6.16493,5.77962,5.77962,2496021,0.0,1.0
2001-07-31,5.67174,5.92912,5.6255,5.71027,1940745,0.0,1.0
2001-08-01,5.77962,5.93375,5.77808,5.93375,1728344,0.0,1.0
2001-08-02,5.93375,5.94916,5.39586,5.61009,2915465,0.0,1.0
2001-08-03,5.59467,5.6255,5.48679,5.58697,1343522,0.0,1.0
2001-08-06,5.51761,5.56385,5.20937,5.23711,2367267,0.0,1.0
2001-08-07,5.24019,5.49912,5.13693,5.39277,1668197,0.0,1.0
2001-08-08,5.36349,5.40664,5.31725,5.3712,649357,0.0,1.0
2001-08-09,5.39123,5.45596,5.33267,5.45596,794689,0.0,1.0
2001-08-10,5.57926,5.67944,5.54844,5.66711,3580368,0.0,1.0
2001-08-13,5.67482,5.88751,5.6255,5.85668,4599169,0.0,1.0
2001-08-14,5.85668,5.85668,5.65324,5.7565,2168459,0.0,1.0
2001-08-15,5.74572,5.77192,5.67328,5.71797,781777,0.0,1.0
2001-08-16,5.7041,5.71951,5.5993,5.6255,850216,0.0,1.0
2001-08-17,5.58234,5.67174,5.56385,5.65324,467314,0.0,1.0
2001-08-20,5.65324,5.73647,5.5731,5.72414,469961,0.0,1.0
2001-08-21,5.71797,5.84898,5.71797,5.76421,795026,0.0,1.0
2001-08-22,5.71027,5.71643,5.52686,5.56385,1186855,0.0,1.0
2001-08-23,5.47138,5.54844,5.44055,5.53303,802150,0.0,1.0
2001-08-24,5.54844,5.54844,5.42514,5.44055,924909,0.0,1.0
2001-08-27,5.42206,5.42206,5.2217,5.22478,1541370,0.0,1.0
2001-08-28,5.16313,5.3712,5.14772,5.36349,1108158,0.0,1.0
2001-08-29,5.33267,5.5022,5.31725,5.37736,1174449,0.0,1.0
2001-08-30,5.345,5.39431,5.31725,5.34808,271601,0.0,1.0
2001-08-31,5.345,5.5022,5.345,5.46367,857411,0.0,1.0
2001-09-03,5.47138,5.54844,5.44055,5.52994,556081,0.0,1.0
2001-09-04,5.51761,5.80274,5.45596,5.70256,1654604,0.0,1.0
2001-09-05,5.71797,5.7488,5.64091,5.66865,1227154,0.0,1.0
2001-09-06,5.65632,5.71797,5.61009,5.64091,472057,0.0,1.0
2001-09-07,5.64091,5.64091,5.33421,5.36503,1154764,0.0,1.0
2001-09-10,5.27256,5.65016,5.24481,5.63783,1266090,0.0,1.0
2001-09-11,5.63783,5.82586,5.57926,5.73184,2602787,0.0,1.0
2001-09-12,5.39431,5.67482,5.39431,5.6702,1426793,0.0,1.0
2001-09-13,5.67636,5.77962,5.67636,5.69485,1129609,0.0,1.0
2001-09-14,5.67174,5.70256,5.60392,5.607,753942,0.0,1.0
2001-09-17,5.56693,5.61625,5.45288,5.48371,803350,0.0,1.0
2001-09-18,5.48371,5.62242,5.48371,5.54998,336562,0.0,1.0
2001-09-19,5.62704,5.82586,5.50066,5.79504,3747682,0.0,1.0
2001-09-20,5.82586,5.84127,5.68715,5.70256,1381894,0.0,1.0
2001-09-21,5.66403,5.76421,5.65324,5.6964,444462,0.0,1.0
2001-09-24,5.69948,5.76729,5.67944,5.73184,506964,0.0,1.0
2001-09-25,5.76421,5.78733,5.67174,5.67174,572594,0.0,1.0
2001-09-26,5.66557,5.68407,5.58543,5.60855,765816,0.0,1.0
2001-09-27,5.61625,5.70256,5.55306,5.64091,442075,0.0,1.0
2001-09-28,5.66095,5.77962,5.62242,5.72568,958979,0.0,1.0
2001-10-01,5.66095,5.77962,5.62242,5.72568,0,0.0,1.0
2001-10-02,5.66095,5.77962,5.62242,5.72568,0,0.0,1.0
2001-10-03,5.66095,5.77962,5.62242,5.72568,0,0.0,1.0
2001-10-04,5.66095,5.77962,5.62242,5.72568,0,0.0,1.0
2001-10-05,5.66095,5.77962,5.62242,5.72568,0,0.0,1.0
2001-10-08,5.82586,5.82586,5.6255,5.65787,603549,0.0,1.0
2001-10-09,5.65478,5.76421,5.6517,5.69023,536512,0.0,1.0
2001-10-10,5.66403,5.66403,5.18779,5.30184,3265016,0.0,1.0
2001-10-11,5.30184,5.38815,5.18008,5.18008,1354954,0.0,1.0
2001-10-12,5.21553,5.31725,4.8703,5.24019,3184165,0.0,1.0
2001-10-15,5.16313,5.24019,5.02596,5.11689,1493649,0.0,1.0
2001-10-16,5.16005,5.16005,4.96585,5.00592,679385,0.0,1.0
2001-10-17,4.93194,5.02442,4.76241,4.8256,1409897,0.0,1.0
2001-10-18,4.80094,4.85488,4.75933,4.78553,834358,0.0,1.0
2001-10-19,4.77474,4.77782,4.51581,4.56205,2328915,0.0,1.0
2001-10-22,4.47728,4.56205,4.28925,4.31237,1804205,0.0,1.0
2001-10-23,4.74391,4.74391,4.74391,4.74391,3089637,0.0,1.0
2001-10-24,4.98126,5.16313,4.85642,5.07066,9359378,0.0,1.0
2001-10-25,5.02442,5.19395,4.93194,4.99359,3521071,0.0,1.0
2001-10-26,4.97818,5.0537,4.90266,4.94582,1143338,0.0,1.0
2001-10-29,4.94736,5.01671,4.91037,4.97818,636471,0.0,1.0
2001-10-30,5.00901,5.01209,4.88571,4.88571,930424,0.0,1.0
2001-10-31,4.85488,4.88571,4.7023,4.80865,1010172,0.0,1.0
2001-11-01,4.87954,4.95506,4.81019,4.90728,707551,0.0,1.0
2001-11-02,4.91345,4.91345,4.83331,4.85488,268039,0.0,1.0
2001-11-05,4.88571,4.88571,4.76703,4.77782,467159,0.0,1.0
2001-11-06,4.80094,4.80094,4.74083,4.76241,411372,0.0,1.0
2001-11-07,4.747,4.77782,4.31699,4.5004,1226940,0.0,1.0
2001-11-08,4.45262,4.56205,4.3771,4.49423,699829,0.0,1.0
2001-11-09,4.49886,4.63911,4.42334,4.61753,761968,0.0,1.0
2001-11-12,4.63911,4.68535,4.39405,4.58825,333201,0.0,1.0
2001-11-13,4.54664,4.62216,4.48653,4.59441,387099,0.0,1.0
2001-11-14,4.60058,4.66994,4.54818,4.61907,384757,0.0,1.0
2001-11-15,4.65298,4.65298,4.5528,4.63911,358927,0.0,1.0
2001-11-16,5.05524,5.06911,4.70076,4.7285,4519733,0.0,1.0
2001-11-19,4.7285,4.80865,4.66223,4.8071,4519733,0.0,1.0
2001-11-20,4.8071,4.9227,4.79323,4.90112,1247099,0.0,1.0
2001-11-21,4.88571,4.90883,4.878,4.9042,834962,0.0,1.0
2001-11-22,4.90883,4.94736,4.89496,4.90728,706253,0.0,1.0
2001-11-23,4.88571,4.91653,4.84718,4.8703,809411,0.0,1.0
2001-11-26,4.88263,4.88263,4.81327,4.81943,447694,0.0,1.0
2001-11-27,4.81943,4.86413,4.80865,4.84718,349817,0.0,1.0
2001-11-28,4.85488,5.00438,4.85488,4.92424,847627,0.0,1.0
2001-11-29,4.92424,5.0013,4.91807,4.92424,610550,0.0,1.0
2001-11-30,4.9304,4.9751,4.85797,4.94736,584921,0.0,1.0
2001-12-03,4.93965,5.05216,4.93194,5.01209,883235,0.0,1.0
2001-12-04,5.01671,5.01671,4.95969,4.99359,874235,0.0,1.0
2001-12-05,4.96277,5.02288,4.95352,4.96431,1426164,0.0,1.0
2001-12-06,4.93194,5.09223,4.90112,5.08299,2764832,0.0,1.0
2001-12-07,5.08915,5.11689,5.05216,5.08299,980436,0.0,1.0
2001-12-10,5.07066,5.08607,4.98589,5.03829,628516,0.0,1.0
2001-12-11,5.03675,5.05524,4.96431,4.96585,441854,0.0,1.0
2001-12-12,4.96739,4.98281,4.93349,4.95506,837317,0.0,1.0
2001-12-13,4.95198,4.98435,4.85488,4.86105,958259,0.0,1.0
2001-12-14,4.85488,4.91037,4.79478,4.83176,622035,0.0,1.0
2001-12-17,4.77936,4.88417,4.70384,4.77782,1302159,0.0,1.0
2001-12-18,4.77782,4.8518,4.74854,4.82868,578388,0.0,1.0
2001-12-19,4.83176,4.87954,4.71771,4.77012,1169194,0.0,1.0
2001-12-20,4.747,4.747,4.6237,4.65761,667122,0.0,1.0
2001-12-21,4.65761,4.65761,4.65761,4.65761,0,0.0,1.0
2001-12-24,4.67302,4.68381,4.58517,4.60829,896004,0.0,1.0
2001-12-25,4.60829,4.65761,4.57746,4.61137,288094,0.0,1.0
2001-12-26,4.60983,4.66994,4.60058,4.66223,414610,0.0,1.0
2001-12-27,4.63757,4.747,4.63757,4.66377,556490,0.0,1.0
2001-12-28,4.63911,4.747,4.62524,4.67302,817015,0.0,1.0
2001-12-31,4.69768,4.89804,4.69768,4.81019,1909640,0.0,1.0
2002-01-01,4.69768,4.89804,4.69768,4.81019,0,0.0,1.0
2002-01-02,4.69768,4.89804,4.69768,4.81019,0,0.0,1.0
2002-01-03,4.69768,4.89804,4.69768,4.81019,0,0.0,1.0
2002-01-04,4.82406,4.85026,4.59287,4.63295,1133768,0.0,1.0
2002-01-07,4.60829,4.68227,4.51735,4.68227,770915,0.0,1.0
2002-01-08,4.67764,4.70076,4.6237,4.66223,469721,0.0,1.0
2002-01-09,4.66223,4.747,4.64219,4.747,656027,0.0,1.0
2002-01-10,4.747,4.80865,4.59287,4.77474,667849,0.0,1.0
2002-01-11,4.77782,4.77782,4.59441,4.59904,642343,0.0,1.0
2002-01-14,4.54664,4.54664,4.40793,4.42488,1099282,0.0,1.0
2002-01-15,4.40947,4.46649,4.16287,4.23223,1013410,0.0,1.0
2002-01-16,4.22606,4.31545,4.01491,4.23531,1797263,0.0,1.0
2002-01-17,4.20448,4.20448,4.04882,4.05652,1715990,0.0,1.0
2002-01-18,4.05344,4.18907,3.98871,4.09197,1234135,0.0,1.0
2002-01-21,4.08118,4.11201,4.00566,4.08273,1733463,0.0,1.0
2002-01-22,4.07656,4.35861,4.03803,4.15362,2069188,0.0,1.0
2002-01-23,4.16133,4.33857,4.08427,4.33549,1298759,0.0,1.0
2002-01-24,4.31545,4.3771,4.2538,4.2985,2401954,0.0,1.0
2002-01-25,4.28463,4.35398,4.26921,4.28617,1110624,0.0,1.0
2002-01-28,4.36323,4.36323,3.85771,3.85925,3281750,0.0,1.0
2002-01-29,3.69588,4.00412,3.68355,3.94556,1645144,0.0,1.0
2002-01-30,3.94556,3.99179,3.90702,3.95634,586985,0.0,1.0
2002-01-31,3.99179,4.33086,3.99179,4.23223,3897737,0.0,1.0
2002-02-01,4.23223,4.39251,4.23223,4.28463,2913901,0.0,1.0
2002-02-04,4.31545,4.33086,4.19524,4.30158,1045287,0.0,1.0
2002-02-05,4.28463,4.32316,4.23839,4.31545,1015525,0.0,1.0
2002-02-06,4.31545,4.34936,4.25072,4.26767,1548669,0.0,1.0
2002-02-07,4.28463,4.41717,4.2538,4.38789,1937267,0.0,1.0
2002-02-08,4.40638,4.43875,4.35861,4.41255,2080802,0.0,1.0
2002-02-11,4.40638,4.43875,4.35861,4.41255,0,0.0,1.0
2002-02-12,4.40638,4.43875,4.35861,4.41255,0,0.0,1.0
2002-02-13,4.40638,4.43875,4.35861,4.41255,0,0.0,1.0
2002-02-14,4.40638,4.43875,4.35861,4.41255,0,0.0,1.0
2002-02-15,4.40638,4.43875,4.35861,4.41255,0,0.0,1.0
2002-02-18,4.40638,4.43875,4.35861,4.41255,0,0.0,1.0
2002-02-19,4.40638,4.43875,4.35861,4.41255,0,0.0,1.0
2002-02-20,4.40638,4.43875,4.35861,4.41255,0,0.0,1.0
2002-02-21,4.40638,4.43875,4.35861,4.41255,0,0.0,1.0
2002-02-22,4.40638,4.43875,4.35861,4.41255,0,0.0,1.0
2002-02-25,4.54355,4.54355,4.42334,4.51581,2202062,0.0,1.0
2002-02-26,4.46957,4.49732,4.3771,4.49732,1076203,0.0,1.0
2002-02-27,4.47112,4.47728,4.41871,4.43259,2559594,0.0,1.0
2002-02-28,4.42026,4.45108,4.39251,4.3956,1409865,0.0,1.0
2002-03-01,4.38943,4.5004,4.33857,4.47574,2520885,0.0,1.0
2002-03-04,4.43104,4.46957,4.31699,4.46957,280756,0.0,1.0
2002-03-05,4.43875,4.70076,4.43875,4.62678,1828037,0.0,1.0
2002-03-06,4.7285,4.77782,4.57438,4.57592,1630260,0.0,1.0
2002-03-07,4.54664,4.65298,4.54664,4.65144,737410,0.0,1.0
2002-03-08,4.68843,4.82406,4.63757,4.79323,4192339,0.0,1.0
2002-03-11,4.79323,4.84718,4.72542,4.80556,1794168,0.0,1.0
2002-03-12,4.80248,4.80865,4.6237,4.67764,1552906,0.0,1.0
2002-03-13,4.6237,4.82406,4.6237,4.77628,2846773,0.0,1.0
2002-03-14,4.75933,4.81173,4.70076,4.80556,877136,0.0,1.0
2002-03-15,4.79786,4.82252,4.66994,4.68072,1003190,0.0,1.0
2002-03-18,4.68072,4.77782,4.66994,4.68227,889418,0.0,1.0
2002-03-19,4.76087,4.88263,4.70692,4.84872,1360839,0.0,1.0
2002-03-20,4.85488,4.91653,4.7809,4.91345,1704376,0.0,1.0
2002-03-21,4.9304,4.94736,4.8703,4.94119,2080841,0.0,1.0
2002-03-22,4.91653,4.93194,4.81789,4.89496,1445369,0.0,1.0
2002-03-25,4.86259,4.93349,4.85488,4.89496,621217,0.0,1.0
2002-03-26,4.88571,4.88571,4.81635,4.83947,1227005,0.0,1.0
2002-03-27,4.8518,4.92116,4.81789,4.89496,593830,0.0,1.0
2002-03-28,4.90112,4.91807,4.80556,4.80865,774302,0.0,1.0
2002-03-29,4.81173,4.82098,4.62062,4.6237,1863573,0.0,1.0
2002-04-01,4.56205,4.56205,4.44646,4.48653,1788179,0.0,1.0
2002-04-02,4.46957,4.5004,4.40793,4.41871,1410877,0.0,1.0
2002-04-03,4.42488,4.46957,4.42488,4.43721,667524,0.0,1.0
2002-04-04,4.44646,4.77782,4.42488,4.75316,3085452,0.0,1.0
2002-04-05,4.747,4.747,4.60674,4.62986,1384022,0.0,1.0
2002-04-08,4.54818,4.6314,4.54818,4.58363,425302,0.0,1.0
2002-04-09,4.59441,4.6237,4.53431,4.61291,1402060,0.0,1.0
2002-04-10,4.62524,4.75008,4.6237,4.65761,684815,0.0,1.0
2002-04-11,4.65298,4.70076,4.54664,4.56205,447694,0.0,1.0
2002-04-12,4.56205,4.80094,4.53893,4.67148,1860874,0.0,1.0
2002-04-15,4.67764,4.7732,4.64219,4.75162,1720843,0.0,1.0
2002-04-16,4.7547,4.80865,4.70847,4.74391,890917,0.0,1.0
2002-04-17,4.74083,4.75316,4.65452,4.67456,312412,0.0,1.0
2002-04-18,4.66994,4.67764,4.57438,4.58671,473647,0.0,1.0
2002-04-19,4.58671,4.59287,4.53122,4.58671,402438,0.0,1.0
2002-04-22,4.58671,4.62216,4.53893,4.54664,375673,0.0,1.0
2002-04-23,4.54664,4.56205,4.5266,4.53122,203149,0.0,1.0
2002-04-24,4.53277,4.57284,4.46957,4.47728,437961,0.0,1.0
2002-04-25,4.5004,4.54818,4.46187,4.52352,209573,0.0,1.0
2002-04-26,4.53585,4.57592,4.49732,4.56667,300357,0.0,1.0
2002-04-29,4.58054,4.63603,4.54818,4.62678,718010,0.0,1.0
2002-04-30,4.63603,4.63603,4.58979,4.60366,385101,0.0,1.0
2002-05-01,4.63603,4.63603,4.58979,4.60366,0,0.0,1.0
2002-05-02,4.63603,4.63603,4.58979,4.60366,0,0.0,1.0
2002-05-03,4.63603,4.63603,4.58979,4.60366,0,0.0,1.0
2002-05-06,4.63603,4.63603,4.58979,4.60366,0,0.0,1.0
2002-05-07,4.63603,4.63603,4.58979,4.60366,0,0.0,1.0
2002-05-08,4.60366,4.60366,4.60366,4.60366,0,0.0,1.0
2002-05-09,4.52044,4.58517,4.52044,4.57592,241041,0.0,1.0
2002-05-10,4.57746,4.57746,4.52352,4.5266,268889,0.0,1.0
2002-05-13,4.57746,4.57746,4.50811,4.51889,282203,0.0,1.0
2002-05-14,4.50194,4.66994,4.50194,4.56976,2557641,0.0,1.0
2002-05-15,4.51735,4.54664,4.34628,4.38327,1237542,0.0,1.0
2002-05-16,4.39251,4.43875,4.31853,4.32624,1013487,0.0,1.0
2002-05-17,4.33395,4.43104,4.33395,4.39251,1491468,0.0,1.0
2002-05-20,4.38481,4.42334,4.35244,4.39251,977348,0.0,1.0
2002-05-21,4.43567,4.62062,4.43567,4.57592,2367203,0.0,1.0
2002-05-22,4.54664,4.54664,4.48653,4.49115,422714,0.0,1.0
2002-05-23,4.48345,4.53122,4.48345,4.48807,368277,0.0,1.0
2002-05-24,4.48499,4.51581,4.41255,4.45262,496972,0.0,1.0
2002-05-27,4.46187,4.58979,4.43104,4.54201,515373,0.0,1.0
2002-05-28,4.5004,4.59441,4.45416,4.53122,848918,0.0,1.0
2002-05-29,4.51581,4.51581,4.40022,4.45416,971365,0.0,1.0
2002-05-30,4.45416,4.54664,4.37402,4.52814,555510,0.0,1.0
2002-05-31,4.47112,4.53122,4.43875,4.52506,2127459,0.0,1.0
2002-06-03,4.3956,4.46803,4.3771,4.39097,578433,0.0,1.0
2002-06-04,4.38481,4.40484,4.31853,4.39714,286764,0.0,1.0
2002-06-05,4.36169,4.36169,4.16903,4.27692,333629,0.0,1.0
2002-06-06,4.26151,4.61907,4.18907,4.56976,1710709,0.0,1.0
2002-06-07,4.51581,4.53122,4.41563,4.51889,5709689,0.0,1.0
2002-06-10,4.46957,4.46957,4.39251,4.42026,186539,0.0,1.0
2002-06-11,4.42026,4.46957,4.38018,4.42796,70787,0.0,1.0
2002-06-12,4.41101,4.41101,4.34319,4.35398,238452,0.0,1.0
2002-06-13,4.34474,4.37248,4.28463,4.28617,397085,0.0,1.0
2002-06-14,4.28925,4.30775,4.23839,4.24764,230465,0.0,1.0
2002-06-17,4.16903,4.2461,4.16903,4.2461,169994,0.0,1.0
2002-06-18,4.22606,4.31853,4.22606,4.2985,228363,0.0,1.0
2002-06-19,4.3062,4.30775,4.23993,4.24147,195947,0.0,1.0
2002-06-20,4.23993,4.2538,4.18907,4.23839,280490,0.0,1.0
2002-06-21,4.22298,4.43104,4.22298,4.39251,1412097,0.0,1.0
2002-06-24,4.83176,4.83176,4.60674,4.80865,6009748,0.0,1.0
2002-06-25,4.77782,4.77782,4.55434,4.57592,4543980,0.0,1.0
2002-06-26,4.57746,4.66223,4.51735,4.56205,1671844,0.0,1.0
2002-06-27,4.57746,4.57746,4.53122,4.54664,776859,0.0,1.0
2002-06-28,4.5451,4.6237,4.52352,4.56205,1420240,0.0,1.0
2002-07-01,4.6237,4.66994,4.55897,4.56359,584279,0.0,1.0
2002-07-02,4.56359,4.58825,4.52352,4.55897,346865,0.0,1.0
2002-07-03,4.55588,4.58979,4.51273,4.51581,567591,0.0,1.0
2002-07-04,4.53122,4.53893,4.44646,4.46033,886952,0.0,1.0
2002-07-05,4.46033,4.5266,4.45416,4.48807,1310912,0.0,1.0
2002-07-08,4.45879,4.5004,4.43259,4.46803,338385,0.14298,1.0
2002-07-09,4.45416,4.46803,4.39405,4.40793,535630,0.0,1.0
2002-07-10,4.41101,4.41101,4.31545,4.33395,615903,0.0,1.0
2002-07-11,4.32316,4.3771,4.31545,4.33086,780070,0.0,1.0
2002-07-12,4.34011,4.34011,4.30775,4.33857,434393,0.0,1.0
2002-07-15,4.31545,4.35861,4.31545,4.33395,411385,0.0,1.0
2002-07-16,4.33395,4.34628,4.31699,4.33703,480693,0.0,1.0
2002-07-17,4.33703,4.33703,4.29696,4.33086,232411,0.0,1.0
2002-07-18,4.31545,4.34628,4.30312,4.34319,280295,0.0,1.0
2002-07-19,4.32316,4.35552,4.30004,4.35552,294569,0.0,1.0
2002-07-22,4.34319,4.38018,4.33086,4.36015,280126,0.0,1.0
2002-07-23,4.34628,4.36015,4.3247,4.3247,321107,0.0,1.0
2002-07-24,4.32778,4.32778,4.28463,4.30004,384692,0.0,1.0
2002-07-25,4.31545,4.31545,4.27076,4.27384,246439,0.0,1.0
2002-07-26,4.26921,4.31237,4.26613,4.28154,187927,0.0,1.0
2002-07-29,4.3062,4.3062,4.23839,4.26921,440874,0.0,1.0
2002-07-30,4.26613,4.29387,4.24764,4.26921,316630,0.0,1.0
2002-07-31,4.25688,4.26151,4.22452,4.23531,432122,0.0,1.0
2002-08-01,4.2538,4.2538,4.22298,4.24918,192177,0.0,1.0
2002-08-02,4.23068,4.27692,4.22298,4.26613,379339,0.0,1.0
2002-08-05,4.23839,4.26921,4.23839,4.25534,268681,0.0,1.0
2002-08-06,4.2538,4.28463,4.23068,4.26151,434704,0.0,1.0
2002-08-07,4.26151,4.26613,4.2461,4.26151,356131,0.0,1.0
2002-08-08,4.26305,4.26921,4.23839,4.25226,414493,0.0,1.0
2002-08-09,4.17674,4.23839,4.17366,4.18907,297243,0.0,1.0
2002-08-12,4.17674,4.18136,4.12742,4.1305,569285,0.0,1.0
2002-08-13,4.1228,4.15208,4.1228,4.13821,259208,0.0,1.0
2002-08-14,4.13821,4.14592,4.10122,4.14592,332915,0.0,1.0
2002-08-15,4.11509,4.14592,4.11509,4.11663,193352,0.0,1.0
2002-08-16,4.11817,4.14437,4.10122,4.11663,194098,0.0,1.0
2002-08-19,4.11509,4.14283,4.09968,4.1228,180116,0.0,1.0
2002-08-20,4.1305,4.18907,4.1228,4.16133,362502,0.0,1.0
2002-08-21,4.17674,4.29233,4.15516,4.23377,1096642,0.0,1.0
2002-08-22,4.21065,4.37556,4.21065,4.30775,3363379,0.0,1.0
2002-08-23,4.30312,4.30312,4.2199,4.24455,1842233,0.0,1.0
2002-08-26,4.24147,4.31237,4.23068,4.29696,525826,0.0,1.0
2002-08-27,4.29542,4.39251,4.23223,4.37402,2743525,0.0,1.0
2002-08-28,4.3771,4.39251,4.30004,4.31083,788525,0.0,1.0
2002-08-29,4.30929,4.34319,4.2538,4.25688,922638,0.0,1.0
2002-08-30,4.2538,4.28309,4.24147,4.25843,220655,0.0,1.0
2002-09-02,4.28463,4.28617,4.24455,4.26921,180271,0.0,1.0
2002-09-03,4.29233,4.40638,4.26151,4.30312,705059,0.0,1.0
2002-09-04,4.30004,4.35244,4.25072,4.26767,783347,0.0,1.0
2002-09-05,4.24147,4.27692,4.18445,4.19832,576292,0.0,1.0
2002-09-06,4.20757,4.23839,4.15516,4.21373,1154764,0.0,1.0
2002-09-09,4.21527,4.34319,4.21527,4.29696,2126298,0.0,1.0
2002-09-10,4.31699,4.39251,4.28463,4.39251,1847352,0.0,1.0
2002-09-11,4.38943,4.38943,4.28154,4.32316,1750664,0.0,1.0
2002-09-12,4.32316,4.34628,4.23839,4.29079,945010,0.0,1.0
2002-09-13,4.29696,4.32624,4.28463,4.31083,919426,0.0,1.0
2002-09-16,4.29233,4.29233,4.2014,4.20602,702503,0.0,1.0
2002-09-17,4.18753,4.2723,4.17674,4.23839,581217,0.0,1.0
2002-09-18,4.23839,4.24147,4.16133,4.16133,1311729,0.0,1.0
2002-09-19,4.16133,4.2199,4.14746,4.19061,511013,0.0,1.0
2002-09-20,4.18907,4.19986,4.15516,4.15979,580256,0.0,1.0
2002-09-23,4.14592,4.1752,4.13359,4.15825,549333,0.0,1.0
2002-09-24,4.14283,4.19215,4.14283,4.15979,286342,0.0,1.0
2002-09-25,4.16441,4.1752,4.14592,4.15362,1331609,0.0,1.0
2002-09-26,4.15362,4.16441,4.05344,4.06731,1317796,0.0,1.0
2002-09-27,4.09968,4.09968,4.00104,4.00566,850144,0.0,1.0
2002-09-30,4.00566,4.00566,4.00566,4.00566,0,0.0,1.0
2002-10-01,4.00566,4.00566,4.00566,4.00566,0,0.0,1.0
2002-10-02,4.00566,4.00566,4.00566,4.00566,0,0.0,1.0
2002-10-03,4.00566,4.00566,4.00566,4.00566,0,0.0,1.0
2002-10-04,4.00566,4.00566,4.00566,4.00566,0,0.0,1.0
2002-10-07,4.00566,4.00566,4.00566,4.00566,0,0.0,1.0
2002-10-08,3.99796,3.9995,3.90086,3.94556,579341,0.0,1.0
2002-10-09,3.94556,3.98717,3.88082,3.89932,627420,0.0,1.0
2002-10-10,3.88545,3.9286,3.88391,3.90702,566598,0.0,1.0
2002-10-11,3.90857,3.91011,3.80376,3.80684,727340,0.0,1.0
2002-10-14,3.80839,3.81301,3.78835,3.81147,1268368,0.0,1.0
2002-10-15,3.80684,3.83767,3.80376,3.81301,450347,0.0,1.0
2002-10-16,3.85308,3.91473,3.82226,3.87004,994516,0.0,1.0
2002-10-17,3.87004,3.87004,3.77602,3.78835,257385,0.0,1.0
2002-10-18,3.80376,3.83767,3.76061,3.82226,223055,0.0,1.0
2002-10-21,3.8238,3.8238,3.77602,3.80684,217748,0.0,1.0
2002-10-22,3.82226,3.86541,3.52788,3.53251,8586854,0.0,1.0
2002-10-23,3.52942,3.57566,3.45236,3.48319,7117952,0.0,1.0
2002-10-24,3.49243,3.56795,3.48319,3.53867,4405785,0.0,1.0
2002-10-25,3.53867,3.55717,3.48319,3.4986,2129607,0.0,1.0
2002-10-28,3.51401,3.52788,3.43695,3.46623,2124806,0.0,1.0
2002-10-29,3.46777,3.47548,3.39071,3.47086,4601421,0.0,1.0
2002-10-30,3.52634,3.52634,3.42,3.46007,1527543,0.0,1.0
2002-10-31,3.45236,3.48319,3.43695,3.46007,1227277,0.0,1.0
2002-11-01,3.46007,3.48164,3.44466,3.47548,1579891,0.0,1.0
2002-11-04,3.47548,3.56641,3.45544,3.56333,3174874,0.0,1.0
2002-11-05,3.55717,3.66351,3.51709,3.61881,4209170,0.0,1.0
2002-11-06,3.60648,3.64193,3.58953,3.61419,2338725,0.0,1.0
2002-11-07,3.59415,3.62498,3.59107,3.5957,1993593,0.0,1.0
2002-11-08,3.60648,3.64964,3.46469,3.47086,2205267,0.0,1.0
2002-11-11,3.49243,3.52788,3.41845,3.42616,676439,0.0,1.0
2002-11-12,3.41383,3.46623,3.31365,3.3306,1361702,0.0,1.0
2002-11-13,3.32906,3.35218,3.20576,3.3229,1640524,0.0,1.0
2002-11-14,3.31365,3.39071,3.26741,3.28899,953023,0.0,1.0
2002-11-15,3.252,3.37684,3.23659,3.31519,712845,0.0,1.0
2002-11-18,3.22118,3.37222,3.22118,3.32444,333889,0.0,1.0
2002-11-19,3.34139,3.37068,3.30594,3.36759,425633,0.0,1.0
2002-11-20,3.31365,3.36759,3.24892,3.25817,678853,0.0,1.0
2002-11-21,3.25046,3.29824,3.21655,3.21655,982947,0.0,1.0
2002-11-22,3.252,3.29053,3.09017,3.11483,4915358,0.0,1.0
2002-11-25,3.09017,3.12562,3.04856,3.10558,773024,0.0,1.0
2002-11-26,3.11021,3.13178,3.0239,3.03315,1113654,0.0,1.0
2002-11-27,3.01773,3.04856,2.97766,3.03623,953159,0.0,1.0
2002-11-28,3.03315,3.27974,3.01003,3.23967,2432793,0.0,1.0
2002-11-29,3.22118,3.32906,3.20731,3.25508,4343893,0.0,1.0
2002-12-02,3.25508,3.25508,3.25508,3.25508,0,0.0,1.0
2002-12-03,3.08247,3.20576,3.06397,3.19035,2251788,0.0,1.0
2002-12-04,3.19806,3.27666,3.15953,3.19343,892214,0.0,1.0
2002-12-05,3.15953,3.19806,3.1287,3.14874,599760,0.0,1.0
2002-12-06,3.15336,3.29516,3.14566,3.21501,1791488,0.0,1.0
2002-12-09,3.19652,3.28128,3.19343,3.26741,1380181,0.0,1.0
2002-12-10,3.2705,3.27512,3.17494,3.17802,733114,0.0,1.0
2002-12-11,3.17802,3.17802,3.10867,3.1287,680300,0.0,1.0
2002-12-12,3.17494,3.26741,3.13641,3.19343,871776,0.0,1.0
2002-12-13,3.15644,3.24892,3.14103,3.22734,815503,0.0,1.0
2002-12-16,3.22118,3.25971,3.19035,3.24584,706376,0.0,1.0
2002-12-17,3.23659,3.25971,3.20576,3.24275,510098,0.0,1.0
2002-12-18,3.24275,3.27512,3.22272,3.252,995113,0.0,1.0
2002-12-19,3.23967,3.25971,3.19343,3.21039,496032,0.0,1.0
2002-12-20,3.21039,3.29824,3.20576,3.26895,1554197,0.0,1.0
2002-12-23,3.30594,3.46777,3.30594,3.38455,4863386,0.0,1.0
2002-12-24,3.38455,3.40458,3.35372,3.39071,1544725,0.0,1.0
2002-12-25,3.39071,3.42924,3.34448,3.34602,1008712,0.0,1.0
2002-12-26,3.3568,3.3568,3.21193,3.21809,1351256,0.0,1.0
2002-12-27,3.20576,3.25046,3.08555,3.19035,1712065,0.0,1.0
2002-12-30,3.13024,3.22118,3.13024,3.20731,1347428,0.0,1.0
2002-12-31,3.20422,3.44157,3.15953,3.43695,6791771,0.0,1.0
2003-01-01,3.20422,3.44157,3.15953,3.43695,0,0.0,1.0
2003-01-02,3.30749,3.35372,3.20885,3.22888,1468954,0.0,1.0
2003-01-03,3.17648,3.23967,3.17648,3.19652,343881,0.0,1.0
2003-01-06,3.21347,3.28283,3.18727,3.23659,526968,0.0,1.0
2003-01-07,3.23659,3.28283,3.21964,3.24892,630664,0.0,1.0
2003-01-08,3.24429,3.29516,3.20576,3.28437,787461,0.0,1.0
2003-01-09,3.31365,3.39071,3.26433,3.36297,2210036,0.0,1.0
2003-01-10,3.36759,3.42154,3.33677,3.33831,1549467,0.0,1.0
2003-01-13,3.32906,3.40921,3.32136,3.37992,897703,0.0,1.0
2003-01-14,3.38455,3.56025,3.35989,3.52172,3329679,0.0,1.0
2003-01-15,3.52172,3.66813,3.49552,3.52942,3456376,0.0,1.0
2003-01-16,3.51555,3.6219,3.51401,3.59415,2502912,0.0,1.0
2003-01-17,3.60648,3.60648,3.52172,3.52788,2087031,0.0,1.0
2003-01-20,3.52942,3.59107,3.48781,3.55254,893934,0.0,1.0
2003-01-21,3.69896,3.69896,3.51401,3.51401,2856804,0.0,1.0
2003-01-22,3.50322,3.51401,3.46931,3.51247,886764,0.0,1.0
2003-01-23,3.51401,3.58953,3.48627,3.49706,651556,0.0,1.0
2003-01-24,3.48935,3.54175,3.48935,3.52634,495188,0.0,1.0
2003-01-27,3.52942,3.58491,3.51863,3.53559,589788,0.0,1.0
2003-01-28,3.54175,3.57566,3.52942,3.54329,490516,0.0,1.0
2003-01-29,3.56333,3.56333,3.52942,3.54175,599072,0.0,1.0
2003-01-30,3.56333,3.56333,3.52942,3.54175,0,0.0,1.0
2003-01-31,3.56333,3.56333,3.52942,3.54175,0,0.0,1.0
2003-02-03,3.56333,3.56333,3.52942,3.54175,0,0.0,1.0
2003-02-04,3.56333,3.56333,3.52942,3.54175,0,0.0,1.0
2003-02-05,3.56333,3.56333,3.52942,3.54175,0,0.0,1.0
2003-02-06,3.56333,3.56333,3.52942,3.54175,0,0.0,1.0
2003-02-07,3.56333,3.56333,3.52942,3.54175,0,0.0,1.0
2003-02-10,3.55717,3.55717,3.49243,3.4986,540379,0.0,1.0
2003-02-11,3.48319,3.51401,3.48319,3.51093,229148,0.0,1.0
2003-02-12,3.51093,3.56949,3.51093,3.54484,359712,0.0,1.0
2003-02-13,3.55717,3.64039,3.52172,3.5772,1566402,0.0,1.0
2003-02-14,3.56795,3.57566,3.53867,3.55254,474419,0.0,1.0
2003-02-17,3.54484,3.57566,3.52172,3.53867,793540,0.0,1.0
2003-02-18,3.5063,3.54329,3.48781,3.52942,854569,0.0,1.0
2003-02-19,3.52172,3.55717,3.52172,3.55254,473679,0.0,1.0
2003-02-20,3.56641,3.59107,3.54329,3.57258,651550,0.0,1.0
2003-02-21,3.55871,3.58953,3.54484,3.57258,2462879,0.0,1.0
2003-02-24,3.56025,3.66505,3.56025,3.65118,6521423,0.0,1.0
2003-02-25,3.67584,3.79143,3.63731,3.74982,4990908,0.0,1.0
2003-02-26,3.7529,3.7529,3.68509,3.70666,1482391,0.0,1.0
2003-02-27,3.69896,3.7452,3.68663,3.71437,1026218,0.0,1.0
2003-02-28,3.71437,3.73749,3.65426,3.7005,1525253,0.0,1.0
2003-03-03,3.72516,3.8053,3.69896,3.76831,1786849,0.0,1.0
2003-03-04,3.75598,3.76061,3.68355,3.70821,1162621,0.0,1.0
2003-03-05,3.70975,3.71437,3.67122,3.69433,835792,0.0,1.0
2003-03-06,3.71437,3.71745,3.59107,3.6034,1665881,0.0,1.0
2003-03-07,3.59878,3.6219,3.57258,3.58799,800009,0.0,1.0
2003-03-10,3.59107,3.59878,3.54484,3.54638,1607343,0.0,1.0
2003-03-11,3.54175,3.56179,3.54175,3.54638,391051,0.0,1.0
2003-03-12,3.54484,3.58337,3.5063,3.55871,400147,0.0,1.0
2003-03-13,3.52634,3.56025,3.52326,3.52942,340318,0.0,1.0
2003-03-14,3.52634,3.56795,3.52172,3.54175,318648,0.0,1.0
2003-03-17,3.54329,3.6296,3.52942,3.60032,655307,0.0,1.0
2003-03-18,3.60803,3.65272,3.54946,3.55408,561336,0.0,1.0
2003-03-19,3.52942,3.57874,3.51709,3.54946,369055,0.0,1.0
2003-03-20,3.54946,3.61419,3.52942,3.55717,295582,0.0,1.0
2003-03-21,3.56795,3.6296,3.55254,3.62652,476054,0.0,1.0
2003-03-24,3.62344,3.64656,3.57258,3.57874,490082,0.0,1.0
2003-03-25,3.60186,3.6219,3.56641,3.56641,597574,0.0,1.0
2003-03-26,3.54638,3.59107,3.51401,3.52942,631475,0.0,1.0
2003-03-27,3.52942,3.61265,3.47548,3.59107,1061417,0.0,1.0
2003-03-28,3.60648,3.60648,3.46007,3.46777,1788270,0.0,1.0
2003-03-31,3.40612,3.43387,3.3306,3.36143,2566004,0.0,1.0
2003-04-01,3.35064,3.38763,3.33831,3.3753,1568426,0.0,1.0
2003-04-02,3.3753,3.3753,3.34756,3.35372,1054091,0.0,1.0
2003-04-03,3.3753,3.40458,3.35526,3.36913,994652,0.0,1.0
2003-04-04,3.26433,3.41845,3.26433,3.35989,608279,0.0,1.0
2003-04-07,3.32906,3.43695,3.32906,3.41229,1937689,0.0,1.0
2003-04-08,3.43541,3.44466,3.39379,3.41075,940481,0.0,1.0
2003-04-09,3.41075,3.46469,3.37684,3.44003,1069469,0.0,1.0
2003-04-10,3.44466,3.45082,3.39071,3.42,1094682,0.0,1.0
2003-04-11,3.42154,3.46315,3.40921,3.43078,1541604,0.0,1.0
2003-04-14,3.43078,3.63114,3.42462,3.54484,3451289,0.0,1.0
2003-04-15,3.54792,3.6034,3.48319,3.57412,2403329,0.0,1.0
2003-04-16,3.57412,3.64502,3.54792,3.56795,3072456,0.0,1.0
2003-04-17,3.51401,3.5957,3.51401,3.57412,803156,0.0,1.0
2003-04-18,3.57566,3.58337,3.5063,3.52172,917447,0.0,1.0
2003-04-21,3.48319,3.51093,3.45236,3.47548,1716126,0.0,1.0
2003-04-22,3.46931,3.46931,3.44157,3.45699,607507,0.0,1.0
2003-04-23,3.45699,3.4986,3.39688,3.40767,460664,0.0,1.0
2003-04-24,3.40767,3.45236,3.29516,3.31519,973020,0.0,1.0
2003-04-25,3.26741,3.31365,3.17494,3.19343,1110624,0.0,1.0
2003-04-28,3.16107,3.30594,3.11329,3.24429,1312008,0.0,1.0
2003-04-29,3.24429,3.24429,3.24429,3.24429,0,0.0,1.0
2003-04-30,3.20576,3.25971,3.0948,3.2258,2771905,0.0,1.0
2003-05-01,3.20576,3.25971,3.0948,3.2258,0,0.0,1.0
2003-05-02,3.20576,3.25971,3.0948,3.2258,0,0.0,1.0
2003-05-05,3.20576,3.25971,3.0948,3.2258,0,0.0,1.0
2003-05-06,3.20576,3.25971,3.0948,3.2258,0,0.0,1.0
2003-05-07,3.20576,3.25971,3.0948,3.2258,0,0.0,1.0
2003-05-08,3.20576,3.25971,3.0948,3.2258,0,0.0,1.0
2003-05-09,3.20576,3.25971,3.0948,3.2258,0,0.0,1.0
2003-05-12,3.20576,3.28128,3.15953,3.2258,1292757,0.0,1.0
2003-05-13,3.22118,3.252,3.17186,3.18265,1696979,0.0,1.0
2003-05-14,3.15953,3.22118,3.15953,3.20576,479285,0.0,1.0
2003-05-15,3.20576,3.35989,3.16415,3.33831,1068515,0.0,1.0
2003-05-16,3.34448,3.34448,3.20576,3.26587,893441,0.0,1.0
2003-05-19,3.26433,3.29824,3.24121,3.26279,757186,0.0,1.0
2003-05-20,3.25971,3.28283,3.21501,3.21809,663897,0.0,1.0
2003-05-21,3.19498,3.26433,3.17494,3.20576,359057,0.0,1.0
2003-05-22,3.20885,3.27204,3.17802,3.23659,659868,0.0,1.0
2003-05-23,3.24429,3.27974,3.2258,3.23659,608195,0.0,1.0
2003-05-26,3.22118,3.31365,3.21809,3.28283,1020521,0.0,1.0
2003-05-27,3.29824,3.33369,3.26279,3.31673,955923,0.0,1.0
2003-05-28,3.28437,3.35218,3.28283,3.30594,827526,0.0,1.0
2003-05-29,3.30594,3.43387,3.29053,3.42616,1801941,0.0,1.0
2003-05-30,3.43541,3.59107,3.42154,3.51401,3616910,0.0,1.0
2003-06-02,3.4539,3.60648,3.4539,3.57566,2443557,0.0,1.0
2003-06-03,3.60648,3.60648,3.51093,3.51555,457517,0.0,1.0
2003-06-04,3.48319,3.58953,3.48319,3.56025,2037155,0.0,1.0
2003-06-05,3.56025,3.57566,3.52326,3.56179,1396356,0.0,1.0
2003-06-06,3.54484,3.56795,3.40921,3.54484,1521574,0.0,1.0
2003-06-09,3.51093,3.52942,3.44466,3.46007,548295,0.0,1.0
2003-06-10,3.48319,3.48319,3.43695,3.45236,147804,0.0,1.0
2003-06-11,3.46777,3.52172,3.43849,3.51709,295867,0.0,1.0
2003-06-12,3.48319,3.51401,3.4539,3.46777,358804,0.0,1.0
2003-06-13,3.51093,3.51093,3.4539,3.47086,250449,0.0,1.0
2003-06-16,3.46469,3.52326,3.46161,3.49706,362599,0.0,1.0
2003-06-17,3.49089,3.52942,3.49089,3.52018,301064,0.0,1.0
2003-06-18,3.50939,3.57566,3.4986,3.54792,1041906,0.0,1.0
2003-06-19,3.51863,3.54638,3.5063,3.5248,508366,0.0,1.0
2003-06-20,3.50014,3.52942,3.47548,3.47702,315332,0.0,1.0
2003-06-23,3.46777,3.51093,3.46007,3.50785,573236,0.0,1.0
2003-06-24,3.46931,3.4986,3.46931,3.48319,246562,0.0,1.0
2003-06-25,3.49552,3.53713,3.45236,3.50014,519162,0.15330,1.0
2003-06-26,3.47086,3.54175,3.43695,3.4986,2319157,0.0,1.0
2003-06-27,3.51555,3.56949,3.49243,3.54792,1782670,0.0,1.0
2003-06-30,3.53251,3.57412,3.50014,3.54638,905580,0.0,1.0
2003-07-01,3.53405,3.682,3.53405,3.62344,7301402,0.0,1.0
2003-07-02,3.6219,3.66813,3.59261,3.61419,3065027,0.0,1.0
2003-07-03,3.58028,3.62806,3.58028,3.60803,1284037,0.0,1.0
2003-07-04,3.59878,3.61419,3.56795,3.60648,1698802,0.0,1.0
2003-07-07,3.58799,3.6034,3.54638,3.59415,437844,0.0,1.0
2003-07-08,3.5957,3.5957,3.56025,3.59107,229102,0.0,1.0
2003-07-09,3.57566,3.61573,3.57566,3.6034,366655,0.0,1.0
2003-07-10,3.58028,3.64502,3.58028,3.64347,761637,0.0,1.0
2003-07-11,3.63731,3.66505,3.6034,3.6296,386055,0.0,1.0
2003-07-14,3.64964,3.64964,3.57566,3.57874,710211,0.0,1.0
2003-07-15,3.56795,3.58337,3.56795,3.5772,535098,0.0,1.0
2003-07-16,3.60648,3.64039,3.55254,3.57566,224651,0.0,1.0
2003-07-17,3.58953,3.58953,3.49243,3.51401,884357,0.0,1.0
2003-07-18,3.5063,3.51401,3.4724,3.4986,1013163,0.0,1.0
2003-07-21,3.4986,3.5063,3.43695,3.46315,539172,0.0,1.0
2003-07-22,3.47702,3.5063,3.47548,3.5063,233579,0.0,1.0
2003-07-23,3.48781,3.51401,3.48319,3.51247,134963,0.0,1.0
2003-07-24,3.4986,3.50785,3.49089,3.4986,202695,0.0,1.0
2003-07-25,3.46931,3.54329,3.46777,3.5063,216749,0.0,1.0
2003-07-28,3.47548,3.52326,3.47548,3.50168,177332,0.0,1.0
2003-07-29,3.5063,3.52634,3.49089,3.5063,131194,0.0,1.0
2003-07-30,3.52634,3.52634,3.4986,3.50014,130512,0.0,1.0
2003-07-31,3.49089,3.51401,3.47856,3.51401,205680,0.0,1.0
2003-08-01,3.51401,3.52634,3.49706,3.5063,292019,0.0,1.0
2003-08-04,3.5063,3.51401,3.47548,3.48627,330534,0.0,1.0
2003-08-05,3.51093,3.52942,3.49089,3.51401,101218,0.0,1.0
2003-08-06,3.53405,3.54484,3.50322,3.54484,198542,0.0,1.0
2003-08-07,3.55717,3.55717,3.51863,3.54484,238121,0.0,1.0
2003-08-08,3.56025,3.56025,3.50168,3.54484,351628,0.0,1.0
2003-08-11,3.56179,3.59878,3.54484,3.59878,634791,0.0,1.0
2003-08-12,3.59878,3.61881,3.57566,3.60648,480784,0.0,1.0
2003-08-13,3.59878,3.61573,3.57104,3.60648,733179,0.0,1.0
2003-08-14,3.59107,3.61419,3.56025,3.59878,314683,0.0,1.0
2003-08-15,3.57258,3.59878,3.54638,3.59107,435366,0.0,1.0
2003-08-18,3.59107,3.59107,3.59107,3.59107,0,0.0,1.0
2003-08-19,3.66505,3.68046,3.6034,3.63577,968030,0.0,1.0
2003-08-20,3.66505,3.66505,3.59107,3.6219,930035,0.0,1.0
2003-08-21,3.6296,3.64964,3.61727,3.6296,1537010,0.0,1.0
2003-08-22,3.61881,3.6481,3.61419,3.64656,761378,0.0,1.0
2003-08-25,3.66813,3.66813,3.63731,3.64039,1279489,0.0,1.0
2003-08-26,3.63731,3.67584,3.63731,3.66505,548204,0.0,1.0
2003-08-27,3.66813,3.67122,3.6558,3.66968,381448,0.0,1.0
2003-08-28,3.60803,3.66813,3.60803,3.65272,702100,0.0,1.0
2003-08-29,3.65272,3.82226,3.54175,3.78681,2138898,0.0,1.0
2003-09-01,3.77602,3.85,3.74982,3.83767,1676853,0.0,1.0
2003-09-02,3.85308,4.22144,3.81455,4.13513,16510861,0.0,1.0
2003-09-03,4.1043,4.10739,3.94556,3.9733,6157857,0.0,1.0
2003-09-04,3.95326,3.97638,3.85771,3.87928,4058485,0.0,1.0
2003-09-05,3.87928,3.92706,3.82534,3.84383,3197259,0.0,1.0
2003-09-08,3.84075,3.91165,3.73132,3.81147,1740847,0.0,1.0
2003-09-09,3.77756,3.84383,3.72978,3.78219,1498177,0.0,1.0
2003-09-10,3.77602,3.80684,3.7452,3.80376,668056,0.0,1.0
2003-09-11,3.80684,3.85308,3.7452,3.80376,640721,0.0,1.0
2003-09-12,3.77756,3.80068,3.69896,3.76831,2935514,0.0,1.0
2003-09-15,3.72978,3.79143,3.72978,3.76215,755220,0.0,1.0
2003-09-16,3.75598,3.90394,3.73441,3.85,992511,0.0,1.0
2003-09-17,3.82842,3.88391,3.80684,3.82072,780544,0.0,1.0
2003-09-18,3.83767,3.86387,3.78835,3.83767,738519,0.0,1.0
2003-09-19,3.84846,3.94556,3.83767,3.94247,2271532,0.0,1.0
2003-09-22,3.94556,3.9733,3.91165,3.94247,692991,0.0,1.0
2003-09-23,3.94247,3.95326,3.83767,3.86233,653957,0.0,1.0
2003-09-24,3.89932,3.89932,3.82996,3.85616,2423216,0.0,1.0
2003-09-25,3.88082,3.88082,3.8315,3.84846,794818,0.0,1.0
2003-09-26,3.84538,3.85771,3.82226,3.85,1126825,0.0,1.0
2003-09-29,3.85,3.87004,3.80068,3.85,1309147,0.0,1.0
2003-09-30,3.83921,3.93014,3.8238,3.88391,675498,0.0,1.0
2003-10-01,3.83921,3.93014,3.8238,3.88391,0,0.0,1.0
2003-10-02,3.83921,3.93014,3.8238,3.88391,0,0.0,1.0
2003-10-03,3.83921,3.93014,3.8238,3.88391,0,0.0,1.0
2003-10-06,3.83921,3.93014,3.8238,3.88391,0,0.0,1.0
2003-10-07,3.83921,3.93014,3.8238,3.88391,0,0.0,1.0
2003-10-08,3.8762,3.96097,3.84538,3.94247,632319,0.0,1.0
2003-10-09,3.92244,3.96097,3.92244,3.9471,507386,0.0,1.0
2003-10-10,3.93939,3.95789,3.89161,3.95634,523639,0.0,1.0
2003-10-13,4.00721,4.02262,3.88545,3.9024,330904,0.0,1.0
2003-10-14,3.9024,3.95943,3.89932,3.95326,381013,0.0,1.0
2003-10-15,3.91473,3.95789,3.91473,3.9548,527318,0.0,1.0
2003-10-16,3.93477,3.96097,3.87774,3.93014,568110,0.0,1.0
2003-10-17,3.93014,4.00721,3.85308,3.96713,729728,0.0,1.0
2003-10-20,3.9733,3.98871,3.94556,3.94864,184430,0.0,1.0
2003-10-21,3.96713,3.96713,3.62652,3.6481,1353462,0.0,1.0
2003-10-22,3.6219,3.77602,3.61419,3.7452,1668405,0.0,1.0
2003-10-23,3.74828,3.82226,3.7005,3.78681,1287411,0.0,1.0
2003-10-24,3.78064,3.88237,3.77448,3.85308,988099,0.0,1.0
2003-10-27,3.85462,3.89161,3.77756,3.85308,1606000,0.0,1.0
2003-10-28,3.84538,3.93014,3.81301,3.8238,804226,0.0,1.0
2003-10-29,3.93014,3.94247,3.77602,3.87312,1333848,0.0,1.0
2003-10-30,3.93014,3.93014,3.79143,3.80222,569447,0.0,1.0
2003-10-31,3.77602,3.80684,3.74211,3.77602,419385,0.0,1.0
2003-11-03,3.77602,3.93014,3.77602,3.92706,1378591,0.0,1.0
2003-11-04,3.9209,3.94556,3.86233,3.93014,1200338,0.0,1.0
2003-11-05,3.91473,4.00412,3.8947,3.97638,1391360,0.0,1.0
2003-11-06,3.97638,3.99179,3.91627,3.93785,1553601,0.0,1.0
2003-11-07,3.85308,3.97022,3.85308,3.94556,1864799,0.0,1.0
2003-11-10,3.9471,3.97792,3.88391,3.91781,667842,0.0,1.0
2003-11-11,3.95326,4.00721,3.92244,4.00412,1240513,0.0,1.0
2003-11-12,3.97638,4.00721,3.94556,3.9733,797719,0.0,1.0
2003-11-13,3.93168,4.00721,3.93168,3.98255,1203582,0.0,1.0
2003-11-14,3.95172,4.01491,3.86849,4.00566,1260115,0.0,1.0
2003-11-17,4.00721,4.01491,3.9471,3.97484,2134194,0.0,1.0
2003-11-18,4.00566,4.00875,3.97946,4.00412,1048706,0.0,1.0
2003-11-19,4.00721,4.01029,3.93014,3.94401,388650,0.0,1.0
2003-11-20,3.94247,4.00875,3.88237,4.00721,1487426,0.0,1.0
2003-11-21,4.00566,4.04419,3.98255,3.99488,1758145,0.0,1.0
2003-11-24,3.93168,4.05344,3.93168,4.0519,1648544,0.0,1.0
2003-11-25,4.05036,4.08427,4.01799,4.06885,1519887,0.0,1.0
2003-11-26,4.06423,4.08427,4.01799,4.08427,1249000,0.0,1.0
2003-11-27,4.08427,4.19986,4.08427,4.16133,2796807,0.0,1.0
2003-11-28,4.16133,4.26921,4.14592,4.22606,3065150,0.0,1.0
2003-12-01,4.23839,4.3062,4.16595,4.19832,2324821,0.0,1.0
2003-12-02,4.19215,4.19986,4.16133,4.19986,2324561,0.0,1.0
2003-12-03,4.21373,4.21373,4.17058,4.20294,930210,0.0,1.0
2003-12-04,4.20757,4.20757,4.16903,4.17828,937036,0.0,1.0
2003-12-05,4.16903,4.20448,4.16133,4.19832,1639824,0.0,1.0
2003-12-08,4.19215,4.23993,4.16903,4.23839,1825448,0.0,1.0
2003-12-09,4.23839,4.25226,4.21527,4.23531,1462466,0.0,1.0
2003-12-10,4.21681,4.23531,4.18599,4.21373,748427,0.0,1.0
2003-12-11,4.17674,4.23839,4.1305,4.18753,2487684,0.0,1.0
2003-12-12,4.13513,4.19215,4.13204,4.18599,1183144,0.0,1.0
2003-12-15,4.16133,4.17674,4.11509,4.16133,1547300,0.0,1.0
2003-12-16,4.15825,4.16133,4.05344,4.06885,1290616,0.0,1.0
2003-12-17,4.06885,4.16133,4.06885,4.11355,2015711,0.0,1.0
2003-12-18,4.11509,4.16133,4.07194,4.16133,2595552,0.0,1.0
2003-12-19,4.16133,4.16133,4.10122,4.11509,4070378,0.0,1.0
2003-12-22,4.03803,4.26613,4.03803,4.2199,3399260,0.0,1.0
2003-12-23,4.2199,4.23839,4.13821,4.18445,1136013,0.0,1.0
2003-12-24,4.16133,4.23531,4.16133,4.18291,960270,0.0,1.0
2003-12-25,4.16595,4.22298,4.13821,4.20602,1257824,0.0,1.0
2003-12-26,4.16133,4.22452,4.16133,4.22298,982785,0.0,1.0
2003-12-29,4.22298,4.23839,4.17366,4.21527,578109,0.0,1.0
2003-12-30,4.17366,4.23993,4.16903,4.23993,539471,0.0,1.0
2003-12-31,4.23839,4.23839,4.1228,4.2199,1009692,0.0,1.0
2004-01-01,4.23839,4.23839,4.1228,4.2199,0,0.0,1.0
2004-01-02,4.2199,4.2199,4.08427,4.11509,303491,0.0,1.0
2004-01-05,4.11509,4.19678,4.08427,4.12126,390389,0.0,1.0
2004-01-06,4.1043,4.14592,4.03186,4.06423,530374,0.0,1.0
2004-01-07,4.06885,4.13359,4.00875,4.13359,925026,0.0,1.0
2004-01-08,4.09968,4.36169,4.09968,4.26921,1927554,0.0,1.0
2004-01-09,4.22452,4.27076,4.16903,4.16903,419469,0.0,1.0
2004-01-12,4.16133,4.16133,4.08581,4.1228,285337,0.0,1.0
2004-01-13,4.26151,4.26151,4.12742,4.15979,192969,0.0,1.0
2004-01-14,4.15208,4.23839,4.11663,4.22298,372105,0.0,1.0
2004-01-15,4.19215,4.24301,4.17212,4.22606,473283,0.0,1.0
2004-01-16,4.29696,4.44646,4.20757,4.41101,2541582,0.0,1.0
2004-01-19,4.29696,4.44646,4.20757,4.41101,0,0.0,1.0
2004-01-20,4.29696,4.44646,4.20757,4.41101,0,0.0,1.0
2004-01-21,4.29696,4.44646,4.20757,4.41101,0,0.0,1.0
2004-01-22,4.29696,4.44646,4.20757,4.41101,0,0.0,1.0
2004-01-23,4.29696,4.44646,4.20757,4.41101,0,0.0,1.0
2004-01-26,4.29696,4.44646,4.20757,4.41101,0,0.0,1.0
2004-01-27,4.29696,4.44646,4.20757,4.41101,0,0.0,1.0
2004-01-28,4.29696,4.44646,4.20757,4.41101,0,0.0,1.0
2004-01-29,4.43567,4.6314,4.34782,4.62216,1833299,0.0,1.0
2004-01-30,4.60829,4.60829,4.39405,4.44337,794552,0.0,1.0
2004-02-02,4.45416,4.58363,4.45416,4.49115,963008,0.0,1.0
2004-02-03,4.45416,4.49732,4.44646,4.46957,273807,0.0,1.0
2004-02-04,4.47112,4.6237,4.40484,4.61599,1291161,0.0,1.0
2004-02-05,4.6237,4.66685,4.51735,4.52044,454831,0.0,1.0
2004-02-06,4.51581,4.54664,4.44646,4.46957,404910,0.0,1.0
2004-02-09,4.46957,4.51273,4.45416,4.50811,412456,0.0,1.0
2004-02-10,4.51273,4.51581,4.42334,4.43259,444385,0.0,1.0
2004-02-11,4.40793,4.51273,4.40484,4.46033,317019,0.0,1.0
2004-02-12,4.42334,4.46957,4.41717,4.43875,319231,0.0,1.0
2004-02-13,4.43875,4.54047,4.43875,4.53122,416147,0.0,1.0
2004-02-16,4.53893,4.65144,4.51581,4.65144,1274389,0.0,1.0
2004-02-17,4.66223,4.71155,4.56205,4.71001,1475293,0.0,1.0
2004-02-18,4.71617,4.75624,4.65452,4.68072,832068,0.0,1.0
2004-02-19,4.66994,4.66994,4.58517,4.61599,762026,0.0,1.0
2004-02-20,4.61599,4.62216,4.57438,4.59287,422175,0.0,1.0
2004-02-23,4.66994,4.75933,4.579,4.58054,1125995,0.0,1.0
2004-02-24,4.57746,4.59287,4.47112,4.48499,736424,0.0,1.0
2004-02-25,4.47112,4.53122,4.44337,4.52198,754493,0.0,1.0
2004-02-26,4.46957,4.46957,4.43567,4.46033,401951,0.0,1.0
2004-02-27,4.46957,4.54355,4.45108,4.54047,206847,0.0,1.0
2004-03-01,4.51427,4.58671,4.51427,4.53277,283273,0.0,1.0
2004-03-02,4.53431,4.53431,4.46957,4.48345,394814,0.0,1.0
2004-03-03,4.4819,4.53431,4.45108,4.45262,450263,0.0,1.0
2004-03-04,4.46187,4.58825,4.43567,4.53585,419924,0.0,1.0
2004-03-05,4.53739,4.64682,4.53585,4.61291,529706,0.0,1.0
2004-03-08,4.62216,4.69305,4.55897,4.56205,593272,0.0,1.0
2004-03-09,4.54664,4.6237,4.53122,4.56513,327854,0.0,1.0
2004-03-10,4.56205,4.61599,4.46033,4.54664,418976,0.0,1.0
2004-03-11,4.57438,4.5975,4.50811,4.58825,426697,0.0,1.0
2004-03-12,4.6052,4.65452,4.59441,4.63757,1925297,0.0,1.0
2004-03-15,4.68535,4.69922,4.60829,4.6237,1704000,0.0,1.0
2004-03-16,4.65452,4.82406,4.65452,4.79632,8489205,0.0,1.0
2004-03-17,4.81019,4.85488,4.77782,4.84872,10103445,0.0,1.0
2004-03-18,4.91807,5.06757,4.91807,5.01363,11630742,0.0,1.0
2004-03-19,5.01363,5.03983,4.85488,4.93503,5027469,0.0,1.0
2004-03-22,4.93503,4.99359,4.83176,4.83176,2017865,0.0,1.0
2004-03-23,4.83793,4.86721,4.76703,4.82252,1702410,0.0,1.0
2004-03-24,4.88263,4.95969,4.80865,4.91807,2786646,0.0,1.0
2004-03-25,4.92116,4.97818,4.8703,4.93503,796538,0.0,1.0
2004-03-26,4.96277,4.96277,4.8703,4.92886,889288,0.0,1.0
2004-03-29,4.92424,4.99359,4.90883,4.91807,1264572,0.0,1.0
2004-03-30,4.91653,4.96277,4.91499,4.94119,1369689,0.0,1.0
2004-03-31,4.96277,4.98589,4.91499,4.95352,891306,0.0,1.0
2004-04-01,4.88879,4.95352,4.88725,4.9042,993361,0.0,1.0
2004-04-02,4.90574,5.05524,4.90574,4.99051,2598731,0.0,1.0
2004-04-05,5.00438,5.20937,4.97202,5.16159,11269570,0.0,1.0
2004-04-06,5.16313,5.20628,5.10919,5.18625,3362795,0.0,1.0
2004-04-07,5.18625,5.18625,5.08761,5.11227,1966439,0.0,1.0
2004-04-08,5.10148,5.37428,5.09377,5.25714,7038450,0.0,1.0
2004-04-09,5.23557,5.28643,5.00901,5.06295,4857858,0.0,1.0
2004-04-12,5.02442,5.10148,4.97972,5.08607,2491824,0.0,1.0
2004-04-13,5.10148,5.10148,4.91653,4.93349,2434285,0.0,1.0
2004-04-14,4.91653,4.99051,4.878,4.9566,1474073,0.0,1.0
2004-04-15,4.9566,4.96277,4.80865,4.85488,1088343,0.0,1.0
2004-04-16,4.85488,4.85488,4.69768,4.83639,1540241,0.0,1.0
2004-04-19,4.83947,4.88571,4.71617,4.77782,771785,0.0,1.0
2004-04-20,4.75933,4.86721,4.72696,4.81635,556944,0.0,1.0
2004-04-21,4.8256,4.88417,4.747,4.75779,699336,0.0,1.0
2004-04-22,4.77012,4.80556,4.72542,4.75316,633941,0.0,1.0
2004-04-23,4.75316,4.75316,4.75316,4.75316,0,0.0,1.0
2004-04-26,4.6237,4.85488,4.48499,4.77782,5789671,0.0,1.0
2004-04-27,4.77782,4.81481,4.76241,4.77474,3021932,0.0,1.0
2004-04-28,4.70076,4.83947,4.67148,4.75933,2507194,0.0,1.0
2004-04-29,4.71771,4.747,4.56051,4.60829,1602237,0.0,1.0
2004-04-30,4.56205,4.62062,4.54664,4.58054,1006915,0.0,1.0
2004-05-03,4.56205,4.62062,4.54664,4.58054,0,0.0,1.0
2004-05-04,4.56205,4.62062,4.54664,4.58054,0,0.0,1.0
2004-05-05,4.56205,4.62062,4.54664,4.58054,0,0.0,1.0
2004-05-06,4.56205,4.62062,4.54664,4.58054,0,0.0,1.0
2004-05-07,4.56205,4.62062,4.54664,4.58054,0,0.0,1.0
2004-05-10,4.6237,4.6237,4.36631,4.41717,693010,0.0,1.0
2004-05-11,4.44646,4.52968,4.39251,4.44646,873976,0.0,1.0
2004-05-12,4.41717,4.47728,4.41563,4.46495,991018,0.0,1.0
2004-05-13,4.4557,4.46957,4.43875,4.46803,514484,0.0,1.0
2004-05-14,4.46187,4.51427,4.42796,4.49732,1192143,0.0,1.0
2004-05-17,4.46957,4.51273,4.44337,4.49269,489251,0.0,1.0
2004-05-18,4.48499,4.62216,4.46957,4.57438,607176,0.0,1.0
2004-05-19,4.62062,4.62062,4.54047,4.54355,256613,0.0,1.0
2004-05-20,4.54355,4.54664,4.39251,4.5004,540152,0.0,1.0
2004-05-21,4.53122,4.54201,4.46803,4.47728,489900,0.0,1.0
2004-05-24,4.44337,4.5004,4.41255,4.48036,376251,0.0,1.0
2004-05-25,4.40022,4.46957,4.38635,4.43875,379501,0.0,1.0
2004-05-26,4.41101,4.5004,4.3509,4.46495,553726,0.0,1.0
2004-05-27,4.45416,4.51581,4.41563,4.51581,473841,0.0,1.0
2004-05-28,4.50811,4.51581,4.44646,4.48499,170708,0.0,1.0
2004-05-31,4.48499,4.48499,4.40484,4.42642,199399,0.0,1.0
2004-06-01,4.41409,4.53893,4.41101,4.5266,304931,0.0,1.0
2004-06-02,4.54664,4.54664,4.46957,4.48807,353600,0.0,1.0
2004-06-03,4.43567,4.52044,4.42334,4.43875,342570,0.0,1.0
2004-06-04,4.42642,4.42642,4.25688,4.34628,1635717,0.0,1.0
2004-06-07,4.28463,4.34628,4.2199,4.24764,860026,0.0,1.0
2004-06-08,4.18445,4.28463,4.02262,4.1567,2056140,0.0,1.0
2004-06-09,4.08118,4.15979,4.03649,4.13975,702684,0.0,1.0
2004-06-10,4.08427,4.14592,4.07656,4.10893,230705,0.0,1.0
2004-06-11,4.15825,4.29233,4.15825,4.23377,866839,0.0,1.0
2004-06-14,4.24147,4.39251,4.16133,4.23223,964423,0.0,1.0
2004-06-15,4.23377,4.33086,4.23377,4.31545,1244471,0.0,1.0
2004-06-16,4.33086,4.3771,4.30775,4.33549,849515,0.0,1.0
2004-06-17,4.31545,4.34628,4.15825,4.30929,2269333,0.0,1.0
2004-06-18,4.23223,4.2538,4.09968,4.12126,871007,0.41213,1.0
2004-06-21,4.00721,4.12434,3.88391,3.89932,1200241,0.0,1.0
2004-06-22,3.90857,4.14592,3.89932,4.04419,626758,0.0,1.0
2004-06-23,4.01953,4.09968,3.90548,3.99179,361399,0.0,1.0
2004-06-24,4.00721,4.07194,3.91473,3.97946,526228,0.0,1.0
2004-06-25,3.99179,4.00104,3.91473,3.96713,300519,0.0,1.0
2004-06-28,3.88699,3.93014,3.77602,3.84692,466510,0.0,1.0
2004-06-29,3.90857,3.90857,3.63731,3.87466,685750,0.0,1.0
2004-06-30,3.87158,3.94556,3.72978,3.93014,526209,0.0,1.0
2004-07-01,3.91473,3.99796,3.76986,3.97022,437329,0.0,1.0
2004-07-02,3.93014,3.93014,3.84383,3.85925,249605,0.0,1.0
2004-07-05,3.84383,3.93014,3.80068,3.80993,204784,0.0,1.0
2004-07-06,3.81609,3.93939,3.81609,3.82842,206348,0.0,1.0
2004-07-07,3.82842,3.87466,3.79143,3.82226,133335,0.0,1.0
2004-07-08,3.80376,3.89932,3.78527,3.82226,250124,0.0,1.0
2004-07-09,3.85925,3.85925,3.76061,3.83767,211195,0.0,1.0
2004-07-12,3.76369,3.76986,3.65272,3.65889,160586,0.0,1.0
2004-07-13,3.66813,3.76061,3.66813,3.6743,184592,0.0,1.0
2004-07-14,3.74211,3.74211,3.55408,3.66813,355605,0.0,1.0
2004-07-15,3.56333,3.66813,3.46469,3.63114,396715,0.0,1.0
2004-07-16,3.60648,3.79143,3.54484,3.77294,826222,0.0,1.0
2004-07-19,3.72978,3.78527,3.66813,3.67122,377393,0.0,1.0
2004-07-20,3.6743,3.69279,3.57566,3.68971,560259,0.0,1.0
2004-07-21,3.60957,3.68355,3.60648,3.62498,211000,0.0,1.0
2004-07-22,3.62498,3.66813,3.52018,3.61573,596798,0.0,1.0
2004-07-23,3.60648,3.63731,3.57566,3.62806,254342,0.0,1.0
2004-07-26,3.58182,3.66505,3.48319,3.60648,473550,0.0,1.0
2004-07-27,3.6034,3.63731,3.50785,3.54484,305892,0.0,1.0
2004-07-28,3.54484,3.59415,3.51093,3.52326,333629,0.0,1.0
2004-07-29,3.52942,3.61573,3.52942,3.58799,1059541,0.0,1.0
2004-07-30,3.63114,3.66813,3.52018,3.54175,396111,0.0,1.0
2004-08-02,3.49243,3.54175,3.45236,3.47702,372105,0.0,1.0
2004-08-03,3.47702,3.50785,3.4462,3.45853,481044,0.0,1.0
2004-08-04,3.45853,3.53559,3.41845,3.48627,743369,0.0,1.0
2004-08-05,3.4986,3.51401,3.43078,3.43695,356238,0.0,1.0
2004-08-06,3.42154,3.46161,3.32906,3.34756,339339,0.0,1.0
2004-08-09,3.29824,3.29824,3.17494,3.25817,735742,0.0,1.0
2004-08-10,3.22118,3.32598,3.20576,3.27358,329094,0.0,1.0
2004-08-11,3.34448,3.39071,3.26125,3.32598,301577,0.0,1.0
2004-08-12,3.31365,3.3229,3.1811,3.21193,206523,0.0,1.0
2004-08-13,3.1996,3.23967,3.17494,3.21809,345821,0.0,1.0
2004-08-16,3.21809,3.21809,3.16569,3.20268,140634,0.0,1.0
2004-08-17,3.1472,3.1996,3.1472,3.16569,177001,0.0,1.0
2004-08-18,3.16569,3.21193,3.08555,3.11946,417523,0.0,1.0
2004-08-19,3.08863,3.08863,2.94992,2.98999,511996,0.0,1.0
2004-08-20,2.98691,3.01773,2.95917,3.01157,250319,0.0,1.0
2004-08-23,3.01157,3.0239,2.95917,3.01157,274456,0.0,1.0
2004-08-24,3.10713,3.31365,3.06705,3.31365,1947496,0.0,1.0
2004-08-25,3.36297,3.64656,3.35372,3.48935,6516037,0.0,1.0
2004-08-26,3.41845,3.53559,3.39379,3.43387,1893582,0.0,1.0
2004-08-27,3.43387,3.46777,3.41845,3.43695,909629,0.0,1.0
2004-08-30,3.43695,3.52018,3.3568,3.43387,1270863,0.0,1.0
2004-08-31,3.48319,3.60648,3.48319,3.48935,1622484,0.0,1.0
2004-09-01,3.48935,3.4986,3.42462,3.44003,637049,0.0,1.0
2004-09-02,3.42154,3.56641,3.41845,3.56025,1222191,0.0,1.0
2004-09-03,3.56025,3.57258,3.44003,3.50476,870031,0.0,1.0
2004-09-06,3.4986,3.50476,3.41845,3.45236,569820,0.0,1.0
2004-09-07,3.45236,3.46777,3.42154,3.46161,400472,0.0,1.0
2004-09-08,3.43695,3.52634,3.43695,3.44311,288146,0.0,1.0
2004-09-09,3.42154,3.43078,3.23659,3.26741,1556248,0.0,1.0
2004-09-10,3.252,3.252,3.14411,3.23042,750208,0.0,1.0
2004-09-13,3.17186,3.23042,3.17186,3.21809,643962,0.0,1.0
2004-09-14,3.23659,3.4801,3.23659,3.35064,2102466,0.0,1.0
2004-09-15,3.34139,3.59107,3.29824,3.55408,2927092,0.0,1.0
2004-09-16,3.55717,3.60648,3.45236,3.53559,1950695,0.0,1.0
2004-09-17,3.53559,3.89007,3.53559,3.82842,8342426,0.0,1.0
2004-09-20,3.81609,4.13667,3.79143,4.11201,13687154,0.0,1.0
2004-09-21,4.08427,4.42026,3.97638,4.40793,11744498,0.0,1.0
2004-09-22,4.3247,4.49115,4.22298,4.23223,8374241,0.0,1.0
2004-09-23,4.28463,4.3771,4.12434,4.37094,6117360,0.0,1.0
2004-09-24,4.3771,4.52198,4.16133,4.18907,8689606,0.0,1.0
2004-09-27,4.15516,4.35861,4.00104,4.07502,4083154,0.0,1.0
2004-09-28,4.07502,4.13359,4.00104,4.09351,2603221,0.0,1.0
2004-09-29,4.09968,4.18599,4.0781,4.11509,1564741,0.0,1.0
2004-09-30,4.11509,4.17674,4.06885,4.10276,1854992,0.0,1.0
2004-10-01,4.11509,4.17674,4.06885,4.10276,0,0.0,1.0
2004-10-04,4.11509,4.17674,4.06885,4.10276,0,0.0,1.0
2004-10-05,4.11509,4.17674,4.06885,4.10276,0,0.0,1.0
2004-10-06,4.11509,4.17674,4.06885,4.10276,0,0.0,1.0
2004-10-07,4.11509,4.17674,4.06885,4.10276,0,0.0,1.0
2004-10-08,4.10276,4.30929,4.01645,4.29079,2396040,0.0,1.0
2004-10-11,4.31237,4.4819,4.25072,4.31545,5243270,0.0,1.0
2004-10-12,4.31545,4.36169,4.2723,4.31545,3660998,0.0,1.0
2004-10-13,4.31545,4.34628,4.13667,4.22298,2830624,0.0,1.0
2004-10-14,4.22298,4.23839,3.97638,4.01337,3691363,0.0,1.0
2004-10-15,4.00104,4.06269,3.85616,4.01645,1925608,0.0,1.0
2004-10-18,4.00721,4.11201,3.89315,4.01645,2064627,0.0,1.0
2004-10-19,4.02262,4.18599,3.99488,4.08735,2049489,0.0,1.0
2004-10-20,4.05344,4.0781,3.93631,4.00721,872558,0.0,1.0
2004-10-21,4.02262,4.11817,3.97638,4.01029,1081735,0.0,1.0
2004-10-22,4.0257,4.20757,4.01029,4.19215,3408350,0.0,1.0
2004-10-25,4.31545,4.34011,4.19524,4.22914,3597383,0.0,1.0
2004-10-26,4.22914,4.35861,4.10276,4.27538,1841588,0.0,1.0
2004-10-27,4.30929,4.65144,4.3062,4.62986,13214876,0.0,1.0
2004-10-28,4.65144,4.68535,4.42334,4.5528,6574510,0.0,1.0
2004-10-29,4.33086,4.6761,4.31545,4.53739,7226225,0.0,1.0
2004-11-01,4.53122,4.56513,4.33086,4.34011,2648850,0.0,1.0
2004-11-02,4.30312,4.43567,4.27846,4.36169,2218280,0.0,1.0
2004-11-03,4.40484,4.48499,4.34011,4.47882,1964097,0.0,1.0
2004-11-04,4.4819,4.5004,4.2723,4.29387,2029337,0.0,1.0
2004-11-05,4.31545,4.36785,4.1305,4.18907,3965436,0.0,1.0
2004-11-08,4.15516,4.2199,4.1305,4.19524,774218,0.0,1.0
2004-11-09,4.18599,4.21681,4.13359,4.17982,767665,0.0,1.0
2004-11-10,4.17982,4.46649,4.17982,4.43875,4290218,0.0,1.0
2004-11-11,4.47266,4.5713,4.34628,4.36477,4390995,0.0,1.0
2004-11-12,4.36169,4.65452,4.34628,4.55897,7307615,0.0,1.0
2004-11-15,4.58054,4.74083,4.58054,4.64528,7352550,0.0,1.0
2004-11-16,4.66994,4.70076,4.56205,4.58979,2668568,0.0,1.0
2004-11-17,4.58671,4.65452,4.56205,4.62986,3282291,0.0,1.0
2004-11-18,4.6237,4.78399,4.62062,4.76241,7223215,0.0,1.0
2004-11-19,4.77474,4.77782,4.67302,4.70076,2742707,0.0,1.0
2004-11-22,4.71001,4.92578,4.66994,4.72542,3426523,0.0,1.0
2004-11-23,4.68535,4.73775,4.53122,4.54355,3945086,0.0,1.0
2004-11-24,4.53122,4.58671,4.48807,4.52506,1571823,0.0,1.0
2004-11-25,4.53739,4.61753,4.47882,4.56513,1735805,0.0,1.0
2004-11-26,4.56205,4.58054,4.52506,4.53122,973182,0.0,1.0
2004-11-29,4.53122,4.54047,4.42642,4.47266,1555771,0.0,1.0
2004-11-30,4.47266,4.47266,4.47266,4.47266,0,0.0,1.0
2004-12-01,4.60829,4.60829,4.5004,4.54664,3205006,0.0,1.0
2004-12-02,4.56205,4.71309,4.54972,4.5713,2840583,0.0,1.0
2004-12-03,4.56205,4.61753,4.51581,4.52198,1500643,0.0,1.0
2004-12-06,4.53122,4.56821,4.39251,4.42026,2225167,0.0,1.0
2004-12-07,4.5528,4.55897,4.33086,4.34319,1696304,0.0,1.0
2004-12-08,4.40176,4.40484,4.27538,4.28463,2210374,0.0,1.0
2004-12-09,4.28463,4.4295,4.25997,4.38327,1200013,0.0,1.0
2004-12-10,4.36169,4.38635,4.30004,4.30004,727262,0.0,1.0
2004-12-13,4.30004,4.31545,4.2538,4.27538,611423,0.0,1.0
2004-12-14,4.31545,4.31545,4.25997,4.26921,482698,0.0,1.0
2004-12-15,4.25997,4.43875,4.25072,4.43259,1355052,0.0,1.0
2004-12-16,4.3771,4.43875,4.31545,4.32162,713714,0.0,1.0
2004-12-17,4.31545,4.36477,4.2538,4.31853,455807,0.0,1.0
2004-12-20,4.26921,4.26921,4.12742,4.13975,1640463,0.0,1.0
2004-12-21,4.17674,4.18291,4.13359,4.15825,477686,0.0,1.0
2004-12-22,4.17674,4.31545,4.0781,4.3062,1100291,0.0,1.0
2004-12-23,4.31545,4.31545,4.15516,4.16749,729935,0.0,1.0
2004-12-24,4.15825,4.23839,4.15825,4.22606,415920,0.0,1.0
2004-12-27,4.17058,4.22606,4.0781,4.09351,959881,0.0,1.0
2004-12-28,4.09968,4.22298,4.06577,4.21065,1285215,0.0,1.0
2004-12-29,4.10276,4.27538,4.10276,4.25072,625554,0.0,1.0
2004-12-30,4.23839,4.31237,4.18291,4.3062,775327,0.0,1.0
2004-12-31,4.30312,4.33086,4.18907,4.31545,2660591,0.0,1.0
2005-01-03,4.30312,4.33086,4.18907,4.31545,0,0.0,1.0
2005-01-04,4.22914,4.2538,4.1305,4.21065,1531550,0.0,1.0
2005-01-05,4.14283,4.23839,4.13359,4.18907,1501882,0.0,1.0
2005-01-06,4.15516,4.17674,4.08118,4.10584,715174,0.0,1.0
2005-01-07,4.14283,4.22298,4.08427,4.08735,1214525,0.0,1.0
2005-01-10,4.09351,4.24455,4.08427,4.17674,1959532,0.0,1.0
2005-01-11,4.14283,4.17674,4.12434,4.13667,683219,0.0,1.0
2005-01-12,4.11509,4.20448,4.11509,4.18291,866161,0.0,1.0
2005-01-13,4.17366,4.33395,4.17366,4.22606,3867249,0.0,1.0
2005-01-14,4.19215,4.29079,4.17674,4.18291,1342756,0.0,1.0
2005-01-17,4.15516,4.22606,4.06577,4.09968,1699026,0.0,1.0
2005-01-18,4.09968,4.22298,4.09968,4.21065,3763345,0.0,1.0
2005-01-19,4.2014,4.2199,4.13359,4.19832,1211926,0.0,1.0
2005-01-20,4.18907,4.21681,4.09968,4.17366,1044618,0.0,1.0
2005-01-21,4.22298,4.22298,3.99488,4.17674,2221439,0.0,1.0
2005-01-24,4.22606,4.35244,4.18907,4.34628,7381312,0.0,1.0
2005-01-25,4.33395,4.3771,4.2723,4.35552,2332059,0.0,1.0
2005-01-26,4.31545,4.33086,4.25688,4.29696,896344,0.0,1.0
2005-01-27,4.25072,4.27846,4.19524,4.2723,1261977,0.0,1.0
2005-01-28,4.2723,4.28463,4.1305,4.15516,1677715,0.0,1.0
2005-01-31,4.12434,4.15516,4.0966,4.14592,1467650,0.0,1.0
2005-02-01,4.16133,4.17674,4.09968,4.17366,1235686,0.0,1.0
2005-02-02,4.18907,4.46649,4.18599,4.45416,2503571,0.0,1.0
2005-02-03,4.48807,4.48807,4.35244,4.44183,3338574,0.0,1.0
2005-02-04,4.3956,4.59287,4.3771,4.54972,3634902,0.0,1.0
2005-02-07,4.3956,4.59287,4.3771,4.54972,0,0.0,1.0
2005-02-08,4.3956,4.59287,4.3771,4.54972,0,0.0,1.0
2005-02-09,4.3956,4.59287,4.3771,4.54972,0,0.0,1.0
2005-02-10,4.3956,4.59287,4.3771,4.54972,0,0.0,1.0
2005-02-11,4.3956,4.59287,4.3771,4.54972,0,0.0,1.0
2005-02-14,4.3956,4.59287,4.3771,4.54972,0,0.0,1.0
2005-02-15,4.3956,4.59287,4.3771,4.54972,0,0.0,1.0
2005-02-16,4.54972,4.80865,4.54972,4.747,9185018,0.0,1.0
2005-02-17,4.71617,4.75316,4.62678,4.70384,6048009,0.0,1.0
2005-02-18,4.71001,4.71001,4.62986,4.66377,6000995,0.0,1.0
2005-02-21,4.64836,4.65452,4.56205,4.59904,5312994,0.0,1.0
2005-02-22,4.60212,4.747,4.58054,4.66377,7505226,0.0,1.0
2005-02-23,4.68535,4.70076,4.31545,4.59287,5028316,0.0,1.0
2005-02-24,4.56205,4.56205,4.41717,4.49115,3968294,0.0,1.0
2005-02-25,4.49115,4.58671,4.45108,4.56513,3040277,0.0,1.0
2005-02-28,4.53122,4.6052,4.5004,4.53122,1831518,0.0,1.0
2005-03-01,4.52506,4.58054,4.46341,4.47266,1692830,0.0,1.0
2005-03-02,4.48499,4.51581,4.4295,4.48499,1351399,0.0,1.0
2005-03-03,4.3956,4.53739,4.3956,4.53431,2470263,0.0,1.0
2005-03-04,4.55897,4.55897,4.51581,4.52814,1047051,0.0,1.0
2005-03-07,4.54664,4.55588,4.47266,4.52814,547938,0.0,1.0
2005-03-08,4.52814,4.64528,4.5004,4.63295,4626028,0.0,1.0
2005-03-09,4.67918,4.67918,4.53739,4.58671,2686437,0.0,1.0
2005-03-10,4.54664,4.54664,4.40176,4.47882,3127652,0.0,1.0
2005-03-11,4.46649,4.46649,4.38018,4.39251,1790090,0.0,1.0
2005-03-14,4.3771,4.53122,4.36785,4.50965,3607226,0.0,1.0
2005-03-15,4.46957,4.46957,4.10276,4.149,5700512,0.0,1.0
2005-03-16,4.1305,4.16133,4.09351,4.10893,1262366,0.0,1.0
2005-03-17,4.10893,4.15208,3.7267,3.81301,5545253,0.0,1.0
2005-03-18,3.80684,3.84692,3.60648,3.82226,3061721,0.0,1.0
2005-03-21,3.77602,3.77602,3.64347,3.73903,2295844,0.0,1.0
2005-03-22,3.69896,3.72978,3.57566,3.61265,1784870,0.0,1.0
2005-03-23,3.58799,3.6743,3.54484,3.61573,1753674,0.0,1.0
2005-03-24,3.6034,3.68971,3.6034,3.68355,1751640,0.0,1.0
2005-03-25,3.68971,3.69588,3.60957,3.64039,840885,0.0,1.0
2005-03-28,3.60648,3.6219,3.44311,3.45544,1765632,0.0,1.0
2005-03-29,3.45236,3.51401,3.36297,3.41537,1496439,0.0,1.0
2005-03-30,3.40612,3.41537,3.17494,3.29516,2947608,0.0,1.0
2005-03-31,3.28591,3.37838,3.20576,3.35372,1026604,0.0,1.0
2005-04-01,3.30132,3.551,3.29824,3.42154,5363204,0.0,1.0
2005-04-04,3.39071,3.39071,3.23659,3.29207,2870219,0.0,1.0
2005-04-05,3.252,3.26433,3.05781,3.06705,4449458,0.0,1.0
2005-04-06,3.06705,3.10713,2.90368,2.92834,13980102,0.0,1.0
2005-04-07,2.953,3.16877,2.94375,3.15028,28108370,0.0,1.0
2005-04-08,3.15028,3.25817,3.11946,3.23967,13931439,0.0,1.0
2005-04-11,3.23967,3.3753,3.21193,3.27358,10823372,0.0,1.0
2005-04-12,3.27666,3.28283,3.13795,3.18727,6456348,0.0,1.0
2005-04-13,3.20576,3.3568,3.20576,3.3229,7388790,0.0,1.0
2005-04-14,3.32906,3.3753,3.26433,3.29516,5853616,0.0,1.0
2005-04-15,3.26125,3.26125,3.14411,3.19035,4397808,0.0,1.0
2005-04-18,3.20885,3.20885,3.04548,3.09171,3786080,0.0,1.0
2005-04-19,3.11329,3.17186,3.0948,3.17186,1993920,0.0,1.0
2005-04-20,3.17494,3.17494,3.07014,3.09171,2110583,0.0,1.0
2005-04-21,3.12254,3.12254,2.95917,3.02082,3598898,0.0,1.0
2005-04-22,3.02082,3.08247,3.0054,3.04239,3233045,0.0,1.0
2005-04-25,3.02082,3.02082,2.73723,2.86053,7552445,0.0,1.0
2005-04-26,2.8297,2.92526,2.78963,2.86669,3278827,0.0,1.0
2005-04-27,2.89752,2.92834,2.76805,2.78963,3282214,0.0,1.0
2005-04-28,2.77422,2.90676,2.62318,2.85128,6221676,0.0,1.0
2005-04-29,2.86361,2.88211,2.74339,2.78963,2591104,0.0,1.0
2005-05-02,2.86361,2.88211,2.74339,2.78963,0,0.0,1.0
2005-05-03,2.86361,2.88211,2.74339,2.78963,0,0.0,1.0
2005-05-04,2.86361,2.88211,2.74339,2.78963,0,0.0,1.0
2005-05-05,2.86361,2.88211,2.74339,2.78963,0,0.0,1.0
2005-05-06,2.86361,2.88211,2.74339,2.78963,0,0.0,1.0
2005-05-09,2.86669,2.86669,2.69716,2.70949,1713207,0.0,1.0
2005-05-10,2.74339,2.75264,2.56153,2.74339,2484401,0.0,1.0
2005-05-11,2.76497,2.80196,2.69716,2.78038,1770816,0.0,1.0
2005-05-12,2.77114,2.83587,2.74339,2.77422,1565597,0.0,1.0
2005-05-13,2.77422,2.86361,2.74956,2.8297,1832523,0.0,1.0
2005-05-16,2.82046,2.82046,2.71873,2.72182,2026631,0.0,1.0
2005-05-17,2.72182,2.86053,2.70024,2.83587,3609445,0.0,1.0
2005-05-18,2.83587,2.84512,2.79888,2.84203,2020409,0.0,1.0
2005-05-19,2.83587,2.83587,2.76189,2.80813,1402189,0.0,1.0
2005-05-20,2.80813,2.8297,2.74339,2.74339,1216559,0.0,1.0
2005-05-23,2.654,2.71257,2.63859,2.64476,1673388,0.0,1.0
2005-05-24,2.63243,2.76805,2.63243,2.74339,1585611,0.0,1.0
2005-05-25,2.74956,2.75881,2.69099,2.70332,1247329,0.0,1.0
2005-05-26,2.70332,2.70332,2.70332,2.70332,0,0.0,1.0
2005-05-27,2.68174,2.80196,2.59544,2.68483,2488184,0.0,1.0
2005-05-30,2.654,2.71257,2.6201,2.69099,999849,0.0,1.0
2005-05-31,2.66633,2.72182,2.62626,2.67558,868201,0.0,1.0
2005-06-01,2.654,2.66942,2.46597,2.52762,2454172,0.0,1.0
2005-06-02,2.51837,2.55845,2.37658,2.41049,2515678,0.0,1.0
2005-06-03,2.42282,2.46597,2.34267,2.39816,2120053,0.0,1.0
2005-06-06,2.38891,2.42898,2.29644,2.41357,4510513,0.0,1.0
2005-06-07,2.43515,2.654,2.41357,2.57694,24185514,0.0,1.0
2005-06-08,2.53995,2.83279,2.52762,2.80813,22592289,0.0,1.0
2005-06-09,2.7958,2.91909,2.71257,2.86053,22080890,0.0,1.0
2005-06-10,2.8297,2.91909,2.78347,2.79271,11080572,0.0,1.0
2005-06-13,2.78963,2.81121,2.68174,2.76497,6379757,0.0,1.0
2005-06-14,2.77114,2.78963,2.66633,2.6725,6436023,0.0,1.0
2005-06-15,2.654,2.68174,2.52146,2.52762,6416753,0.0,1.0
2005-06-16,2.53687,2.57078,2.45056,2.56153,6863937,0.0,1.0
2005-06-17,2.56769,2.58311,2.49063,2.4968,4149821,0.0,1.0
2005-06-20,2.52454,2.66633,2.41974,2.66017,8918150,0.0,1.0
2005-06-21,2.67866,2.73723,2.6201,2.69716,9221531,0.0,1.0
2005-06-22,2.68174,2.69407,2.60468,2.6725,4905810,0.0,1.0
2005-06-23,2.654,2.72798,2.63551,2.63859,3831342,0.0,1.0
2005-06-24,2.62626,2.64476,2.57386,2.59235,4107994,0.0,1.0
2005-06-27,2.65092,2.78963,2.65092,2.74031,11662937,0.0,1.0
2005-06-28,2.73415,2.73415,2.66325,2.66633,5823624,0.0,1.0
2005-06-29,2.66633,2.78963,2.66633,2.73415,8645953,0.0,1.0
2005-06-30,2.72798,2.74339,2.61701,2.62934,5258495,0.0,1.0
2005-07-01,2.61701,2.61701,2.4259,2.46905,7469962,0.0,1.0
2005-07-04,2.42282,2.48138,2.37658,2.4783,3898428,0.0,1.0
2005-07-05,2.49063,2.49063,2.4259,2.44131,2265547,0.0,1.0
2005-07-06,2.43515,2.45981,2.37658,2.4259,2151453,0.0,1.0
2005-07-07,2.40432,2.43515,2.37966,2.41974,1637329,0.0,1.0
2005-07-08,2.38891,2.41665,2.31185,2.32726,2402904,0.0,1.0
2005-07-11,2.40432,2.45981,2.32726,2.34576,3403801,0.0,1.0
2005-07-12,2.33343,2.49371,2.33343,2.48755,5141018,0.0,1.0
2005-07-13,2.48755,2.48755,2.4259,2.44131,2532178,0.0,1.0
2005-07-14,2.43515,2.4968,2.41357,2.45364,2347296,0.0,1.0
2005-07-15,2.44131,2.48138,2.33651,2.355,4192018,0.0,1.0
2005-07-18,2.35809,2.36733,2.31493,2.33343,1482060,0.0,1.0
2005-07-19,2.33343,2.38891,2.32726,2.36425,1610334,0.0,1.0
2005-07-20,2.31493,2.3735,2.31185,2.33959,1890711,0.08914,1.0
2005-07-21,2.31185,2.34267,2.10532,2.10532,9725945,0.0,1.0
2005-07-22,2.06833,2.18239,2.00977,2.11457,15378878,0.0,1.0
2005-07-25,2.09299,2.09299,2.01593,2.03751,7272185,0.0,1.0
2005-07-26,2.03751,2.21938,2.03751,2.19472,19390686,0.0,1.0
2005-07-27,2.1978,2.31801,2.19163,2.30877,17546377,0.0,1.0
2005-07-28,2.30568,2.37966,2.28102,2.31493,13564535,0.0,1.0
2005-07-29,2.29644,2.32726,2.26253,2.27486,6933703,0.0,1.0
2005-08-01,2.2502,2.2502,2.17314,2.21629,11957604,0.0,1.0
2005-08-02,2.21629,2.28102,2.20088,2.27794,7972926,0.0,1.0
2005-08-03,2.27794,2.33343,2.27486,2.28411,9100167,0.0,1.0
2005-08-04,2.27486,2.34267,2.24095,2.33651,11508934,0.0,1.0
2005-08-05,2.34267,2.4444,2.34267,2.4259,14332138,0.0,1.0
2005-08-08,2.43515,2.50604,2.39816,2.43207,13981013,0.0,1.0
2005-08-09,2.45364,2.59852,2.41974,2.56153,19322776,0.0,1.0
2005-08-10,2.56153,2.61085,2.48755,2.58619,13851146,0.0,1.0
2005-08-11,2.58619,2.6016,2.53687,2.56769,9951086,0.0,1.0
2005-08-12,2.59852,2.59852,2.52762,2.5492,13073902,0.0,1.0
2005-08-15,2.54612,2.72182,2.54612,2.68791,16260351,0.0,1.0
2005-08-16,2.67866,2.70949,2.60777,2.66017,11397059,0.0,1.0
2005-08-17,2.63859,2.66325,2.56153,2.65092,8148244,0.0,1.0
2005-08-18,2.66633,2.71257,2.48447,2.50296,12160947,0.0,1.0
2005-08-19,2.49063,2.54303,2.43515,2.49063,8984814,0.0,1.0
2005-08-22,2.4783,2.53379,2.47214,2.51529,4170691,0.0,1.0
2005-08-23,2.50913,2.50913,2.41357,2.4259,5873788,0.0,1.0
2005-08-24,2.43515,2.49371,2.42282,2.45364,4748112,0.0,1.0
2005-08-25,2.45981,2.46289,2.39816,2.4444,4711180,0.0,1.0
2005-08-26,2.43207,2.57694,2.40741,2.52454,10777224,0.0,1.0
2005-08-29,2.51837,2.51837,2.44131,2.45672,4449503,0.0,1.0
2005-08-30,2.43515,2.48447,2.41974,2.43515,3857951,0.0,1.0
2005-08-31,2.45981,2.51529,2.4444,2.50296,5158611,0.0,1.0
2005-09-01,2.51529,2.61393,2.4968,2.58927,10241208,0.0,1.0
2005-09-02,2.60468,2.63551,2.57386,2.6201,7564627,0.0,1.0
2005-09-05,2.6201,2.64476,2.58927,2.62626,5483834,0.0,1.0
2005-09-06,2.6201,2.63243,2.46597,2.4968,8350089,0.0,1.0
2005-09-07,2.48138,2.57694,2.46597,2.56769,7196327,0.0,1.0
2005-09-08,2.56769,2.60468,2.52762,2.57078,5027177,0.0,1.0
2005-09-09,2.57078,2.67558,2.57078,2.63859,11815837,0.0,1.0
2005-09-12,2.64784,2.654,2.58619,2.63551,5432616,0.0,1.0
2005-09-13,2.61701,2.70024,2.59544,2.69716,9778841,0.0,1.0
2005-09-14,2.69716,2.74956,2.66942,2.74339,11650836,0.0,1.0
2005-09-15,2.75881,2.82354,2.74648,2.74956,12458485,0.0,1.0
2005-09-16,2.74956,2.75881,2.68791,2.69099,6551253,0.0,1.0
2005-09-19,2.68791,2.7958,2.68174,2.7773,5923505,0.0,1.0
2005-09-20,2.78347,2.78963,2.68174,2.7064,7485716,0.0,1.0
2005-09-21,2.69716,2.71257,2.61085,2.61701,7738935,0.0,1.0
2005-09-22,2.61701,2.66325,2.51529,2.55845,7245230,0.0,1.0
2005-09-23,2.55845,2.58311,2.50296,2.53687,3893461,0.0,1.0
2005-09-26,2.53687,2.57078,2.49371,2.56769,2977192,0.0,1.0
2005-09-27,2.56769,2.59544,2.53687,2.54303,3993641,0.0,1.0
2005-09-28,2.52762,2.57694,2.52146,2.54612,2245281,0.0,1.0
2005-09-29,2.54612,2.60468,2.54303,2.59235,2957211,0.0,1.0
2005-09-30,2.61393,2.61701,2.55845,2.56153,3400369,0.0,1.0
2005-10-03,2.61393,2.61701,2.55845,2.56153,0,0.0,1.0
2005-10-04,2.61393,2.61701,2.55845,2.56153,0,0.0,1.0
2005-10-05,2.61393,2.61701,2.55845,2.56153,0,0.0,1.0
2005-10-06,2.61393,2.61701,2.55845,2.56153,0,0.0,1.0
2005-10-07,2.61393,2.61701,2.55845,2.56153,0,0.0,1.0
2005-10-10,2.51221,2.55228,2.35809,2.36425,5039145,0.0,1.0
2005-10-11,2.36425,2.45056,2.34576,2.41665,3910740,0.0,1.0
2005-10-12,2.42282,2.4444,2.37966,2.42282,3901591,0.0,1.0
2005-10-13,2.43823,2.43823,2.39816,2.40124,2373224,0.0,1.0
2005-10-14,2.40432,2.42898,2.3211,2.41049,5480866,0.0,1.0
2005-10-17,2.39816,2.46597,2.36425,2.44748,4747022,0.0,1.0
2005-10-18,2.44748,2.45981,2.41974,2.45672,3276627,0.0,1.0
2005-10-19,2.46905,2.53995,2.44131,2.48755,4593524,0.0,1.0
2005-10-20,2.47214,2.48755,2.34884,2.45056,3881056,0.0,1.0
2005-10-21,2.43207,2.44748,2.3735,2.42282,3003713,0.0,1.0
2005-10-24,2.41974,2.48138,2.41357,2.46905,2668225,0.0,1.0
2005-10-25,2.45056,2.46289,2.34884,2.36117,4132176,0.0,1.0
2005-10-26,2.36117,2.37042,2.2317,2.23787,4953149,0.0,1.0
2005-10-27,2.23787,2.27178,2.1978,2.21321,2673289,0.0,1.0
2005-10-28,2.22554,2.2502,2.12998,2.16697,3128823,0.0,1.0
2005-10-31,2.13615,2.25636,2.1269,2.2502,3849513,0.0,1.0
2005-11-01,2.25945,2.33651,2.22246,2.33343,6373437,0.0,1.0
2005-11-02,2.34267,2.53995,2.34267,2.43823,14503738,0.0,1.0
2005-11-03,2.45056,2.51837,2.41974,2.45364,12808955,0.0,1.0
2005-11-04,2.44131,2.48755,2.42282,2.46905,5449093,0.0,1.0
2005-11-07,2.47214,2.49371,2.44748,2.49371,4628412,0.0,1.0
2005-11-08,2.47214,2.47214,2.35809,2.38275,11042262,0.0,1.0
2005-11-09,2.38583,2.44748,2.37966,2.41357,5142815,0.0,1.0
2005-11-10,2.41974,2.41974,2.355,2.39816,5038902,0.0,1.0
2005-11-11,2.40124,2.48755,2.39816,2.44131,8651007,0.0,1.0
2005-11-14,2.43823,2.44748,2.3735,2.41665,2633606,0.0,1.0
2005-11-15,2.40432,2.46289,2.38583,2.41974,3991733,0.0,1.0
2005-11-16,2.41357,2.41974,2.29644,2.41665,5005133,0.0,1.0
2005-11-17,2.40432,2.4259,2.37966,2.40432,2982441,0.0,1.0
2005-11-18,2.39816,2.49063,2.38583,2.48447,7231335,0.0,1.0
2005-11-21,2.48447,2.50604,2.45672,2.49063,4633119,0.0,1.0
2005-11-22,2.47214,2.50296,2.41974,2.41974,3119354,0.0,1.0
2005-11-23,2.40432,2.4444,2.39816,2.42898,1961482,0.0,1.0
2005-11-24,2.41974,2.49371,2.41357,2.48138,3808325,0.0,1.0
2005-11-25,2.47522,2.48755,2.44131,2.47214,1808877,0.0,1.0
2005-11-28,2.46905,2.49063,2.4259,2.42898,2343021,0.0,1.0
2005-11-29,2.42282,2.42282,2.33343,2.33343,3928349,0.0,1.0
2005-11-30,2.32726,2.35809,2.3026,2.34267,2655803,0.0,1.0
2005-12-01,2.34267,2.36733,2.32726,2.34267,1420000,0.0,1.0
2005-12-02,2.32726,2.37966,2.32726,2.33343,1791602,0.0,1.0
2005-12-05,2.32726,2.32726,2.2317,2.23479,3040582,0.0,1.0
2005-12-06,2.22554,2.25636,2.21321,2.24095,1162907,0.0,1.0
2005-12-07,2.24095,2.28411,2.21938,2.27794,1796257,0.0,1.0
2005-12-08,2.26869,2.28719,2.23787,2.24095,1587774,0.0,1.0
2005-12-09,2.23787,2.32418,2.23787,2.30877,1589361,0.0,1.0
2005-12-12,2.29644,2.35809,2.28411,2.31801,2179538,0.0,1.0
2005-12-13,2.31801,2.33651,2.27794,2.30568,1683737,0.0,1.0
2005-12-14,2.30877,2.36117,2.28102,2.33959,2444920,0.0,1.0
2005-12-15,2.35809,2.37658,2.31185,2.33343,2774351,0.0,1.0
2005-12-16,2.32726,2.33651,2.29335,2.33343,2172521,0.0,1.0
2005-12-19,2.30877,2.34267,2.29952,2.3211,1120220,0.0,1.0
2005-12-20,2.3211,2.41357,2.3211,2.39199,5228325,0.0,1.0
2005-12-21,2.39199,2.39508,2.35809,2.38275,2856298,0.0,1.0
2005-12-22,2.3735,2.45981,2.35809,2.4259,6310997,0.0,1.0
2005-12-23,2.45672,2.45981,2.42282,2.44748,3500257,0.0,1.0
2005-12-26,2.45981,2.55845,2.44131,2.51221,10757275,0.0,1.0
2005-12-27,2.51221,2.51221,2.51221,2.51221,0,0.0,1.0
2005-12-28,2.49063,2.64476,2.49063,2.62934,16474254,0.0,1.0
2005-12-29,2.62318,2.86361,2.62318,2.80196,29425336,0.0,1.0
2005-12-30,2.80196,2.81429,2.71873,2.74339,12251758,0.0,1.0
2006-01-04,2.74956,2.85436,2.74339,2.78655,14573416,0.0,1.0
2006-01-05,2.77422,2.85436,2.76189,2.82662,12362364,0.0,1.0
2006-01-06,2.82662,3.02698,2.82662,2.93451,17420069,0.0,1.0
2006-01-09,2.92218,2.98383,2.87594,2.93759,11007809,0.0,1.0
2006-01-10,2.92834,3.00849,2.87594,2.98691,10771167,0.0,1.0
2006-01-11,2.9715,3.14103,2.94684,2.95917,12131445,0.0,1.0
2006-01-12,2.94684,3.10713,2.92218,3.07322,11877875,0.0,1.0
2006-01-13,3.07322,3.16877,2.98074,3.03006,11786244,0.0,1.0
2006-01-16,3.03006,3.04856,2.89752,2.92526,12607337,0.0,1.0
2006-01-17,2.91293,2.95608,2.83587,2.94375,10369125,0.0,1.0
2006-01-18,2.93142,3.18727,2.92218,3.17186,18776966,0.0,1.0
2006-01-19,3.15336,3.23042,3.11637,3.16261,12172029,0.0,1.0
2006-01-20,3.17494,3.17494,3.06705,3.10713,12251051,0.0,1.0
2006-01-23,3.252,3.27358,3.14411,3.20576,15239013,0.0,1.0
2006-01-24,3.20576,3.52018,3.16261,3.39688,15487307,0.0,1.0
2006-01-25,3.38763,3.4986,3.36913,3.3753,12397346,0.0,1.0
2006-02-06,3.3753,3.46777,3.3229,3.42154,8482213,0.0,1.0
2006-02-07,3.42462,3.44928,3.1287,3.17802,20492554,0.0,1.0
2006-02-08,3.17494,3.24275,3.11021,3.22734,10633083,0.0,1.0
2006-02-09,3.22118,3.22118,3.08863,3.09788,8914426,0.0,1.0
2006-02-10,3.11329,3.1996,3.11329,3.13487,7106740,0.0,1.0
2006-02-13,3.13487,3.15953,3.0054,3.05164,7751850,0.0,1.0
2006-02-14,3.05164,3.11637,3.0239,3.11329,4310679,0.0,1.0
2006-02-15,3.1287,3.19652,3.11329,3.1472,6727096,0.0,1.0
2006-02-16,3.15028,3.15644,2.97458,2.98999,7385066,0.0,1.0
2006-02-17,2.98999,3.06397,2.97766,3.0054,5582126,0.0,1.0
2006-02-20,3.0054,3.03623,2.953,2.95917,2992786,0.0,1.0
2006-02-21,2.95608,3.22426,2.89135,3.16569,13434814,0.0,1.0
2006-02-22,3.15336,3.20576,3.11329,3.1287,9592698,0.0,1.0
2006-02-23,3.11329,3.16261,3.00849,3.05164,5125744,0.0,1.0
2006-02-24,3.06705,3.15028,3.05164,3.10404,6753360,0.0,1.0
2006-02-27,3.08555,3.13795,3.04239,3.04856,5122176,0.0,1.0
2006-02-28,3.04856,3.06397,2.95917,3.04856,4905148,0.0,1.0
2006-03-01,3.04856,3.12562,3.04856,3.08555,3576559,0.0,1.0
2006-03-02,3.0763,3.11329,2.93142,2.96533,4218380,0.0,1.0
2006-03-03,2.97458,3.00849,2.90368,2.92526,6126758,0.0,1.0
2006-03-06,2.92526,3.0054,2.89444,2.96225,4547169,0.0,1.0
2006-03-07,2.953,2.953,2.8482,2.85128,4279818,0.0,1.0
2006-03-08,2.86053,2.88827,2.81121,2.85436,3569983,0.0,1.0
2006-03-09,2.84512,2.87902,2.76497,2.78038,3601221,0.0,1.0
2006-03-10,2.77422,2.82354,2.74648,2.75881,3026353,0.0,1.0
2006-03-13,2.75881,2.82046,2.75881,2.81121,2277333,0.0,1.0
2006-03-14,2.82046,2.86053,2.75881,2.78347,2527182,0.0,1.0
2006-03-15,2.82046,2.83587,2.76189,2.8297,3830703,0.0,1.0
2006-03-16,2.77422,2.8297,2.75881,2.79888,3099263,0.0,1.0
2006-03-17,2.80196,2.98383,2.78963,2.953,12131020,0.0,1.0
2006-03-20,2.92834,2.93759,2.86053,2.92218,7190702,0.0,1.0
2006-03-21,2.92526,3.04239,2.92218,2.99307,10973508,0.0,1.0
2006-03-22,2.95917,3.00849,2.95917,2.99924,4011578,0.0,1.0
2006-03-23,3.00232,3.03623,2.97458,3.03315,6932084,0.0,1.0
2006-03-24,3.03315,3.06705,2.99924,3.02698,6748124,0.0,1.0
2006-03-27,3.01465,3.09788,2.97458,3.08863,6738574,0.0,1.0
2006-03-28,3.07938,3.09788,3.04548,3.06397,4209715,0.0,1.0
2006-03-29,3.06397,3.0763,2.98999,3.0054,5549353,0.0,1.0
2006-03-30,2.99307,3.03623,2.94992,2.96225,5793074,0.0,1.0
2006-03-31,2.95917,3.00232,2.91293,2.97766,5106059,0.0,1.0
2006-04-03,2.98383,3.08247,2.98383,3.07938,7470361,0.0,1.0
2006-04-04,3.08247,3.28899,3.07938,3.26125,24638291,0.0,1.0
2006-04-05,3.25508,3.32906,3.21501,3.2705,10373878,0.0,1.0
2006-04-06,3.26741,3.3229,3.19035,3.23659,8916687,0.0,1.0
2006-04-07,3.26125,3.3753,3.21809,3.35989,11143603,0.0,1.0
2006-04-10,3.36605,3.44003,3.29824,3.36297,7863089,0.0,1.0
2006-04-11,3.37838,3.41537,3.20576,3.24584,9192593,0.0,1.0
2006-04-12,3.24892,3.27974,3.21193,3.24584,4563269,0.0,1.0
2006-04-13,3.24584,3.38146,3.13795,3.14411,12549678,0.0,1.0
2006-04-14,3.14103,3.23967,3.0763,3.20576,7196901,0.0,1.0
2006-04-17,3.1811,3.25817,3.15028,3.19343,5629750,0.0,1.0
2006-04-18,3.17494,3.18727,3.08863,3.11637,7871657,0.0,1.0
2006-04-19,3.10096,3.17186,3.09788,3.15953,5162854,0.0,1.0
2006-04-20,3.18727,3.19035,3.00849,3.13795,9581888,0.0,1.0
2006-04-21,3.10713,3.19035,3.04856,3.14411,8011928,0.0,1.0
2006-04-24,3.14411,3.14411,2.92834,2.93142,10979552,0.0,1.0
2006-04-25,2.92218,3.1287,2.84203,3.09788,11771642,0.0,1.0
2006-04-26,3.0763,3.40921,3.0763,3.39688,29941630,0.0,1.0
2006-04-27,3.3753,3.52326,3.2705,3.44003,21768847,0.0,1.0
2006-04-28,3.3229,3.63114,3.29824,3.51401,17683433,0.0,1.0
2006-05-08,3.51401,3.86541,3.49243,3.85616,21192844,0.0,1.0
2006-05-09,3.84383,4.24147,3.79451,4.1305,18425868,0.0,1.0
2006-05-10,4.11509,4.3771,4.0257,4.36477,17109071,0.0,1.0
2006-05-11,4.31545,4.56205,4.23839,4.25688,21685437,0.0,1.0
2006-05-12,4.2538,4.68227,4.20757,4.68227,17916593,0.0,1.0
2006-05-15,4.68227,4.9042,4.53431,4.87646,21917148,0.0,1.0
2006-05-16,4.6237,5.11689,4.41101,4.58979,15480744,0.0,1.0
2006-05-17,4.59904,4.96277,4.59904,4.7809,13764878,0.0,1.0
2006-05-18,4.65452,4.85488,4.53122,4.7994,7161138,0.0,1.0
2006-05-19,4.77782,5.28026,4.67918,5.28026,17941872,0.0,1.0
2006-05-22,5.28026,5.28026,5.28026,5.28026,0,0.0,1.0
2006-05-23,5.28026,5.28026,5.28026,5.28026,0,0.0,1.0
2006-05-24,5.28026,5.28026,5.28026,5.28026,0,0.0,1.0
2006-05-25,5.28026,5.28026,5.28026,5.28026,0,0.0,1.0
2006-05-26,5.28026,5.28026,5.28026,5.28026,0,0.0,1.0
2006-05-29,5.28026,5.28026,5.28026,5.28026,0,0.0,1.0
2006-05-30,5.28026,5.28026,5.28026,5.28026,0,0.0,1.0
2006-05-31,5.28026,5.28026,5.28026,5.28026,0,0.0,1.0
2006-06-01,5.28026,5.28026,5.28026,5.28026,0,0.0,1.0
2006-06-02,5.78887,5.78887,5.23403,5.24019,15517543,0.0,1.0
2006-06-05,5.23711,5.23711,5.03058,5.12922,6132403,0.0,1.0
2006-06-06,5.14155,5.25252,5.03983,5.17546,8088172,0.0,1.0
2006-06-07,5.17546,5.32958,5.00592,5.11998,14058866,0.0,1.0
2006-06-08,5.08607,5.26485,4.8703,5.02442,11459012,0.0,1.0
2006-06-09,5.02442,5.02442,5.02442,5.02442,0,0.0,1.0
2006-06-12,5.02442,5.02442,5.02442,5.02442,0,0.0,1.0
2006-06-13,5.02442,5.02442,5.02442,5.02442,0,0.0,1.0
2006-06-14,5.02442,5.02442,5.02442,5.02442,0,0.0,1.0
2006-06-15,5.02442,5.02442,5.02442,5.02442,0,0.0,1.0
2006-06-16,5.02442,5.02442,5.02442,5.02442,0,0.0,1.0
2006-06-19,5.02442,5.02442,5.02442,5.02442,0,0.0,1.0
2006-06-20,5.02442,5.02442,5.02442,5.02442,0,0.0,1.0
2006-06-21,5.02442,5.02442,5.02442,5.02442,0,0.0,1.0
2006-06-22,5.02442,5.02442,5.02442,5.02442,0,0.0,1.0
2006-06-23,7.07465,7.07465,7.07465,7.07465,0,0.0,1.0
2006-06-26,5.34288,5.39931,4.77865,4.83941,17378167,0.0,1.0
2006-06-27,4.84809,5.17795,4.83941,5.09983,16682704,0.0,1.0
2006-06-28,5.02604,5.13455,4.93924,5.01302,6815594,0.0,1.0
2006-06-29,5.01302,5.14757,4.9783,5.10851,7078340,0.0,1.0
2006-06-30,5.10851,5.17361,4.99566,5.0217,5735741,0.0,1.0
2006-07-03,5.03472,5.52517,4.98264,5.44271,17656649,0.0,1.0
2006-07-04,5.40365,5.47743,5.20833,5.25174,9211408,0.0,1.0
2006-07-05,5.25174,5.48611,5.16493,5.46007,14994718,0.0,1.0
2006-07-06,5.53385,5.76389,5.48611,5.56424,20298943,0.0,1.0
2006-07-07,5.5816,5.72049,5.55556,5.56424,8775789,0.0,1.0
2006-07-10,5.52083,5.56424,5.39931,5.42969,7400103,0.0,1.0
2006-07-11,5.44705,5.57292,5.41233,5.46875,7658376,0.0,1.0
2006-07-12,5.44705,5.48611,5.25174,5.31684,7572062,0.0,1.0
2006-07-13,5.23437,5.28646,4.78733,4.78733,13644208,0.0,1.0
2006-07-14,4.6875,4.78299,4.60069,4.71354,6486096,0.0,1.0
2006-07-17,4.67448,4.83941,4.62674,4.78733,3480704,0.08043,1.0
2006-07-18,4.77865,4.78299,4.67014,4.74826,2179778,0.0,1.0
2006-07-19,4.7309,4.74826,4.34028,4.49219,4919609,0.0,1.0
2006-07-20,4.44878,4.53125,4.38368,4.44878,2656411,0.0,1.0
2006-07-21,4.43142,4.60069,4.42708,4.48351,2589698,0.0,1.0
2006-07-24,4.37934,4.55729,4.37066,4.53559,1862694,0.0,1.0
2006-07-25,4.53993,4.78299,4.53993,4.75694,6214757,0.0,1.0
2006-07-26,4.83941,4.83941,4.67014,4.71788,2630092,0.0,1.0
2006-07-27,4.7092,4.7309,4.46615,4.48351,5605519,0.0,1.0
2006-07-28,4.49653,4.55729,4.34028,4.43142,5723076,0.0,1.0
2006-07-31,4.38802,4.47049,4.13194,4.18403,5019246,0.0,1.0
2006-08-01,4.17969,4.25347,4.12326,4.14497,2730376,0.0,1.0
2006-08-02,4.16667,4.18837,3.92795,4.0191,4755763,0.0,1.0
2006-08-03,4.04514,4.09288,3.97569,4.02344,1930197,0.0,1.0
2006-08-04,4.04514,4.05382,3.90625,3.91927,2430665,0.0,1.0
2006-08-07,3.90625,3.97569,3.87153,3.88021,2737187,0.0,1.0
2006-08-08,3.91927,4.06684,3.90625,4.02344,3239000,0.0,1.0
2006-08-09,4.02344,4.1059,3.98003,3.9974,2126629,0.0,1.0
2006-08-10,3.9974,4.09722,3.9974,4.09288,2062280,0.0,1.0
2006-08-11,4.09288,4.14497,4.01476,4.11458,2208179,0.0,1.0
2006-08-14,4.07986,4.11024,3.83247,3.83681,3819200,0.0,1.0
2006-08-15,3.83681,3.92795,3.83247,3.92795,1456891,0.0,1.0
2006-08-16,3.92795,4.07118,3.91493,4.04948,3175152,0.0,1.0
2006-08-17,4.02778,4.02778,3.88889,3.94097,2660530,0.0,1.0
2006-08-18,3.90625,4.09722,3.89757,4.01476,3791467,0.0,1.0
2006-08-21,3.90625,4.29687,3.85851,4.27083,8769874,0.0,1.0
2006-08-22,4.27083,4.3316,4.16233,4.25347,13217046,0.0,1.0
2006-08-23,4.24479,4.29253,4.19271,4.28819,6149286,0.0,1.0
2006-08-24,4.31424,4.49219,4.31424,4.47049,10970157,0.0,1.0
2006-08-25,4.47049,4.57899,4.4401,4.47483,7186962,0.0,1.0
2006-08-28,4.53559,4.61372,4.4184,4.58333,7413194,0.0,1.0
2006-08-29,4.57899,4.88281,4.54861,4.74392,10661290,0.0,1.0
2006-08-30,4.7309,4.80469,4.63542,4.77431,4819738,0.0,1.0
2006-08-31,4.81771,4.84375,4.62674,4.67014,5108809,0.0,1.0
2006-09-01,4.70052,4.7526,4.45312,4.51389,5895238,0.0,1.0
2006-09-04,4.46615,4.68316,4.46615,4.65712,4250067,0.0,1.0
2006-09-05,4.65278,4.76997,4.60937,4.71354,3709613,0.0,1.0
2006-09-06,4.7092,4.80035,4.6224,4.7309,5047527,0.0,1.0
2006-09-07,4.7309,4.7309,4.56163,4.59201,3778537,0.0,1.0
2006-09-08,4.57031,4.63976,4.53993,4.56597,1574061,0.0,1.0
2006-09-11,4.56597,4.79601,4.54861,4.76128,4943244,0.0,1.0
2006-09-12,4.72222,4.91319,4.7092,4.86979,8019289,0.0,1.0
2006-09-13,4.86545,4.87847,4.69618,4.7092,5664746,0.0,1.0
2006-09-14,4.70052,4.7526,4.53993,4.6441,5668879,0.0,1.0
2006-09-15,4.6441,4.83941,4.60937,4.77865,4831937,0.0,1.0
2006-09-18,4.79167,4.90451,4.7309,4.88715,6021718,0.0,1.0
2006-09-19,4.87847,4.9783,4.80469,4.86111,6526626,0.0,1.0
2006-09-20,4.82205,5.0651,4.51389,4.99566,8554886,0.0,1.0
2006-09-21,4.93924,5.03472,4.89583,4.96528,5277492,0.0,1.0
2006-09-22,4.98264,5.42535,4.90451,5.21701,18190172,0.0,1.0
2006-09-25,5.22135,5.73785,5.21701,5.73785,29689616,0.0,1.0
2006-09-26,5.75087,6.02431,5.70747,5.79427,19990613,0.0,1.0
2006-09-27,5.75087,6.07639,5.64236,6.01128,9465862,0.0,1.0
2006-09-28,6.02431,6.58854,5.96788,6.37153,16724282,0.0,1.0
2006-09-29,6.41927,6.57118,6.2717,6.46267,12872354,0.0,1.0
2006-10-09,6.58854,6.58854,6.2066,6.42361,9577624,0.0,1.0
2006-10-10,6.48003,6.72743,6.2717,6.34549,8735386,0.0,1.0
2006-10-11,6.3151,6.39323,5.88542,5.95052,16319216,0.0,1.0
2006-10-12,5.92448,6.1849,5.84201,5.95486,10468722,0.0,1.0
2006-10-13,5.92448,6.11545,5.90712,6.01562,5718970,0.0,1.0
2006-10-16,5.99826,6.05469,5.73785,5.86372,6775785,0.0,1.0
2006-10-17,5.85937,5.94618,5.72917,5.82899,5651945,0.0,1.0
2006-10-18,5.82031,6.35851,5.79427,6.31076,12147787,0.0,1.0
2006-10-19,6.34549,6.5842,6.25,6.48872,11614962,0.0,1.0
2006-10-20,6.44097,6.51042,6.24132,6.28906,5261857,0.0,1.0
2006-10-23,6.3151,6.3151,5.92448,6.0026,6506526,0.0,1.0
2006-10-24,5.98958,6.24566,5.96788,6.07639,5833118,0.0,1.0
2006-10-25,6.16319,6.33247,6.07639,6.1849,7197846,0.0,1.0
2006-10-26,6.24132,6.57552,6.07205,6.53212,16320322,0.0,1.0
2006-10-27,6.53212,6.80556,6.2934,6.29774,13140807,0.0,1.0
2006-10-30,6.48872,6.50174,6.12413,6.39757,8224303,0.0,1.0
2006-10-31,6.2934,6.62326,6.24132,6.51042,9142489,0.0,1.0
2006-11-01,6.59288,6.67101,6.38889,6.50174,8132410,0.0,1.0
2006-11-02,6.51042,6.63628,6.32378,6.43229,7662915,0.0,1.0
2006-11-03,6.51042,6.5625,6.29774,6.32812,8252175,0.0,1.0
2006-11-06,6.32378,6.51042,6.14149,6.18056,10522119,0.0,1.0
2006-11-07,6.2066,6.25,5.99392,6.20226,7626093,0.0,1.0
2006-11-08,6.24566,6.24566,5.95052,6.08941,5351340,0.0,1.0
2006-11-09,6.03299,6.22396,6.03299,6.15885,5328956,0.0,1.0
2006-11-10,6.16319,6.2934,5.85069,5.98524,8083285,0.0,1.0
2006-11-13,5.9592,6.06771,5.84201,5.99392,4379450,0.0,1.0
2006-11-14,6.05469,6.59288,6.04601,6.59288,20950825,0.0,1.0
2006-11-15,6.68837,7.01823,6.51042,6.84896,27581912,0.0,1.0
2006-11-16,6.8099,7.06597,6.77951,6.81424,22990331,0.0,1.0
2006-11-17,6.78385,6.98785,6.74913,6.89236,10076848,0.0,1.0
2006-11-20,6.89236,6.98351,6.66233,6.73177,8796820,0.0,1.0
2006-11-21,6.72743,6.73611,6.32812,6.42795,17513962,0.0,1.0
2006-11-22,6.42361,6.70573,6.23264,6.51042,13292525,0.0,1.0
2006-11-23,6.46267,6.64062,6.36285,6.51476,8858901,0.0,1.0
2006-11-24,6.51476,6.84462,6.51042,6.74913,11846323,0.0,1.0
2006-11-27,6.77083,6.9184,6.69271,6.88802,6421792,0.0,1.0
2006-11-28,6.8967,7.1441,6.77083,7.07899,11705246,0.0,1.0
2006-11-29,6.97917,7.22656,6.87934,7.07899,10148763,0.0,1.0
2006-11-30,7.12674,7.20486,7.03125,7.08333,7849369,0.0,1.0
2006-12-01,7.15278,7.50868,7.13542,7.19618,10380889,0.0,1.0
2006-12-04,7.20486,7.50868,7.14844,7.31337,9747238,0.0,1.0
2006-12-05,7.33507,7.50868,7.2092,7.26997,10154972,0.0,1.0
2006-12-06,7.33507,7.80382,7.27431,7.67795,18787708,0.0,1.0
2006-12-07,7.67361,7.96007,7.33073,7.42622,14357114,0.0,1.0
2006-12-08,7.26562,7.32639,6.68403,6.69271,12305503,0.0,1.0
2006-12-11,6.63628,6.98785,6.57986,6.97049,6707935,0.0,1.0
2006-12-12,6.98785,7.06597,6.85764,6.92708,9886605,0.0,1.0
2006-12-13,6.98351,7.03125,6.64497,6.76649,3722469,0.0,1.0
2006-12-14,6.76649,6.8967,6.68837,6.875,4008366,0.0,1.0
2006-12-15,6.90104,7.06597,6.81858,7.06163,6014182,0.0,1.0
2006-12-18,7.10069,7.13108,6.94878,6.99219,5326251,0.0,1.0
2006-12-19,7.00955,7.27431,7.00955,7.23524,8016872,0.0,1.0
2006-12-20,7.22222,7.22656,7.04861,7.1224,4520757,0.0,1.0
2006-12-21,7.10937,7.24826,6.86632,6.88802,4632220,0.0,1.0
2006-12-22,6.82292,6.87934,6.59722,6.6276,6418628,0.0,1.0
2006-12-25,6.61892,6.79687,6.60156,6.67969,4205768,0.0,1.0
2006-12-26,6.68403,6.77951,6.35851,6.41493,5988386,0.0,1.0
2006-12-27,6.41059,6.61024,6.41059,6.51476,5872539,0.0,1.0
2006-12-28,6.55382,6.5842,6.1849,6.19792,7935907,0.0,1.0
2006-12-29,6.2934,6.45399,6.21094,6.33681,9007099,0.0,1.0
2007-01-04,6.39757,6.42361,6.15451,6.17622,12489703,0.0,1.0
2007-01-05,6.1849,6.35851,6.06771,6.34983,8431569,0.0,1.0
2007-01-08,6.29774,6.67969,6.2717,6.65799,9022849,0.0,1.0
2007-01-09,6.67969,6.84896,6.64062,6.72743,6766198,0.0,1.0
2007-01-10,6.74913,7.07899,6.71875,7.04427,9087439,0.0,1.0
2007-01-11,7.05295,7.20486,6.85764,6.94444,8489348,0.0,1.0
2007-01-12,6.93576,6.97917,6.42361,6.47135,7246393,0.0,1.0
2007-01-15,6.42795,6.98785,6.33681,6.94878,7770911,0.0,1.0
2007-01-16,6.99653,7.37847,6.88368,7.29601,18439235,0.0,1.0
2007-01-17,7.29601,7.71701,6.97049,7.53472,21150988,0.0,1.0
2007-01-18,7.37413,7.67361,7.20486,7.50434,11734162,0.0,1.0
2007-01-19,7.5434,7.96007,7.49566,7.8125,17590501,0.0,1.0
2007-01-22,7.81684,8.1467,7.81684,8.01215,14133199,0.0,1.0
2007-01-23,8.02951,8.02951,7.29167,7.51302,15179863,0.0,1.0
2007-01-24,7.50434,7.67795,7.37847,7.51736,7573059,0.0,1.0
2007-01-25,7.37847,7.40885,6.98785,7.01823,9419289,0.0,1.0
2007-01-26,6.94878,7.5,6.74913,7.23524,7198986,0.0,1.0
2007-01-29,7.17448,7.8125,7.17448,7.8125,11997184,0.0,1.0
2007-01-30,7.86024,7.89062,7.50434,7.51736,5909732,0.0,1.0
2007-01-31,7.66059,7.80816,7.03125,7.14844,8727451,0.0,1.0
2007-02-01,6.98785,7.29167,6.93576,7.17448,5151742,0.0,1.0
2007-02-02,7.17014,7.31337,6.83594,6.86198,4594745,0.0,1.0
2007-02-05,6.90104,6.98785,6.78819,6.94444,3252467,0.0,1.0
2007-02-06,6.94878,7.11806,6.90104,7.07031,3821378,0.0,1.0
2007-02-07,7.09635,7.32639,7.06163,7.27431,6168951,0.0,1.0
2007-02-08,7.27431,7.39149,7.10937,7.33507,6043044,0.0,1.0
2007-02-09,7.30903,7.33507,7.15278,7.1658,4278604,0.0,1.0
2007-02-12,7.15278,7.36979,7.11372,7.33507,4183682,0.0,1.0
2007-02-13,7.36979,7.5434,7.34375,7.48698,5373396,0.0,1.0
2007-02-14,7.51302,7.63889,7.45226,7.55642,5155539,0.0,1.0
2007-02-15,7.57378,7.8125,7.49132,7.76042,8327218,0.0,1.0
2007-02-16,7.75174,8.07292,7.63889,7.92535,12591685,0.0,1.0
2007-02-26,7.94271,8.28993,7.7474,8.26389,12683587,0.0,1.0
2007-02-27,8.24653,8.57639,7.43924,7.44792,21540546,0.0,1.0
2007-02-28,7.42622,8.0599,7.42622,7.97743,13259043,0.0,1.0
2007-03-01,7.98177,8.06424,7.46962,7.76042,9076991,0.0,1.0
2007-03-02,7.76042,8.12934,7.63889,8.02083,10040464,0.0,1.0
2007-03-05,8.10764,8.37674,7.8125,8.24653,12113759,0.0,1.0
2007-03-06,8.26823,8.45486,8.13802,8.33767,11541960,0.0,1.0
2007-03-07,8.20312,8.4592,8.13802,8.34635,13658267,0.0,1.0
2007-03-08,8.32465,8.32899,8.14236,8.22049,7381500,0.0,1.0
2007-03-09,8.20312,8.20312,7.89062,7.90365,10750250,0.0,1.0
2007-03-12,7.86458,8.02083,7.86024,7.91667,9657806,0.0,1.0
2007-03-13,7.91667,8.06424,7.8559,8.03385,10943680,0.0,1.0
2007-03-14,7.93403,8.06424,7.67361,7.89497,7372070,0.0,1.0
2007-03-15,7.86024,8.4592,7.29167,8.21181,15881744,0.0,1.0
2007-03-16,8.28125,8.65451,8.20747,8.56771,27915587,0.0,1.0
2007-03-19,8.35503,8.9974,8.25521,8.64149,21613147,0.0,1.0
2007-03-20,8.61545,8.79774,8.50694,8.65885,12008815,0.0,1.0
2007-03-21,8.61545,8.76736,8.46354,8.51562,14732995,0.0,1.0
2007-03-22,8.52865,8.59375,8.27257,8.32899,15279232,0.0,1.0
2007-03-23,8.32899,8.35503,8.11632,8.27257,11888776,0.0,1.0
2007-03-26,8.33333,8.62847,8.33333,8.4592,13295320,0.0,1.0
2007-03-27,8.47222,8.65885,8.36806,8.42882,11287418,0.0,1.0
2007-03-28,8.44618,8.50694,7.96441,8.25521,13425417,0.0,1.0
2007-03-29,8.25087,8.28993,7.86892,7.89062,15166147,0.0,1.0
2007-03-30,7.97309,8.18142,7.89497,8.06858,8981953,0.0,1.0
2007-04-02,8.10764,8.15104,7.90365,8.11198,9243217,0.0,1.0
2007-04-03,8.11198,8.18576,8.00781,8.15972,10239637,0.0,1.0
2007-04-04,8.18142,8.37674,8.02951,8.31163,17609859,0.0,1.0
2007-04-05,8.32899,8.40712,8.20312,8.35069,13319466,0.0,1.0
2007-04-06,8.32465,8.40278,8.22917,8.33333,12177191,0.0,1.0
2007-04-09,8.36372,8.50694,8.28125,8.34201,15120083,0.0,1.0
2007-04-10,8.37674,8.3941,7.94271,8.20747,16448712,0.0,1.0
2007-04-11,8.24653,8.28559,8.05556,8.22049,14300366,0.0,1.0
2007-04-12,8.24219,8.52865,8.13368,8.52431,25151292,0.0,1.0
2007-04-13,8.54601,8.75868,8.35937,8.38976,24960741,0.0,1.0
2007-04-16,8.40278,8.78472,8.40278,8.77604,22300174,0.0,1.0
2007-04-17,8.96267,8.96267,8.42014,8.7283,18869698,0.0,1.0
2007-04-18,8.7717,8.78038,8.48524,8.74566,19067206,0.0,1.0
2007-04-19,8.67187,8.72396,7.94705,8.14236,18558524,0.0,1.0
2007-04-20,8.20312,8.4809,8.18142,8.41146,12639770,0.0,1.0
2007-04-23,8.42014,8.81076,8.4158,8.7066,21257237,0.0,1.0
2007-04-24,8.76736,9.20139,8.63715,8.98437,27526305,0.0,1.0
2007-04-25,8.93229,9.3533,8.76736,9.3099,28136679,0.0,1.0
2007-04-26,9.24479,9.3533,9.02778,9.19271,14612021,0.0,1.0
2007-04-27,9.17969,9.19271,8.87587,8.90625,13045525,0.0,1.0
2007-04-30,8.81076,9.07118,8.68056,8.95833,14908479,0.0,1.0
2007-05-03,8.81076,9.07118,8.68056,8.95833,0,0.0,1.0
2007-05-04,8.81076,9.07118,8.68056,8.95833,0,0.0,1.0
2007-05-08,9.14931,9.85243,8.98003,9.73524,28599382,0.0,1.0
2007-05-09,9.57031,10.0694,9.37934,9.76128,24005770,0.0,1.0
2007-05-10,9.76562,10.1432,9.56597,9.63542,16360773,0.0,1.0
2007-05-11,9.63542,9.63542,9.11458,9.32292,19109139,0.0,1.0
2007-05-14,9.21007,9.52691,9.15799,9.38802,12478238,0.0,1.0
2007-05-15,9.37934,9.46181,8.76736,8.90191,20458626,0.0,1.0
2007-05-16,8.94097,9.24479,8.85851,9.19705,13725306,0.0,1.0
2007-05-17,9.24479,9.52257,9.1059,9.42708,13669310,0.0,1.0
2007-05-18,9.42708,9.42708,9.18403,9.33594,13946038,0.0,1.0
2007-05-21,9.14931,9.98264,9.09288,9.86111,26751963,0.0,1.0
2007-05-22,9.88715,10.0694,9.72656,9.89149,21221474,0.0,1.0
2007-05-23,9.88715,10.0217,9.72222,9.94792,19937703,0.0,1.0
2007-05-24,9.99132,10.1476,9.46181,9.69618,21421053,0.0,1.0
2007-05-25,9.59635,10.1953,9.54861,10.0564,24897819,0.0,1.0
2007-05-28,10.1823,10.3299,10.0521,10.0781,21109889,0.0,1.0
2007-05-29,10.1042,10.2083,9.85243,10.1693,18697967,0.0,1.0
2007-05-30,9.4401,9.89149,9.15365,9.15365,29042460,0.0,1.0
2007-05-31,8.94097,9.17969,8.24653,8.84983,18869528,0.0,1.0
2007-06-01,9.15799,9.38802,8.6849,8.80642,20819751,0.0,1.0
2007-06-04,8.94097,9.07118,7.92535,7.96441,15819117,0.0,1.0
2007-06-05,7.8559,8.4809,7.35243,8.36372,14454377,0.0,1.0
2007-06-06,8.36806,8.61111,8.24653,8.47656,12105622,0.0,1.0
2007-06-07,8.50694,8.74132,8.50694,8.71962,12783841,0.0,1.0
2007-06-08,8.89583,9.00521,8.69792,8.76562,6960000,0.02367,1.0
2007-06-11,8.69792,8.90104,8.59896,8.84896,11722827,0.0,1.0
2007-06-12,8.875,8.94271,8.46354,8.93229,14551446,0.0,1.0
2007-06-13,9.01042,9.41667,8.90625,9.21354,16094982,0.0,1.0
2007-06-14,9.21875,9.27083,8.85937,8.94271,9633832,0.0,1.0
2007-06-15,8.84896,9.375,8.79167,9.36979,15405080,0.0,1.0
2007-06-18,9.58854,9.6875,9.38542,9.42708,16703376,0.0,1.0
2007-06-19,9.375,10.2708,9.375,10.1875,27180227,0.0,1.0
2007-06-20,10.2552,10.9375,10.1719,10.2708,39250171,0.0,1.0
2007-06-21,10.2552,10.5729,9.84375,10.2448,20404528,0.0,1.0
2007-06-22,10.2604,10.401,9.27083,9.5,16595858,0.0,1.0
2007-06-25,9.61458,9.875,8.86458,9.03646,15201708,0.0,1.0
2007-06-26,8.95833,9.50521,8.84375,9.46354,12261877,0.0,1.0
2007-06-27,9.57812,9.57812,9.26562,9.50521,9991795,0.0,1.0
2007-06-28,9.51562,9.875,9.375,9.70312,17525169,0.0,1.0
2007-06-29,9.36458,10.651,9.36458,10.2083,40556047,0.0,1.0
2007-07-02,10.2708,11.2292,9.89583,11.0833,46501013,0.0,1.0
2007-07-03,11.9792,11.9792,10.4427,10.6302,32099618,0.0,1.0
2007-07-04,10.599,10.599,9.77083,9.79167,18669804,0.0,1.0
2007-07-05,9.58333,10.0208,9.45833,9.47396,16406811,0.0,1.0
2007-07-06,9.41667,9.79167,8.88021,9.74479,13406690,0.0,1.0
2007-07-09,9.83333,9.98958,9.47917,9.83854,13854858,0.0,1.0
2007-07-10,9.78125,9.78125,9.36979,9.41146,8202273,0.0,1.0
2007-07-11,9.32292,9.57812,9.21875,9.33333,6082790,0.0,1.0
2007-07-12,9.38021,9.45312,9.21875,9.36458,4213336,0.0,1.0
2007-07-13,9.38021,9.84375,9.32292,9.77604,10498094,0.0,1.0
2007-07-16,9.76562,10,9.42708,9.48437,6969959,0.0,1.0
2007-07-17,9.375,9.64062,9.32812,9.47396,4824593,0.0,1.0
2007-07-18,9.38542,9.54687,9.15625,9.27083,7017953,0.0,1.0
2007-07-19,9.21875,9.55208,9.21875,9.32812,9626755,0.0,1.0
2007-07-20,9.32292,9.59375,9.32292,9.53125,13955829,0.0,1.0
2007-07-23,9.4375,9.94271,9.4375,9.85417,15348638,0.0,1.0
2007-07-24,10.0521,10.2865,9.88021,9.89062,18318634,0.0,1.0
2007-07-25,10.1198,10.8802,10.0052,10.8802,29859848,0.0,1.0
2007-07-26,10.9375,11.526,10.7448,11.2083,39860560,0.0,1.0
2007-07-27,11.0677,12.3281,11.0469,12.1562,50975423,0.0,1.0
2007-07-30,12.151,13.2292,11.9062,13.0625,48204127,0.0,1.0
2007-07-31,13.0208,13.026,12.2083,12.4323,37265313,0.0,1.0
2007-08-01,12.4479,12.5,11.1875,11.1875,69828206,0.0,1.0
2007-08-02,11.0312,11.5625,10.7552,11.0938,42278596,0.0,1.0
2007-08-03,11.0938,11.2917,10.7188,11.1146,35052145,0.0,1.0
2007-08-06,11.125,11.6146,10.9115,11.3073,26571656,0.0,1.0
2007-08-07,11.3021,11.3021,10.9271,10.9896,23965932,0.0,1.0
2007-08-08,10.9896,11.3958,10.8229,11.2604,17058607,0.0,1.0
2007-08-09,11.25,11.2604,11.0417,11.0885,12197332,0.0,1.0
2007-08-10,11.2083,11.4323,10.8854,11.2292,18025292,0.0,1.0
2007-08-13,11.2552,12.1615,11.2031,11.8958,31157795,0.0,1.0
2007-08-14,11.7188,11.9844,11.5365,11.6875,18149877,0.0,1.0
2007-08-15,11.6562,11.6615,10.9375,11.1875,16309805,0.0,1.0
2007-08-16,11.1458,11.2552,10.8333,11.1146,11279927,0.0,1.0
2007-08-17,11.0365,11.2448,10.8854,10.8906,9488575,0.0,1.0
2007-08-20,11.1719,11.401,11.0521,11.2656,10717048,0.0,1.0
2007-08-21,11.2656,11.4323,11.1979,11.2656,10653994,0.0,1.0
2007-08-22,11.1406,11.5729,11.0417,11.5156,17500789,0.0,1.0
2007-08-23,11.5677,11.7604,11.3281,11.526,14553898,0.0,1.0
2007-08-24,11.526,11.625,11.1979,11.3073,14629519,0.0,1.0
2007-08-27,11.3281,11.5521,11.1094,11.151,11121197,0.0,1.0
2007-08-28,11.0938,11.2969,10.8385,11.1406,11929304,0.0,1.0
2007-08-29,10.9479,11.1354,10.7292,10.7344,10937626,0.0,1.0
2007-08-30,10.7812,11.1458,10.7812,10.974,7641151,0.0,1.0
2007-08-31,10.9375,11.1771,10.8594,11.0469,8842871,0.0,1.0
2007-09-03,11.0938,11.3646,11.0469,11.2344,12683737,0.0,1.0
2007-09-04,11.3646,11.8125,11.2396,11.401,18908322,0.0,1.0
2007-09-05,11.4323,11.6146,10.9375,11.1927,9508453,0.0,1.0
2007-09-06,11.1875,11.3438,11.0521,11.0938,11128253,0.0,1.0
2007-09-07,11.0417,11.1458,10.7708,10.8281,11017732,0.0,1.0
2007-09-10,10.7812,11.0938,10.6771,11.0156,6670520,0.0,1.0
2007-09-11,11.0938,11.0938,10,10.0365,13009298,0.0,1.0
2007-09-12,10,10.2552,9.55729,9.84375,11736805,0.0,1.0
2007-09-13,9.83333,10.0104,9.79167,10,7800296,0.0,1.0
2007-09-14,10.0104,10.0521,9.63542,9.91146,10284257,0.0,1.0
2007-09-17,9.83854,10.0365,9.73437,9.98437,9314360,0.0,1.0
2007-09-18,10.026,10.026,9.77083,9.89583,9173860,0.0,1.0
2007-09-19,9.93229,10.2135,9.88542,10.0573,8910812,0.0,1.0
2007-09-20,10.1562,10.1823,9.84896,9.92187,6639923,0.0,1.0
2007-09-21,9.94271,9.98437,9.44271,9.5625,9138530,0.0,1.0
2007-09-24,9.57292,9.6875,9.20833,9.32292,8387343,0.0,1.0
2007-09-25,9.32292,9.66146,9.21875,9.54687,5892221,0.0,1.0
2007-09-26,9.51042,9.5625,9.32292,9.35937,4318946,0.0,1.0
2007-09-27,9.30729,9.63021,9.19792,9.55208,5784236,0.0,1.0
2007-09-28,9.56771,9.83333,9.55208,9.72917,7512317,0.0,1.0
2007-10-08,9.74479,10.0104,9.72917,9.76562,6458630,0.0,1.0
2007-10-09,9.78125,9.95833,9.64583,9.88542,5265727,0.0,1.0
2007-10-10,9.92187,9.97917,9.63542,9.63542,5540467,0.0,1.0
2007-10-11,9.63542,9.69792,9.29687,9.32292,7523071,0.0,1.0
2007-10-12,9.31771,9.32292,8.59375,8.94792,9644690,0.0,1.0
2007-10-15,9.0625,9.08333,8.75,8.91146,6818260,0.0,1.0
2007-10-16,8.98958,9.10937,8.75521,9.04687,5653599,0.0,1.0
2007-10-17,9.08333,9.73437,8.94792,9.45312,10847873,0.0,1.0
2007-10-18,9.34896,9.42187,9.02604,9.03646,5548013,0.0,1.0
2007-10-19,9.11458,9.27083,8.85417,8.92187,3682933,0.0,1.0
2007-10-22,8.85417,8.85417,8.59375,8.61458,3940130,0.0,1.0
2007-10-23,8.63542,9.00521,8.63542,8.85417,4418897,0.0,1.0
2007-10-24,8.85937,8.98437,8.64583,8.72917,3407917,0.0,1.0
2007-10-25,8.73958,8.73958,7.85417,7.85937,7554409,0.0,1.0
2007-10-26,7.8125,7.91667,7.31771,7.54687,6791466,0.0,1.0
2007-10-29,7.55208,7.76042,7.29167,7.54167,5030498,0.0,1.0
2007-10-30,7.52604,7.70833,7.1875,7.68229,7097221,0.0,1.0
2007-10-31,7.8125,8.01042,7.55729,7.91146,6989862,0.0,1.0
2007-11-01,7.91667,7.92708,7.44792,7.45833,5319038,0.0,1.0
2007-11-02,7.34375,7.36979,7.125,7.16146,5787844,0.0,1.0
2007-11-05,7.19271,7.54167,7.125,7.375,4932394,0.0,1.0
2007-11-06,7.42187,7.68229,7.42187,7.52083,5002197,0.0,1.0
2007-11-07,7.52604,7.625,7.21354,7.45312,4053932,0.0,1.0
2007-11-08,7.47396,7.47396,7.21354,7.22396,3264622,0.0,1.0
2007-11-09,7.22396,7.58854,7.11458,7.54687,7668194,0.0,1.0
2007-11-12,7.5,7.90625,7.43229,7.85417,13582731,0.0,1.0
2007-11-13,7.94271,7.99479,7.60937,7.71875,8853099,0.0,1.0
2007-11-14,7.79167,7.875,7.69792,7.84375,5104798,0.0,1.0
2007-11-15,7.84375,7.94271,7.60937,7.70312,6632458,0.0,1.0
2007-11-16,7.71354,7.76042,7.5,7.59375,3827413,0.0,1.0
2007-11-19,7.59896,7.96875,7.59375,7.85937,5044101,0.0,1.0
2007-11-20,7.86458,8.00521,7.82292,7.91667,5421648,0.0,1.0
2007-11-21,7.92708,7.98437,7.72396,7.72917,4079762,0.0,1.0
2007-11-22,7.65625,7.70833,7.23958,7.3125,4194724,0.0,1.0
2007-11-23,7.30208,7.65625,7.25,7.51562,2934129,0.0,1.0
2007-11-26,7.61979,7.75,7.47396,7.48958,3484885,0.0,1.0
2007-11-27,7.48958,7.67708,7.39583,7.5,2304063,0.0,1.0
2007-11-28,7.5,7.68229,7.42187,7.47917,2247809,0.0,1.0
2007-11-29,7.47917,7.47917,7.47917,7.47917,0,0.0,1.0
2007-11-30,7.70833,7.71354,7.48437,7.52083,4042424,0.0,1.0
2007-12-03,7.40104,7.66667,7.36979,7.5625,2442995,0.0,1.0
2007-12-04,7.58333,7.79687,7.55208,7.75521,3596237,0.0,1.0
2007-12-05,7.76042,7.83854,7.70833,7.78125,4520031,0.0,1.0
2007-12-06,7.80729,7.99479,7.61979,7.98958,6934453,0.0,1.0
2007-12-07,7.95833,8.04687,7.86979,7.96875,5580590,0.0,1.0
2007-12-10,7.82292,8.21354,7.77083,8.11979,6890500,0.0,1.0
2007-12-11,8.28125,8.28125,8.02083,8.1875,6433669,0.0,1.0
2007-12-12,8.13021,8.28646,8.07812,8.17708,4819048,0.0,1.0
2007-12-13,8.17708,8.35937,7.95833,7.96354,6407038,0.0,1.0
2007-12-14,7.96875,8.11458,7.80208,8.10937,4621427,0.0,1.0
2007-12-17,8.07292,8.44271,8.0625,8.29167,8203204,0.0,1.0
2007-12-18,8.22917,8.38542,8.16146,8.17187,3463459,0.0,1.0
2007-12-19,8.26042,8.73958,8.26042,8.57812,11694177,0.0,1.0
2007-12-20,8.61979,8.79687,8.53125,8.61458,6491242,0.0,1.0
2007-12-21,8.59375,8.71875,8.5,8.64583,5058090,0.0,1.0
2007-12-24,8.69792,9.11458,8.64583,8.81771,9060428,0.0,1.0
2007-12-25,8.80729,8.93229,8.73958,8.84896,4316874,0.0,1.0
2007-12-26,8.90625,8.90625,8.79687,8.88021,4741094,0.0,1.0
2007-12-27,9.38021,9.77083,9.38021,9.77083,13910101,0.0,1.0
2007-12-28,9.81771,10.0469,9.66667,9.78125,27057798,0.0,1.0
2008-01-02,9.78125,10.3125,9.46875,10.2865,19297392,0.0,1.0
2008-01-03,10.1302,10.5052,10.0052,10.1615,18140448,0.0,1.0
2008-01-04,10.1458,10.3021,9.92187,10.2396,11787844,0.0,1.0
2008-01-07,10.1354,10.5677,9.95833,10.4948,16409568,0.0,1.0
2008-01-08,10.651,10.6719,9.79687,9.9375,19269923,0.0,1.0
2008-01-09,9.9375,10.1615,9.89583,10.1042,7330216,0.0,1.0
2008-01-10,10.1198,10.5521,10.0365,10.5365,15289876,0.0,1.0
2008-01-11,10.5469,10.9896,10.5469,10.8594,25559937,0.0,1.0
2008-01-14,11.1198,11.4479,10.9375,10.9792,20546262,0.0,1.0
2008-01-15,11.0417,11.3073,10.8646,11.1094,11711240,0.0,1.0
2008-01-16,10.9688,11.0938,10.7448,10.8698,9234979,0.0,1.0
2008-01-17,10.7292,11.4583,10.7292,11.401,23474018,0.0,1.0
2008-01-18,11.4323,12.0885,11.0938,11.8542,25117413,0.0,1.0
2008-01-21,12.0833,12.5521,11.5729,12.0469,25161314,0.0,1.0
2008-01-22,11.6823,11.974,10.8438,10.849,26137527,0.0,1.0
2008-01-23,11.2552,11.8802,11.2552,11.8698,28431854,0.0,1.0
2008-01-24,12.0833,12.8021,11.9427,12.4792,30081579,0.0,1.0
2008-01-25,12.6562,12.6771,11.8542,12.3542,28966013,0.0,1.0
2008-01-28,12.3438,12.5521,11.3542,11.8698,14559274,0.0,1.0
2008-01-29,11.8854,12.3854,11.7188,12.1406,10744147,0.0,1.0
2008-01-30,12.3438,12.3438,11.2604,11.7292,15150864,0.0,1.0
2008-01-31,11.5625,11.6615,10.8333,10.9062,9784769,0.0,1.0
2008-02-01,11.0417,11.2396,9.89583,10.3802,11114085,0.0,1.0
2008-02-04,10.901,11.4167,10.6927,11.4167,10944102,0.0,1.0
2008-02-05,11.4479,11.7188,11.2656,11.5573,7597081,0.0,1.0
2008-02-13,11.4479,11.7708,11.2031,11.3125,6002844,0.0,1.0
2008-02-14,11.4062,11.8229,11.3281,11.6823,6077376,0.0,1.0
2008-02-15,11.4635,12.0729,11.4062,11.9375,9938970,0.0,1.0
2008-02-18,12.3958,12.6562,12.1823,12.276,13896200,0.0,1.0
2008-02-19,12.3958,12.5781,12.151,12.4896,10515289,0.0,1.0
2008-02-20,12.401,12.5938,11.9167,11.9323,11332533,0.0,1.0
2008-02-21,11.9688,12.3854,11.724,12.0625,8237119,0.0,1.0
2008-02-22,11.9271,12.1406,11.3021,11.349,9371607,0.0,1.0
2008-02-25,11.3438,11.5625,10.5104,10.5365,8363194,0.0,1.0
2008-02-26,10.9375,11.0417,9.98958,10.8542,7148398,0.0,1.0
2008-02-27,10.9375,11.0938,10.7812,11.0052,3803380,0.0,1.0
2008-02-28,10.9323,11.1667,10.7292,10.8802,3793834,0.0,1.0
2008-02-29,10.8854,11.1042,10.8802,11.0312,3403549,0.0,1.0
2008-03-03,10.9323,11.4531,10.6771,11.4427,6911290,0.0,1.0
2008-03-04,11.4062,11.5052,10.9427,11.1406,7067240,0.0,1.0
2008-03-05,11.0938,11.5208,10.7656,11.3229,6266078,0.0,1.0
2008-03-06,11.4323,11.4531,11.1979,11.276,3912966,0.0,1.0
2008-03-07,11.0677,11.1979,10.7448,10.8125,4799534,0.0,1.0
2008-03-10,10.6354,10.9115,10.3646,10.375,3731257,0.0,1.0
2008-03-11,10.3646,10.651,10.1979,10.6094,3153606,0.0,1.0
2008-03-12,10.6302,10.8438,10.1302,10.1354,2823489,0.0,1.0
2008-03-13,10.0833,10.9271,9.3125,10.4531,6402885,0.0,1.0
2008-03-14,10.1042,10.3125,9.73437,9.76042,4048668,0.0,1.0
2008-03-17,9.79167,9.79167,8.91146,8.92708,4187998,0.0,1.0
2008-03-18,8.91146,9.21875,8.28125,8.6875,8394171,0.0,1.0
2008-03-19,8.85417,9.33854,8.76562,9.15104,6085692,0.0,1.0
2008-03-20,9.02604,9.63542,8.67187,9.44271,4440864,0.0,1.0
2008-03-21,9.47396,9.78646,9.4375,9.61458,4294710,0.0,1.0
2008-03-24,9.76562,10.0104,9.51562,9.61979,5973468,0.0,1.0
2008-03-25,9.44271,9.89583,9.3125,9.69792,4075793,0.0,1.0
2008-03-26,9.69792,10,9.49479,9.57292,3465233,0.0,1.0
2008-03-27,9.51562,9.51562,8.69792,8.78646,5414968,0.0,1.0
2008-03-28,8.64583,9.0625,8.32292,8.99479,6371706,0.0,1.0
2008-03-31,8.73958,9.15625,8.49479,8.52604,3477335,0.0,1.0
2008-04-01,8.4375,8.71354,7.67187,7.67187,11238505,0.0,1.0
2008-04-02,7.77083,7.90625,6.98437,7.41146,6708664,0.0,1.0
2008-04-03,7.33854,7.51562,6.98958,7.42187,7244206,0.0,1.0
2008-04-07,7.26042,7.81771,7.08333,7.80729,15304864,0.0,1.0
2008-04-08,7.91146,8.125,7.78646,7.91667,19435285,0.0,1.0
2008-04-09,7.91667,7.91667,7.91667,7.91667,0,0.0,1.0
2008-04-10,7.14583,7.90625,7.125,7.80729,27044886,0.0,1.0
2008-04-11,7.60417,7.96354,7.40625,7.625,17704758,0.0,1.0
2008-04-14,7.29167,7.39583,6.86458,6.86458,14852356,0.0,1.0
2008-04-15,6.61458,6.77083,6.19792,6.5625,13791827,0.0,1.0
2008-04-16,6.5625,6.59896,5.97917,6.15625,11997879,0.0,1.0
2008-04-17,6.17187,6.35417,5.66146,5.71354,9846655,0.0,1.0
2008-04-18,5.65104,5.65104,5.14583,5.21875,12247248,0.0,1.0
2008-04-21,5.57292,5.625,4.94792,5.11979,14860432,0.0,1.0
2008-04-22,4.94792,5.14062,4.74479,5.08854,7242712,0.0,1.0
2008-04-23,5.07292,5.44271,4.95833,5.38021,9168119,0.0,1.0
2008-04-24,5.83333,5.91667,5.64583,5.91667,22378562,0.0,1.0
2008-04-25,5.91667,5.91667,5.91667,5.91667,0,0.0,1.0
2008-04-28,5.82812,6.13542,5.72917,6.02604,17083419,0.0,1.0
2008-04-29,5.98958,6.34375,5.94271,6.27083,11006778,0.0,1.0
2008-04-30,6.29167,6.89583,6.28646,6.89062,19665710,0.0,1.0
2008-05-05,6.95312,7.39062,6.77083,7.34375,20099436,0.0,1.0
2008-05-06,7.21354,7.40104,7.03125,7.17187,14339132,0.0,1.0
2008-05-07,7.08333,7.72917,7.0625,7.125,22027765,0.0,1.0
2008-05-08,7.08333,7.83854,7.08333,7.83854,24917374,0.0,1.0
2008-05-09,7.83854,7.83854,7.83854,7.83854,0,0.0,1.0
2008-05-12,8.33333,8.33333,7.73437,7.9375,23132506,0.0,1.0
2008-05-13,7.65625,8.26562,7.57812,7.80729,16217568,0.0,1.0
2008-05-14,7.78646,8.38542,7.73437,8.33333,14862551,0.0,1.0
2008-05-15,8.36979,8.77604,8.25521,8.5625,18183091,0.0,1.0
2008-05-16,8.46354,8.61979,8.01042,8.29687,14992825,0.0,1.0
2008-05-19,8.17708,8.76562,7.92187,8.75,15540711,0.0,1.0
2008-05-20,8.75,8.75,7.875,7.91667,14764076,0.0,1.0
2008-05-21,7.80208,8.05729,7.40104,7.89583,16066633,0.0,1.0
2008-05-22,7.84896,8.5,7.55208,8.10417,16119362,0.0,1.0
2008-05-23,8.15104,8.91667,8.15104,8.91667,41102132,0.0,1.0
2008-05-26,9.38542,9.78646,8.98437,9.36979,67691056,0.0,1.0
2008-05-27,8.85417,9.35417,8.43229,8.89062,35102241,0.0,1.0
2008-05-28,8.61979,8.98437,8.59375,8.77083,19754249,0.0,1.0
2008-05-29,8.64583,9.30208,8.63542,8.90625,20329006,0.0,1.0
2008-05-30,8.80208,9.04167,8.48958,8.53646,14821824,0.0,1.0
2008-06-02,8.38542,9.11979,8.11458,9.10417,25011829,0.0,1.0
2008-06-03,9.375,9.625,8.38542,8.4375,49652151,0.0,1.0
2008-06-04,8.02083,8.21875,7.76562,7.77083,23653179,0.0,1.0
2008-06-05,7.64583,8.07292,7.64583,7.72396,9891746,0.0,1.0
2008-06-06,7.81771,7.89062,7.4375,7.53125,12722944,0.0,1.0
2008-06-10,7.13542,7.32812,6.875,6.99479,16666952,0.0,1.0
2008-06-11,6.97917,7.33854,6.93229,7.21354,8941755,0.0,1.0
2008-06-12,7.21354,7.69792,6.92708,7.64062,14776971,0.0,1.0
2008-06-13,7.57812,7.70312,7.34375,7.47396,13619956,0.0,1.0
2008-06-16,7.60417,7.85937,7.51042,7.67187,15205465,0.0,1.0
2008-06-17,7.59896,7.86458,7.55208,7.8125,12568240,0.0,1.0
2008-06-18,7.65104,8.33333,7.03125,7.77083,28802978,0.0,1.0
2008-06-19,7.63021,7.63021,6.99479,6.99479,14667329,0.0,1.0
2008-06-20,6.99479,6.99479,6.99479,6.99479,0,0.0,1.0
2008-06-23,6.51042,6.60937,6.29687,6.29687,11686973,0.0,1.0
2008-06-24,5.83333,6.71875,5.83333,6.38542,18970180,0.0,1.0
2008-06-25,6.40625,6.77604,6.39062,6.71354,15313759,0.0,1.0
2008-06-26,6.6875,6.98958,6.57292,6.83854,10400951,0.0,1.0
2008-06-27,6.5625,6.875,6.17708,6.375,9368751,0.0,1.0
2008-06-30,6.20312,6.39583,6.04167,6.15625,8528030,0.0,1.0
2008-07-01,6.28646,6.33854,5.9375,5.97917,7828257,0.0,1.0
2008-07-02,5.88542,6.4375,5.88542,6.23958,8590193,0.0,1.0
2008-07-03,6.11979,6.71875,5.98958,6.52604,13286938,0.0,1.0
2008-07-04,6.52604,6.69271,6.40625,6.61979,9315078,0.0,1.0
2008-07-07,6.77083,7.08333,6.69792,6.97396,13415054,0.0,1.0
2008-07-08,6.95312,7.15104,6.78646,7.01562,14560489,0.0,1.0
2008-07-09,7.01562,7.22917,6.97917,7.13021,13493676,0.0,1.0
2008-07-10,6.96875,7.10937,6.77083,6.77083,12166556,0.0,1.0
2008-07-11,6.77083,6.96875,6.61458,6.83854,6491476,0.0,1.0
2008-07-14,6.76562,6.97917,6.67708,6.97396,6644293,0.0,1.0
2008-07-15,6.96875,7.13021,6.80208,6.85937,8200443,0.0,1.0
2008-07-16,6.79687,7.27083,6.54167,6.72917,20368512,0.0,1.0
2008-07-17,6.80208,6.875,6.05729,6.05729,25854886,0.0,1.0
2008-07-18,6.02083,6.45833,5.63542,6.22917,16953232,0.0,1.0
2008-07-21,6.09896,6.50521,6.06771,6.39062,11378398,0.0,1.0
2008-07-22,6.375,6.5625,6.25625,6.5625,7732679,0.01969,1.0
2008-07-23,6.59375,6.94375,6.5625,6.6,18795765,0.0,1.0
2008-07-24,6.625,6.78125,6.4375,6.6625,11351192,0.0,1.0
2008-07-25,6.64375,6.79375,6.46875,6.66875,8530362,0.0,1.0
2008-07-28,6.66875,6.93125,6.66875,6.825,9509109,0.0,1.0
2008-07-29,6.775,6.8,6.59375,6.6875,5522323,0.0,1.0
2008-07-30,6.8125,6.9375,6.71875,6.8125,9584509,0.0,1.0
2008-07-31,6.91875,7.04375,6.75,6.75625,12634410,0.0,1.0
2008-08-01,6.6875,6.95625,6.3125,6.8625,11128867,0.0,1.0
2008-08-04,6.76875,6.79375,6.5,6.51875,5235994,0.0,1.0
2008-08-05,6.45,6.68125,6.3125,6.36875,4055734,0.0,1.0
2008-08-06,6.425,6.4875,6.3125,6.39375,3946290,0.0,1.0
2008-08-07,6.45625,6.4625,6.1875,6.38125,4179010,0.0,1.0
2008-08-08,6.29375,6.4375,5.74375,5.74375,5038960,0.0,1.0
2008-08-11,5.74375,5.8125,5.16875,5.16875,4877570,0.0,1.0
2008-08-12,5.125,5.21875,5.01875,5.05625,3225485,0.0,1.0
2008-08-13,5.05625,5.0625,4.70625,4.96875,4053770,0.0,1.0
2008-08-14,4.8875,5.1375,4.8875,5.04375,3332470,0.0,1.0
2008-08-15,5,5.175,4.875,5.00625,3403442,0.0,1.0
2008-08-18,5.0875,5.0875,4.50625,4.50625,3773792,0.0,1.0
2008-08-19,4.50625,4.6375,4.3875,4.6125,3284395,0.0,1.0
2008-08-20,4.55,5.075,4.44375,5.06875,6984015,0.0,1.0
2008-08-21,4.9375,5.125,4.78125,4.8,4646056,0.0,1.0
2008-08-22,4.79375,4.94375,4.65625,4.85,3433574,0.0,1.0
2008-08-25,4.85,4.99375,4.75,4.81875,2687074,0.0,1.0
2008-08-26,4.7125,4.775,4.4125,4.525,3537381,0.0,1.0
2008-08-27,4.50625,4.625,4.33125,4.4375,2347821,0.0,1.0
2008-08-28,4.425,4.5375,4.40625,4.4375,1502984,0.0,1.0
2008-08-29,4.4875,4.6375,4.4375,4.55,3733022,0.0,1.0
2008-09-01,4.53125,4.53125,4.34375,4.4125,2981381,0.0,1.0
2008-09-02,4.41875,4.75,4.3,4.725,6717018,0.0,1.0
2008-09-03,4.675,4.775,4.53125,4.71875,4360064,0.0,1.0
2008-09-04,4.65625,4.78125,4.61875,4.7125,2685200,0.0,1.0
2008-09-05,4.59375,4.66875,4.44375,4.53125,2462770,0.0,1.0
2008-09-08,4.55625,4.56875,4.35625,4.39375,2656315,0.0,1.0
2008-09-09,4.39375,4.525,4.3625,4.45,1682410,0.0,1.0
2008-09-10,4.45625,4.65625,4.4,4.54375,2583850,0.0,1.0
2008-09-11,4.55,4.625,4.46875,4.49375,1874893,0.0,1.0
2008-09-12,4.45625,4.53125,4.4125,4.4375,2142189,0.0,1.0
2008-09-16,4.46875,4.88125,4.375,4.85625,15899715,0.0,1.0
2008-09-17,4.7375,4.84375,4.53125,4.75,11105927,0.0,1.0
2008-09-18,4.59375,5.225,4.5625,5.175,20320983,0.0,1.0
2008-09-19,5.69375,5.69375,5.69375,5.69375,1331554,0.0,1.0
2008-09-22,5.9875,6.24375,5.63125,5.8375,22508549,0.0,1.0
2008-09-23,5.6375,5.6375,5.25625,5.25625,10086795,0.0,1.0
2008-09-24,5.13125,5.6125,5.06875,5.6125,10232699,0.0,1.0
2008-09-25,5.6,5.7625,5.51875,5.58125,9903994,0.0,1.0
2008-09-26,5.5875,5.78125,5.3125,5.45,5962667,0.0,1.0
2008-10-06,5.34375,5.41875,5.03125,5.20625,5315909,0.0,1.0
2008-10-07,5.01875,5.36875,5.0125,5.26875,5079323,0.0,1.0
2008-10-08,5.11875,5.24375,4.80625,4.88125,6172219,0.0,1.0
2008-10-09,5.0125,5.05,4.6125,4.65,4216557,0.0,1.0
2008-10-10,4.4125,4.5125,4.2875,4.29375,4651536,0.0,1.0
2008-10-13,4.24375,4.58125,4.0625,4.56875,5226131,0.0,1.0
2008-10-14,4.71875,5.025,4.45625,4.4875,8341767,0.0,1.0
2008-10-15,4.4875,4.625,4.4125,4.5,3344059,0.0,1.0
2008-10-16,4.325,4.75,4.2375,4.5125,7277579,0.0,1.0
2008-10-17,4.51875,4.6125,4.4125,4.6,4817523,0.0,1.0
2008-10-20,4.48125,4.825,4.48125,4.79375,5275411,0.0,1.0
2008-10-21,4.85,4.925,4.75,4.7875,6137421,0.0,1.0
2008-10-22,4.66875,4.875,4.65625,4.6625,3749202,0.0,1.0
2008-10-23,4.6625,4.75625,4.50625,4.75,2832002,0.0,1.0
2008-10-24,4.7625,4.8375,4.5625,4.60625,2386293,0.0,1.0
2008-10-27,4.5,4.5375,4.14375,4.15625,6458141,0.0,1.0
2008-10-28,4.075,4.375,4,4.36875,3156171,0.0,1.0
2008-10-29,4.48125,4.5125,4.3,4.30625,3089936,0.0,1.0
2008-10-30,4.34375,4.49375,4.3125,4.45,3835002,0.0,1.0
2008-10-31,4.475,4.475,4.2625,4.31875,1961810,0.0,1.0
2008-11-03,4.3125,4.33125,4.15625,4.21875,1374096,0.0,1.0
2008-11-04,4.21875,4.3125,4.15625,4.225,1462912,0.0,1.0
2008-11-05,4.21875,4.36875,4.21875,4.3,4797021,0.0,1.0
2008-11-06,4.13125,4.18125,4.06875,4.09375,3034541,0.0,1.0
2008-11-07,3.975,4.10625,3.9375,4.00625,7195395,0.0,1.0
2008-11-10,4.00625,4.00625,4.00625,4.00625,0,0.0,1.0
2008-11-11,4.28125,4.40625,4.15,4.2375,16150858,0.0,1.0
2008-11-12,4.16875,4.28125,4.125,4.28125,6806773,0.0,1.0
2008-11-13,4.3125,4.6,4.30625,4.53125,11695061,0.0,1.0
2008-11-14,4.54375,4.74375,4.51875,4.7375,12152971,0.0,1.0
2008-11-17,4.6875,5.2125,4.625,5.2125,18273098,0.0,1.0
2008-11-18,5.175,5.4875,5.0875,5.35,30622018,0.0,1.0
2008-11-19,5.5625,5.8875,5.5625,5.8875,41086973,0.0,1.0
2008-11-20,6.46875,6.46875,5.59375,5.6375,42768433,0.0,1.0
2008-11-21,5.375,5.55,5.075,5.2,23724477,0.0,1.0
2008-11-24,5.21875,5.34375,4.98125,5,12709911,0.0,1.0
2008-11-25,5.1,5.25,4.8875,5.23125,11043647,0.0,1.0
2008-11-26,5.23125,5.3125,5.075,5.11875,11676759,0.0,1.0
2008-11-27,5.425,5.46875,5.025,5.05,12298805,0.0,1.0
2008-11-28,4.96875,5.14375,4.9125,5.025,7370845,0.0,1.0
2008-12-01,5.03125,5.1875,4.925,5.15,7215858,0.0,1.0
2008-12-02,5.0125,5.46875,4.9375,5.25,14369642,0.0,1.0
2008-12-03,5.30625,5.6125,5.30625,5.5375,15352922,0.0,1.0
2008-12-04,5.625,5.825,5.46875,5.55,18297581,0.0,1.0
2008-12-05,5.65625,5.8875,5.5875,5.675,13832330,0.0,1.0
2008-12-08,5.675,5.675,5.675,5.675,0,0.0,1.0
2008-12-09,5.9375,5.95,5.46875,5.5,19274875,0.0,1.0
2008-12-10,5.425,5.74375,5.40625,5.6875,12299389,0.0,1.0
2008-12-11,5.6625,5.6625,5.3125,5.375,10946032,0.0,1.0
2008-12-12,5.31875,5.675,5.30625,5.5375,24441450,0.0,1.0
2008-12-15,5.75,5.78125,5.4875,5.59375,23021866,0.0,1.0
2008-12-16,5.5,5.5,5.05,5.3125,17883034,0.0,1.0
2008-12-17,5.33125,5.58125,5.21875,5.4625,17468074,0.0,1.0
2008-12-18,5.375,5.74375,5.31875,5.7375,25385968,0.0,1.0
2008-12-19,5.70625,5.90625,5.64375,5.875,28221487,0.0,1.0
2008-12-22,5.9125,6.10625,5.8125,5.90625,22272869,0.0,1.0
2008-12-23,5.9,5.9,5.375,5.40625,17712440,0.0,1.0
2008-12-24,5.3125,5.4125,5.16875,5.25,10282192,0.0,1.0
2008-12-25,5.29375,5.38125,5.10625,5.21875,6574906,0.0,1.0
2008-12-26,5.21875,5.35,5.09375,5.2625,9015059,0.0,1.0
2008-12-29,5.15,5.3,5.05625,5.23125,4709232,0.0,1.0
2008-12-30,5.23125,5.39375,5.13125,5.275,7071080,0.0,1.0
2008-12-31,5.275,5.425,5.21875,5.29375,6335875,0.0,1.0
2009-01-05,5.53125,5.59375,5.3125,5.4,14575765,0.0,1.0
2009-01-06,5.39375,5.84375,5.3375,5.78125,25863498,0.0,1.0
2009-01-07,5.8,5.90625,5.5875,5.6375,32986605,0.0,1.0
2009-01-08,5.46875,5.46875,5.14375,5.1875,17957645,0.0,1.0
2009-01-09,5.18125,5.34375,5.18125,5.325,11305898,0.0,1.0
2009-01-12,5.28125,5.48125,5.25625,5.43125,10630466,0.0,1.0
2009-01-13,5.40625,5.40625,5.18125,5.2125,7493520,0.0,1.0
2009-01-14,5.2125,5.375,5.19375,5.3625,6507610,0.0,1.0
2009-01-15,5.3375,5.575,5.3125,5.54375,15714127,0.0,1.0
2009-01-16,5.56875,5.75,5.50625,5.55,16833423,0.0,1.0
2009-01-19,5.58125,5.73125,5.425,5.60625,12113917,0.0,1.0
2009-01-20,5.5375,5.60625,5.4375,5.58125,7310355,0.0,1.0
2009-01-21,5.5,5.75625,5.45625,5.68125,16179952,0.0,1.0
2009-01-22,5.75,5.76875,5.59375,5.64375,12424165,0.0,1.0
2009-01-23,5.59375,5.78125,5.56875,5.59375,14272933,0.0,1.0
2009-02-02,5.73125,5.74375,5.6,5.71875,12398139,0.0,1.0
2009-02-03,5.74375,5.95,5.64375,5.94375,21475884,0.0,1.0
2009-02-04,5.9125,6.28125,5.9125,6.15,27029672,0.0,1.0
2009-02-05,6.19375,6.3125,5.90625,6.0125,24799058,0.0,1.0
2009-02-06,6.0375,6.5,6.0375,6.4625,22873941,0.0,1.0
2009-02-09,6.4375,6.73125,6.29375,6.63125,23359818,0.0,1.0
2009-02-10,6.53125,6.8,6.38125,6.74375,16171650,0.0,1.0
2009-02-11,6.69375,6.95625,6.53125,6.6125,18937170,0.0,1.0
2009-02-12,6.64375,6.925,6.48125,6.90625,17111347,0.0,1.0
2009-02-13,6.9875,7.6,6.98125,7.41875,27712,0.0,1.0
2009-02-16,7.45,7.6375,7.14375,7.50625,18835895,0.0,1.0
2009-02-17,7.425,7.425,6.875,7.00625,17872120,0.0,1.0
2009-02-18,6.8125,6.9125,6.625,6.725,13015347,0.0,1.0
2009-02-19,6.86875,6.9875,6.7375,6.9,17403979,0.0,1.0
2009-02-20,7.00625,7.21875,6.91875,7.18125,16843296,0.0,1.0
2009-02-23,7.125,7.71875,7.09375,7.5875,16664195,0.0,1.0
2009-02-24,7.4875,7.9375,7.1875,7.6625,21474533,0.0,1.0
2009-02-25,7.65625,7.78125,7.225,7.46875,13061659,0.0,1.0
2009-02-26,7.4625,8.05625,7.3,7.575,32499196,0.0,1.0
2009-02-27,7.5,7.6875,6.84375,7.49375,24533813,0.0,1.0
2009-03-02,7.3125,8.1125,7.3125,8.05625,19065963,0.0,1.0
2009-03-03,7.88125,8.4375,7.7875,8.175,17729015,0.0,1.0
2009-03-04,8.1875,8.4875,8.04375,8.4625,15694074,0.0,1.0
2009-03-05,8.49375,8.54375,8.13125,8.3625,14161642,0.0,1.0
2009-03-06,8.175,8.425,7.875,8.0625,10734888,0.0,1.0
2009-03-09,8.1875,8.55625,8.13125,8.4125,20765167,0.0,1.0
2009-03-10,8.14375,8.2875,7.9375,8.15625,15518856,0.0,1.0
2009-03-11,8.3125,8.35625,7.78125,7.80625,12199877,0.0,1.0
2009-03-12,7.69375,7.9375,7.60625,7.8625,6628672,0.0,1.0
2009-03-13,7.84375,8.0875,7.825,7.90625,8177499,0.0,1.0
2009-03-16,7.9125,8.01875,7.75625,7.9375,3232070,0.0,1.0
2009-03-17,8,8.5375,7.9375,8.48125,10800832,0.0,1.0
2009-03-18,8.45,8.73125,8.4,8.45,8806864,0.0,1.0
2009-03-19,8.4625,8.7875,8.41875,8.7375,9321653,0.0,1.0
2009-03-20,8.7375,8.7375,8.25,8.3875,7546130,0.0,1.0
2009-03-23,8.44375,8.53125,8.1875,8.24375,10119890,0.0,1.0
2009-03-24,8.3125,8.4625,8.125,8.4,9894512,0.0,1.0
2009-03-25,8.2875,8.40625,8.2,8.36875,4965792,0.0,1.0
2009-03-26,8.40625,8.40625,8.1875,8.34375,6049987,0.0,1.0
2009-03-27,8.40625,8.6,8.25625,8.38125,7173224,0.0,1.0
2009-03-30,8.36875,8.4375,8.25,8.38125,5178965,0.0,1.0
2009-03-31,8.24375,8.5,8.09375,8.49375,7225391,0.0,1.0
2009-04-01,8.46875,8.7875,8.375,8.45625,8921802,0.0,1.0
2009-04-02,8.4375,8.575,8.21875,8.2375,9947144,0.0,1.0
2009-04-03,8.25,8.33125,7.825,7.8875,9844216,0.0,1.0
2009-04-07,7.8875,8.13125,7.875,8.0125,5499021,0.0,1.0
2009-04-08,8.05,8.2625,7.95,7.9625,9859418,0.0,1.0
2009-04-09,7.84375,8.14375,7.8,8.05,4431112,0.0,1.0
2009-04-10,8.0625,8.34375,8.0125,8.2625,6615197,0.0,1.0
2009-04-13,8.3375,8.3875,8.03125,8.13125,10183379,0.0,1.0
2009-04-14,8.125,8.46875,8.00625,8.4125,11774482,0.0,1.0
2009-04-15,8.41875,9.25625,8.2875,9.25625,31890909,0.0,1.0
2009-04-16,9.69375,10.025,9.3125,9.45,39122644,0.0,1.0
2009-04-17,9.3625,9.3625,8.8,8.875,13663240,0.0,1.0
2009-04-20,8.75,9.0625,8.725,8.94375,9161248,0.0,1.0
2009-04-21,8.80625,8.90625,8.6375,8.81875,10026944,0.0,1.0
2009-04-22,8.84375,9.425,8.625,8.65625,17071685,0.0,1.0
2009-04-23,8.625,8.975,8.575,8.9,9066314,0.0,1.0
2009-04-24,8.94375,9,8.675,8.79375,5799058,0.0,1.0
2009-04-27,8.78125,9,8.65625,8.68125,8957395,0.0,1.0
2009-04-28,8.675,8.675,8.21875,8.64375,6887431,0.0,1.0
2009-04-29,8.6625,9.03125,8.55,8.93125,8366448,0.0,1.0
2009-04-30,8.8625,9.425,8.7625,9.39375,16204655,0.0,1.0
2009-05-04,9.475,9.675,9.25,9.5,13707280,0.0,1.0
2009-05-05,9.50625,9.5125,9.21875,9.325,7963120,0.0,1.0
2009-05-06,9.2375,9.4375,9.2375,9.28125,5900634,0.0,1.0
2009-05-07,9.3625,9.3625,8.9375,9.13125,7399167,0.0,1.0
2009-05-08,9.0125,9.16875,8.9375,9.13125,5203485,0.0,1.0
2009-05-11,9.15625,9.2375,8.71875,8.7875,7098245,0.0,1.0
2009-05-12,8.6125,8.825,8.575,8.75,3839651,0.0,1.0
2009-05-13,8.75,8.9125,8.6875,8.83125,6962685,0.0,1.0
2009-05-14,8.7375,9.0625,8.6875,8.99375,6848402,0.0,1.0
2009-05-15,9.325,9.325,8.75,8.88125,7968931,0.0,1.0
2009-05-18,8.66875,8.75,8.4625,8.61875,10107704,0.0,1.0
2009-05-19,8.63125,8.80625,8.4875,8.55,14130323,0.0,1.0
2009-05-20,8.59375,8.66875,8.49375,8.5875,8942264,0.0,1.0
2009-05-21,8.5625,8.59375,8.1875,8.2125,10289595,0.0,1.0
2009-05-22,8.18125,8.3125,8.15625,8.28125,5501147,0.0,1.0
2009-05-25,8.1125,8.24375,7.95,8.2125,7592239,0.0,1.0
2009-05-26,8.21875,8.43125,8.2125,8.25,7507936,0.0,1.0
2009-05-27,8.25625,8.3125,8.13125,8.26875,4796726,0.0,1.0
2009-06-01,8.30625,8.4125,8.275,8.3625,7766919,0.0,1.0
2009-06-02,8.38125,8.5,8.275,8.425,10826192,0.0,1.0
2009-06-03,8.375,8.4875,8.30625,8.325,8188157,0.0,1.0
2009-06-04,8.325,8.325,8.325,8.325,0,0.0,1.0
2009-06-05,8.325,8.4,7.8125,7.925,22871583,0.0,1.0
2009-06-08,7.94375,7.95,7.65625,7.74375,11155960,0.0,1.0
2009-06-09,7.74375,7.9,7.6125,7.85625,10735147,0.0,1.0
2009-06-10,7.89375,7.90625,7.71875,7.86875,11199901,0.0,1.0
2009-06-11,7.8625,8,7.79375,7.96875,10982861,0.0,1.0
2009-06-12,7.975,7.98125,7.73125,7.84375,7294579,0.0,1.0
2009-06-15,7.6125,7.65,7.44375,7.60625,4694526,0.30425,1.0
2009-06-16,7.55625,7.60625,7.4875,7.525,4777179,0.0,1.0
2009-06-17,7.5,7.7,7.5,7.68125,6406704,0.0,1.0
2009-06-18,7.71875,7.7375,7.5625,7.625,8901069,0.0,1.0
2009-06-19,7.63125,7.6375,7.4,7.575,18622235,0.0,1.0
2009-06-22,7.59375,7.7,7.5,7.6375,21566784,0.0,1.0
2009-06-23,7.5625,7.7625,7.5,7.7375,19905631,0.0,1.0
2009-06-24,7.7375,7.7875,7.63125,7.75,14332778,0.0,1.0
2009-06-25,7.775,7.85625,7.6625,7.7125,15862163,0.0,1.0
2009-06-26,7.71875,7.74375,7.55,7.63125,9827552,0.0,1.0
2009-06-29,7.63125,7.66875,7.54375,7.6375,7576626,0.0,1.0
2009-06-30,7.63125,7.65625,7.50625,7.5125,6852693,0.0,1.0
2009-07-01,7.46875,7.60625,7.44375,7.49375,10248871,0.0,1.0
2009-07-02,7.54375,7.58125,7.425,7.51875,12673890,0.0,1.0
2009-07-03,7.475,7.6,7.41875,7.575,12802131,0.0,1.0
2009-07-06,7.58125,7.70625,7.4875,7.675,17607053,0.0,1.0
2009-07-07,7.625,7.86875,7.59375,7.775,24063210,0.0,1.0
2009-07-08,7.75,7.76875,7.63125,7.71875,10319472,0.0,1.0
2009-07-09,7.75,7.9,7.7,7.8875,15666856,0.0,1.0
2009-07-10,7.9,8.1625,7.89375,8.09375,24453263,0.0,1.0
2009-07-13,8.05625,8.25625,8.0125,8.1625,20220535,0.0,1.0
2009-07-14,8.15625,8.25,8.1,8.18125,15539856,0.0,1.0
2009-07-15,8.175,8.2125,7.99375,8.00625,18466112,0.0,1.0
2009-07-16,8.15625,8.225,8.025,8.11875,17774624,0.0,1.0
2009-07-17,8.09375,8.525,8.075,8.38125,23164116,0.0,1.0
2009-07-20,8.38125,8.88125,8.3625,8.8625,35080737,0.0,1.0
2009-07-21,8.8125,8.8625,8.51875,8.6125,20214405,0.0,1.0
2009-07-22,8.59375,9.03125,8.55625,9.0125,24957047,0.0,1.0
2009-07-23,8.975,9.15,8.85,8.86875,14923287,0.0,1.0
2009-07-24,8.88125,9.0375,8.46875,8.7375,16868376,0.0,1.0
2009-07-27,8.75625,9.21875,8.75625,9.18125,24838212,0.0,1.0
2009-07-28,9.175,10.0063,9.15625,9.7,33094837,0.0,1.0
2009-07-29,9.725,10.0312,9.13125,9.6,32639874,0.0,1.0
2009-07-30,9.625,10.5625,9.625,10.35,46729609,0.0,1.0
2009-07-31,10.4375,10.7312,10.1875,10.525,32696575,0.0,1.0
2009-08-03,10.6125,10.65,10.3125,10.5938,24263676,0.0,1.0
2009-08-04,10.625,10.8687,10.4563,10.6875,25847180,0.0,1.0
2009-08-05,10.7312,10.7312,10,10.2125,23940924,0.0,1.0
2009-08-06,10.2125,10.4187,9.7875,9.8,16941218,0.0,1.0
2009-08-07,9.7875,10.0312,9.6375,9.6875,11897874,0.0,1.0
2009-08-10,9.75,9.9875,9.44375,9.75625,8668450,0.0,1.0
2009-08-11,9.8375,9.98125,9.69375,9.8625,7545456,0.0,1.0
2009-08-12,9.75625,10.0562,9.69375,9.80625,13190019,0.0,1.0
2009-08-13,9.81875,9.90625,9.25625,9.40625,13212352,0.0,1.0
2009-08-14,9.375,9.5375,8.50625,8.78125,11256311,0.0,1.0
2009-08-17,8.84375,9.0625,8.30625,8.375,9653120,0.0,1.0
2009-08-18,8.1375,8.625,7.6875,8.5375,16852914,0.0,1.0
2009-08-19,8.5875,8.6625,7.925,8.0625,12147031,0.0,1.0
2009-08-20,8,8.78125,8,8.73125,14862858,0.0,1.0
2009-08-21,8.65,9.2625,8.5625,9.25,17069551,0.0,1.0
2009-08-24,9.30625,9.48125,9.1,9.30625,9843408,0.0,1.0
2009-08-25,9.25,9.85625,8.94375,9.825,22059085,0.0,1.0
2009-08-26,9.75,10.0063,9.45625,9.8,26274058,0.0,1.0
2009-08-27,9.45,9.675,9.06875,9.4375,22097847,0.0,1.0
2009-08-28,9.38125,9.38125,8.74375,8.7625,12294202,0.0,1.0
2009-08-31,8.68125,8.68125,7.8875,7.8875,12277160,0.0,1.0
2009-09-01,7.78125,8.08125,7.75,7.90625,7451629,0.0,1.0
2009-09-02,7.875,8.1875,7.86875,8.0875,6568821,0.0,1.0
2009-09-03,8.11875,8.35,8.0125,8.325,14416392,0.0,1.0
2009-09-04,8.2375,8.30625,7.9375,8.25,24296500,0.0,1.0
2009-09-07,8.28125,8.41875,8.125,8.3375,17230279,0.0,1.0
2009-09-08,8.25625,8.35,8.06875,8.3375,14207850,0.0,1.0
2009-09-09,8.38125,8.43125,8.125,8.23125,15390253,0.0,1.0
2009-09-10,8.1375,8.35,8.06875,8.275,13704984,0.0,1.0
2009-09-11,8.275,8.63125,8.20625,8.50625,32579453,0.0,1.0
2009-09-14,8.5375,9.0625,8.4125,9.05625,35635077,0.0,1.0
2009-09-15,9.2,9.375,9,9.0125,50842025,0.0,1.0
2009-09-16,8.875,9.3625,8.75,9.15625,32873908,0.0,1.0
2009-09-17,9.1375,9.55625,9.075,9.33125,33837762,0.0,1.0
2009-09-18,9.33125,9.36875,8.65625,8.7375,21683120,0.0,1.0
2009-09-21,8.5,8.89375,8.3125,8.8125,16566085,0.0,1.0
2009-09-22,8.7375,8.94375,8.6125,8.7,18105347,0.0,1.0
2009-09-23,8.5625,8.7375,8.30625,8.36875,13239741,0.0,1.0
2009-09-24,8.29375,8.3625,7.8875,8.11875,13229306,0.0,1.0
2009-09-25,8.1,8.31875,7.9875,8.09375,8951301,0.0,1.0
2009-09-28,8.125,8.2,7.8125,7.85,6281019,0.0,1.0
2009-09-29,7.9375,7.95,7.55625,7.6375,5769989,0.0,1.0
2009-09-30,7.6375,7.79375,7.6375,7.6625,4983203,0.0,1.0
2009-10-09,7.725,8.09375,7.725,8.0625,5692592,0.0,1.0
2009-10-12,8.125,8.28125,8.00625,8.10625,5771275,0.0,1.0
2009-10-13,8.09375,8.20625,8.0625,8.1875,4875358,0.0,1.0
2009-10-14,8.3,8.33125,8.1875,8.2125,7391791,0.0,1.0
2009-10-16,8.25,8.34375,8.0625,8.19375,11765559,0.0,1.0
2009-10-19,8.20625,8.325,8.125,8.31875,12329749,0.0,1.0
2009-10-20,8.3125,8.4875,8.2875,8.43125,9438634,0.0,1.0
2009-10-21,8.41875,8.44375,8.28125,8.2875,9259635,0.0,1.0
2009-10-22,8.2625,8.33125,8.175,8.2625,8581333,0.0,1.0
2009-10-23,8.375,8.70625,8.34375,8.6625,19961653,0.0,1.0
2009-10-26,8.625,8.625,8.43125,8.46875,10598042,0.0,1.0
2009-10-27,8.39375,8.40625,8.05,8.0625,10614224,0.0,1.0
2009-10-28,7.98125,8.125,7.89375,8.11875,8111517,0.0,1.0
2009-10-29,7.925,8.01875,7.9,7.9375,5100746,0.0,1.0
2009-10-30,8.025,8.18125,7.96875,8.00625,6947501,0.0,1.0
2009-11-02,7.81875,8.23125,7.7625,8.225,6767243,0.0,1.0
2009-11-03,8.25,8.45625,8.20625,8.375,9644951,0.0,1.0
2009-11-04,8.36875,8.65625,8.3375,8.5125,13815077,0.0,1.0
2009-11-05,8.53125,8.59375,8.43125,8.5,9792587,0.0,1.0
2009-11-06,8.55625,8.61875,8.5,8.5875,14502666,0.0,1.0
2009-11-09,8.54375,8.65625,8.4,8.5625,16348887,0.0,1.0
2009-11-10,8.59375,8.71875,8.5125,8.6375,20289444,0.0,1.0
2009-11-11,8.60625,8.88125,8.5125,8.8125,18446509,0.0,1.0
2009-11-12,8.81875,8.90625,8.65625,8.71875,16106543,0.0,1.0
2009-11-13,8.66875,8.775,8.50625,8.75,11375850,0.0,1.0
2009-11-16,8.76875,9.09375,8.76875,9.08125,19543111,0.0,1.0
2009-11-17,9.1,9.2625,8.9875,9.03125,14045135,0.0,1.0
2009-11-18,9.03125,9.08125,8.8875,9.0375,11134370,0.0,1.0
2009-11-19,9.03125,9.20625,9,9.175,14471639,0.0,1.0
2009-11-20,9.15625,9.29375,9.075,9.0875,15644610,0.0,1.0
2009-11-23,9.09375,9.15,9,9.13125,15595333,0.0,1.0
2009-11-24,9.1875,9.4375,8.75625,8.81875,26603871,0.0,1.0
2009-11-25,8.76875,9.25,8.76875,9.225,15125506,0.0,1.0
2009-11-26,9.2125,9.39375,8.75,8.79375,17919954,0.0,1.0
2009-11-27,8.7625,8.7625,8.34375,8.4,10030866,0.0,1.0
2009-11-30,8.45,8.70625,8.45,8.7,6521834,0.0,1.0
2009-12-01,8.6875,8.91875,8.55,8.9125,9499624,0.0,1.0
2009-12-02,8.94375,9.2125,8.9125,9.11875,17935311,0.0,1.0
2009-12-03,9.06875,9.3375,9.01875,9.15625,15304562,0.0,1.0
2009-12-04,9.15625,9.3,8.7625,8.85625,21157847,0.0,1.0
2009-12-07,8.89375,9.5625,8.86875,9.4375,32255474,0.0,1.0
2009-12-08,9.40625,9.60625,9.2625,9.50625,27887080,0.0,1.0
2009-12-09,9.425,9.675,9.31875,9.40625,19741032,0.0,1.0
2009-12-10,9.5,9.53125,9.30625,9.36875,13843431,0.0,1.0
2009-12-11,9.3625,9.65625,9.25,9.36875,14561523,0.0,1.0
2009-12-14,9.25625,10.0437,9.25625,9.84375,34430292,0.0,1.0
2009-12-15,9.725,10.2,9.69375,9.9375,27963727,0.0,1.0
2009-12-16,9.93125,10.0938,9.825,9.9375,18602135,0.0,1.0
2009-12-17,9.88125,10.0813,9.7125,9.7375,12914213,0.0,1.0
2009-12-18,9.7125,9.71875,9.3,9.4375,13316128,0.0,1.0
2009-12-21,9.425,9.9875,9.375,9.91875,14992491,0.0,1.0
2009-12-22,9.93125,10.25,9.81875,9.84375,18350867,0.0,1.0
2009-12-23,9.8625,10.3062,9.70625,10.2625,23089751,0.0,1.0
2009-12-24,10.3,10.5,10.1375,10.3562,21258148,0.0,1.0
2009-12-25,10.2563,10.625,10.2563,10.2875,15738181,0.0,1.0
2009-12-28,10.275,10.425,10.2063,10.4125,11970312,0.0,1.0
2009-12-29,10.45,10.725,10.35,10.4875,13686043,0.0,1.0
2009-12-30,10.5312,10.6812,10.2,10.2625,16350266,0.0,1.0
2009-12-31,10.2688,10.3938,10.0625,10.3125,12986546,0.0,1.0
2010-01-04,10.4688,10.7688,10.3313,10.7063,15804256,0.0,1.0
2010-01-05,10.6875,11.0688,10.6313,10.7937,14423520,0.0,1.0
2010-01-06,10.8062,10.9812,10.5,10.775,11984784,0.0,1.0
2010-01-07,10.7125,10.8438,10.5625,10.6438,11117000,0.0,1.0
2010-01-08,10.6125,10.9375,10.5,10.9,10366344,0.0,1.0
2010-01-11,10.9125,11.2188,10.8062,10.9937,18398376,0.0,1.0
2010-01-12,11,11.3125,10.9312,11.0188,17055632,0.0,1.0
2010-01-13,10.7625,11.275,10.6938,10.8813,18078352,0.0,1.0
2010-01-14,11,11.9688,10.9438,11.7625,42472858,0.0,1.0
2010-01-15,11.75,11.75,11.3313,11.4875,27038444,0.0,1.0
2010-01-18,11.5125,11.8125,11.3625,11.5125,24003780,0.0,1.0
2010-01-19,11.4688,11.4937,11.1812,11.3875,17908823,0.0,1.0
2010-01-20,11.375,11.375,10.3813,10.5,34915329,0.0,1.0
2010-01-21,10.4812,10.625,10.25,10.375,13883379,0.0,1.0
2010-01-22,10.2625,10.3438,9.925,10.1375,12045906,0.0,1.0
2010-01-25,10.0437,10.2312,9.90625,9.95625,11877200,0.0,1.0
2010-01-26,9.94375,10.125,9.68125,9.8875,11174298,0.0,1.0
2010-01-27,9.93125,10.025,9.5625,9.65625,17771058,0.0,1.0
2010-01-28,9.5625,9.78125,9.5625,9.65625,12546770,0.0,1.0
2010-01-29,9.425,9.84375,9.425,9.79375,18799943,0.0,1.0
2010-02-01,9.79375,10,9.50625,9.78125,18657072,0.0,1.0
2010-02-02,9.825,10.2188,9.7625,10,20744344,0.0,1.0
2010-02-03,9.91875,10,9.59375,9.83125,14703098,0.0,1.0
2010-02-04,9.825,9.9125,9.59375,9.7125,10738207,0.0,1.0
2010-02-05,9.5,9.75,9.4375,9.4875,8795191,0.0,1.0
2010-02-08,9.50625,9.71875,9.5,9.55625,6517624,0.0,1.0
2010-02-09,9.5,9.59375,9.25625,9.43125,9249301,0.0,1.0
2010-02-10,9.48125,9.55,9.325,9.51875,8178765,0.0,1.0
2010-02-11,9.5375,9.7875,9.51875,9.63125,13358392,0.0,1.0
2010-02-12,9.675,9.85,9.6375,9.80625,8859490,0.0,1.0
2010-02-22,9.75625,10.7875,9.75625,10.7875,34503981,0.0,1.0
2010-02-23,10.5625,10.6313,10.3188,10.5188,26495077,0.0,1.0
2010-02-24,10.4875,11.0188,10.4125,10.8188,24946080,0.0,1.0
2010-02-25,10.925,11,10.625,10.8188,14306927,0.0,1.0
2010-02-26,10.8188,11.3438,10.6938,11.1812,22608717,0.0,1.0
2010-03-01,11.1875,11.5625,11.0562,11.1938,15703466,0.0,1.0
2010-03-02,11.1562,11.3375,11.0625,11.2563,12791381,0.0,1.0
2010-03-03,11.3438,11.95,11.2625,11.7437,31747335,0.0,1.0
2010-03-04,11.75,11.9375,11.1187,11.1313,25989399,0.0,1.0
2010-03-05,11.2125,12.0625,11.1687,12.0063,36490495,0.0,1.0
2010-03-08,12.0125,12.2437,11.7563,12.1625,27051839,0.0,1.0
2010-03-09,12.1187,12.1562,11.7312,11.7375,23114263,0.0,1.0
2010-03-10,11.75,11.8562,10.8313,10.925,43424281,0.0,1.0
2010-03-11,10.9375,10.9875,10.5,10.6938,25742413,0.0,1.0
2010-03-12,10.75,11.0375,10.625,10.8,17597487,0.0,1.0
2010-03-15,10.7812,11.0938,10.7,10.975,15022402,0.0,1.0
2010-03-16,10.9438,11.1187,10.8062,11,9675247,0.0,1.0
2010-03-17,10.975,11.4688,10.9062,11.4563,21472440,0.0,1.0
2010-03-18,11.5625,11.8438,11.25,11.3438,18902338,0.0,1.0
2010-03-19,11.2437,11.2437,10.85,10.9563,38825951,0.0,1.0
2010-03-22,10.9688,11.1562,10.75,11.0813,24433325,0.0,1.0
2010-03-23,11.0437,11.0938,10.9,10.9688,13831784,0.0,1.0
2010-03-24,10.9625,10.9937,10.725,10.8313,19367602,0.0,1.0
2010-03-25,10.8375,10.9688,10.7375,10.9125,13917608,0.0,1.0
2010-03-26,10.9125,11.2375,10.8813,11.1625,16974255,0.0,1.0
2010-03-29,11.1687,11.45,11.0063,11.1562,18474952,0.0,1.0
2010-03-30,11.1562,11.2312,11.0063,11.1812,11270411,0.0,1.0
2010-03-31,11.1625,11.45,11.0938,11.3313,19942019,0.0,1.0
2010-04-01,11.3125,11.8125,11.2875,11.6187,33124956,0.0,1.0
2010-04-06,11.625,11.6812,11,11.1687,35334410,0.0,1.0
2010-04-07,10.9438,11.15,10.9375,11.0562,19883858,0.0,1.0
2010-04-08,11.0312,11.1875,10.9625,11.1062,13855224,0.0,1.0
2010-04-09,11.1313,11.55,11.0063,11.4625,31832450,0.0,1.0
2010-04-12,11.6125,11.7188,11.375,11.5437,31730557,0.0,1.0
2010-04-13,11.6187,11.7,10.9187,11.2188,28566221,0.0,1.0
2010-04-14,11.1313,11.4688,11.0813,11.3687,13783554,0.0,1.0
2010-04-15,11.3813,11.5813,11.1875,11.2625,18893181,0.0,1.0
2010-04-16,11.26,11.64,11.23,11.47,14739193,0.0,1.0
2010-04-19,11.2,11.38,10.69,10.71,16813156,0.0,1.0
2010-04-20,10.63,11.25,10.58,11.04,15097709,0.0,1.0
2010-04-21,11.11,11.27,10.9,11.25,17328150,0.0,1.0
2010-04-22,11.29,11.55,11.1,11.3,20434055,0.0,1.0
2010-04-23,11.2,11.37,11,11.14,15711243,0.0,1.0
2010-04-26,11,11.49,10.73,11.39,20432313,0.0,1.0
2010-04-27,11.32,11.37,10.77,11.05,12650757,0.0,1.0
2010-04-28,10.9,11.26,10.78,10.87,11228963,0.0,1.0
2010-04-29,10.89,11.01,10,10.02,16416493,0.0,1.0
2010-04-30,10.1,10.12,9.4,9.65,10809684,0.0,1.0
2010-05-04,9.48,9.7,9.28,9.32,7145336,0.0,1.0
2010-05-05,9.15,9.65,9.11,9.64,7192768,0.0,1.0
2010-05-06,9.7,9.75,9.18,9.21,12143984,0.0,1.0
2010-05-07,9,9.3,9,9.21,7596596,0.0,1.0
2010-05-10,9.18,9.36,8.91,9.16,4934333,0.0,1.0
2010-05-11,9.34,9.38,8.95,8.99,6595527,0.0,1.0
2010-05-12,8.86,9.09,8.31,8.45,7473614,0.0,1.0
2010-05-13,8.49,8.65,8.03,8.62,8574024,0.0,1.0
2010-05-14,8.62,9.09,8.28,8.99,20130300,0.0,1.0
2010-05-17,8.82,8.85,8.4,8.6,16619037,0.0,1.0
2010-05-18,8.45,8.8,8.26,8.62,7367846,0.0,1.0
2010-05-19,8.56,8.88,8.42,8.72,8329605,0.0,1.0
2010-05-20,8.58,8.84,8.35,8.37,7187543,0.0,1.0
2010-05-21,8.03,8.64,8.03,8.6,8899583,0.0,1.0
2010-05-24,8.63,9.08,8.63,9,13021789,0.0,1.0
2010-05-25,8.94,9.14,8.86,9.09,11407144,0.0,1.0
2010-05-26,9.1,9.18,8.89,9.03,7960017,0.0,1.0
2010-05-27,9.04,9.18,8.88,9.12,7693953,0.0,1.0
2010-05-28,9.22,9.48,9.15,9.35,12515688,0.0,1.0
2010-05-31,9.38,9.41,8.85,8.87,9076515,0.0,1.0
2010-06-01,8.8,8.9,8.35,8.63,10287411,0.0,1.0
2010-06-02,8.56,8.67,8.37,8.6,6283977,0.0,1.0
2010-06-03,8.75,8.9,8.65,8.68,10289391,0.0,1.0
2010-06-04,8.6,8.87,8.5,8.81,6510367,0.0,1.0
2010-06-07,8.61,8.75,8.45,8.68,7405330,0.0,1.0
2010-06-08,8.7,9.1,8.68,8.94,15714418,0.0,1.0
2010-06-09,9.01,9.36,8.97,9.3,15510192,0.0,1.0
2010-06-10,9.26,9.86,9.15,9.64,22442479,0.0,1.0
2010-06-11,9.72,9.8,9.5,9.58,11492315,0.0,1.0
2010-06-15,9.58,9.58,9.58,9.58,0,0.0,1.0
2010-06-17,9.6,9.8,9.53,9.57,9316338,0.0,1.0
2010-06-18,9.57,9.67,8.9,9.19,11523563,0.0,1.0
2010-06-21,9.12,9.36,8.96,9.31,7845733,0.0,1.0
2010-06-22,9.29,9.64,9.24,9.49,8944455,0.0,1.0
2010-06-23,9.41,9.68,9.33,9.56,7825424,0.0,1.0
2010-06-24,9.58,9.74,9.45,9.55,9602474,0.0,1.0
2010-06-25,9.74,9.78,9.54,9.62,12021568,0.0,1.0
2010-06-28,9.5,9.84,9.5,9.77,11629726,0.0,1.0
2010-06-29,9.87,10.12,9.3,9.39,32364833,0.0,1.0
2010-06-30,9.1,9.2,8.68,8.71,12258509,0.0,1.0
2010-07-01,8.99,9.58,8.9,9.33,38166952,0.0,1.0
2010-07-02,9,9.04,8.42,8.71,24985346,0.0,1.0
2010-07-05,8.58,8.59,8.23,8.34,9987028,0.0,1.0
2010-07-06,8.39,8.75,8.39,8.6,9966900,0.0,1.0
2010-07-07,8.6,8.78,8.51,8.75,8024484,0.0,1.0
2010-07-08,8.75,8.82,8.52,8.58,6357120,0.0,1.0
2010-07-09,8.58,8.97,8.54,8.85,10140349,0.0,1.0
2010-07-12,8.88,9.11,8.82,9.1,11526544,0.0,1.0
2010-07-13,9.16,9.16,8.8,8.91,9170004,0.0,1.0
2010-07-14,8.96,9.05,8.81,8.89,8181258,0.0,1.0
2010-07-15,8.89,8.89,8.89,8.89,0,0.0,1.0
2010-07-16,8.6,8.78,8.39,8.71,8359644,0.0,1.0
2010-07-19,8.51,8.87,8.48,8.81,7222901,0.0,1.0
2010-07-20,8.8,9.1,8.76,9.07,11730746,0.0,1.0
2010-07-21,9,9.25,9,9.07,12408754,0.0,1.0
2010-07-22,9.05,9.31,9,9.28,13220177,0.0,1.0
2010-07-23,9.28,9.35,9.08,9.32,13871264,0.0,1.0
2010-07-26,9.33,9.5,9.22,9.41,12333315,0.0,1.0
2010-07-27,9.41,9.41,9.19,9.26,9199157,0.0,1.0
2010-07-28,9.24,9.5,9.2,9.41,13628641,0.0,1.0
2010-07-29,9.42,9.52,9.25,9.45,14874700,0.0,1.0
2010-07-30,9.44,9.44,9.26,9.35,9294615,0.0,1.0
2010-08-02,9.31,9.64,9.3,9.62,17972591,0.0,1.0
2010-08-03,9.68,10.43,9.67,9.9,52864351,0.0,1.0
2010-08-04,9.8,10.41,9.76,10.38,31766734,0.0,1.0
2010-08-05,10.4,10.68,10.19,10.28,31190844,0.0,1.0
2010-08-06,10.21,10.98,10.21,10.89,37462471,0.0,1.0
2010-08-09,10.89,11.16,10.75,11.05,26805616,0.0,1.0
2010-08-10,11,11.1,10.36,10.38,25935915,0.0,1.0
2010-08-11,10.36,10.93,10.32,10.82,26499774,0.0,1.0
2010-08-12,10.7,11.1,10.5,10.97,31149108,0.0,1.0
2010-08-13,10.89,10.98,10.56,10.92,16066193,0.0,1.0
2010-08-16,10.93,11.48,10.78,11.26,26138202,0.0,1.0
2010-08-17,11.28,11.49,11.21,11.48,23727213,0.0,1.0
2010-08-18,11.53,12.08,11.3,11.88,47737384,0.0,1.0
2010-08-19,11.8,12.2,11.5,11.68,35146672,0.0,1.0
2010-08-20,11.59,11.63,10.9,10.96,40369238,0.0,1.0
2010-08-23,10.73,11.19,10.73,10.87,15763461,0.0,1.0
2010-08-24,10.92,11.16,10.77,10.97,13941625,0.0,1.0
2010-08-25,10.85,11.08,10.54,10.58,15691302,0.0,1.0
2010-08-26,10.6,10.75,10.35,10.72,14916446,0.0,1.0
2010-08-27,10.7,10.87,10.59,10.85,9131835,0.0,1.0
2010-08-30,10.9,11.15,10.9,11.09,16840079,0.0,1.0
2010-08-31,11.1,11.26,11,11.13,19156682,0.0,1.0
2010-09-01,11.19,11.54,10.8,11.06,24757388,0.0,1.0
2010-09-02,11.17,11.36,11,11.24,17518068,0.0,1.0
2010-09-03,11.25,11.3,10.8,11.1,18150208,0.0,1.0
2010-09-06,11.13,11.2,10.75,10.84,19215732,0.0,1.0
2010-09-07,10.93,10.93,10.53,10.81,17516890,0.0,1.0
2010-09-08,10.72,10.82,10.59,10.71,12694380,0.0,1.0
2010-09-09,10.76,11.09,10.72,10.84,22027874,0.0,1.0
2010-09-10,10.84,10.9,10.5,10.7,11560629,0.0,1.0
2010-09-13,10.69,10.95,10.58,10.91,11968226,0.0,1.0
2010-09-14,10.95,11.24,10.8,11.21,24440135,0.0,1.0
2010-09-15,11.24,11.28,10.95,11.02,19834548,0.0,1.0
2010-09-16,10.99,11.1,10.5,10.61,14587612,0.0,1.0
2010-09-17,10.63,10.73,10.5,10.7,8245690,0.0,1.0
2010-09-20,10.7,10.76,10.32,10.33,7666485,0.0,1.0
2010-09-21,10.41,10.51,10.32,10.47,5870674,0.0,1.0
2010-09-27,10.5,10.6,10.35,10.58,6384003,0.0,1.0
2010-09-28,10.57,10.62,10.3,10.34,9478799,0.0,1.0
2010-09-29,10.36,10.45,10.1,10.12,7579607,0.0,1.0
2010-09-30,10.08,10.24,10.02,10.21,5886698,0.0,1.0
2010-10-08,10.29,10.84,10.29,10.77,13379889,0.0,1.0
2010-10-11,10.72,11.18,10.72,10.98,19363383,0.0,1.0
2010-10-12,10.85,11.25,10.83,11.17,17201091,0.0,1.0
2010-10-13,11.23,11.3,10.85,11.03,16089614,0.0,1.0
2010-10-14,10.87,10.89,10.58,10.62,16037369,0.0,1.0
2010-10-15,10.51,10.95,10.49,10.7,17229705,0.0,1.0
2010-10-18,10.65,11.35,10.63,11.15,25566453,0.0,1.0
2010-10-19,11.16,12,11.15,11.62,37485016,0.0,1.0
2010-10-20,11.37,12,11.2,11.8,36796422,0.0,1.0
2010-10-21,11.82,12,11.48,11.89,22876670,0.0,1.0
2010-10-22,11.82,12.47,11.61,12.22,31975364,0.0,1.0
2010-10-25,12.3,12.76,12.14,12.68,42383958,0.0,1.0
2010-10-26,12.58,12.96,12.35,12.85,28715302,0.0,1.0
2010-10-27,12.85,13.01,12.41,12.74,27517301,0.0,1.0
2010-10-28,12.6,12.92,12.3,12.62,23293183,0.0,1.0
2010-10-29,12.6,12.92,12.3,12.48,20913651,0.0,1.0
2010-11-01,12.52,13.73,12.49,13.73,55870119,0.0,1.0
2010-11-02,13.75,13.96,13.3,13.42,42400410,0.0,1.0
2010-11-03,13.32,14.41,13.3,13.39,30951929,0.0,1.0
2010-11-04,13.4,13.92,13.35,13.77,21392938,0.0,1.0
2010-11-05,13.87,14.25,13.63,13.95,19305919,0.0,1.0
2010-11-08,13.95,14.68,13.81,14.5,23073549,0.0,1.0
2010-11-09,14.5,14.64,14.2,14.35,19562308,0.0,1.0
2010-11-10,14.35,14.5,13.7,14.01,22006107,0.0,1.0
2010-11-11,13.88,14.11,13.75,13.78,15123569,0.0,1.0
2010-11-12,13.75,13.75,12.46,12.86,25625743,0.0,1.0
2010-11-15,12.7,13.31,12.6,13.29,19035244,0.0,1.0
2010-11-16,13.33,13.62,12.58,12.75,16629200,0.0,1.0
2010-11-17,12.65,12.7,11.68,11.81,13427823,0.0,1.0
2010-11-18,11.92,12.45,11.62,12.41,11810734,0.0,1.0
2010-11-19,12.15,13.16,12,13.14,24140495,0.0,1.0
2010-11-22,13,13.77,12.91,13.57,21323316,0.0,1.0
2010-11-23,13.5,13.52,12.88,13.27,10806717,0.0,1.0
2010-11-24,13.3,13.55,12.94,13.38,15914387,0.0,1.0
2010-11-25,13.6,14.38,13.52,13.88,27571126,0.0,1.0
2010-11-26,13.88,13.88,13.3,13.7,12651873,0.0,1.0
2010-11-29,13.88,13.88,13.3,13.7,12651873,0.0,1.0
2010-11-30,13.62,13.72,12.41,13.16,17078046,0.0,1.0
2010-12-01,12.93,13.36,12.65,13.12,9679155,0.0,1.0
2010-12-02,13.3,13.33,12.88,12.91,8212147,0.0,1.0
2010-12-03,12.77,13.04,12.49,12.97,8134399,0.0,1.0
2010-12-06,12.95,13.07,12.54,12.6,7886033,0.0,1.0
2010-12-07,12.6,13.25,12.51,13.18,9898046,0.0,1.0
2010-12-08,13.15,13.34,13.01,13.1,6246113,0.0,1.0
2010-12-09,13,13.07,12.6,12.65,6494725,0.0,1.0
2010-12-10,12.65,13.26,12.65,13.23,6930464,0.0,1.0
2010-12-13,13.26,13.68,13.25,13.58,12728064,0.0,1.0
2010-12-14,13.7,14.1,13.65,13.73,14673040,0.0,1.0
2010-12-15,13.75,13.94,13.51,13.9,9580871,0.0,1.0
2010-12-16,13.88,14.18,13.68,13.72,9101625,0.0,1.0
2010-12-17,13.74,13.87,13.37,13.51,7429966,0.0,1.0
2010-12-20,13.44,13.85,12.63,13.29,10148514,0.0,1.0
2010-12-21,13.34,13.75,13.06,13.69,7229977,0.0,1.0
2010-12-22,13.69,13.75,13.2,13.32,6275444,0.0,1.0
2010-12-23,13.31,13.31,12.8,12.88,6988352,0.0,1.0
2010-12-24,12.7,13.08,12.7,12.97,4117085,0.0,1.0
2010-12-27,12.9,13.21,12.68,12.71,6299035,0.0,1.0
2010-12-28,12.7,12.7,11.96,11.99,6562339,0.0,1.0
2010-12-29,11.95,12.45,11.95,12.38,4031978,0.0,1.0
2010-12-30,12.35,12.58,12.18,12.45,4249419,0.0,1.0
2010-12-31,12.46,12.63,12.45,12.59,2715967,0.0,1.0
2011-01-04,12.8,13,12.63,12.85,4465992,0.0,1.0
2011-01-05,12.83,13.24,12.75,13.05,8409232,0.0,1.0
2011-01-06,13.17,13.41,13.02,13.19,6801498,0.0,1.0
2011-01-07,13.19,13.3,12.96,13.17,6115026,0.0,1.0
2011-01-10,13.1,13.28,12.58,12.82,8170476,0.0,1.0
2011-01-11,12.72,12.92,12.64,12.69,4702653,0.0,1.0
2011-01-12,12.72,12.87,12.3,12.5,6834290,0.0,1.0
2011-01-13,12.61,12.76,12.41,12.45,2900478,0.0,1.0
2011-01-14,12.38,12.58,12.3,12.45,2709593,0.0,1.0
2011-01-17,12.4,12.4,11.5,11.64,6037273,0.0,1.0
2011-01-18,11.61,11.78,11.47,11.68,2740459,0.0,1.0
2011-01-19,11.7,12,11.63,11.86,3620382,0.0,1.0
2011-01-20,11.96,11.96,11.04,11.07,5293568,0.0,1.0
2011-01-21,11.07,11.29,10.82,10.88,4205267,0.0,1.0
2011-01-24,10.93,11.25,10.88,11,4245679,0.0,1.0
2011-01-25,11,11,10.19,10.65,3359136,0.0,1.0
2011-01-26,10.69,10.89,10.59,10.75,2771248,0.0,1.0
2011-01-27,10.77,10.97,10.3,10.87,6871334,0.0,1.0
2011-01-28,10.84,10.98,10.75,10.87,4164769,0.0,1.0
2011-01-31,10.86,11.05,10.72,10.99,3241719,0.0,1.0
2011-02-01,11.11,11.46,11.1,11.27,4450239,0.0,1.0
2011-02-09,11.18,11.69,11.04,11.36,4987745,0.0,1.0
2011-02-10,11.4,11.6,11.26,11.48,5992752,0.0,1.0
2011-02-11,11.5,11.52,11.24,11.3,7366095,0.0,1.0
2011-02-14,11.37,11.65,11.28,11.6,8901692,0.0,1.0
2011-02-15,11.53,11.87,11.43,11.55,10291937,0.0,1.0
2011-02-16,11.56,11.72,11.45,11.71,8211856,0.0,1.0
2011-02-17,11.8,11.98,11.62,11.71,7371500,0.0,1.0
2011-02-18,11.75,11.75,11.45,11.54,6423978,0.0,1.0
2011-02-21,11.43,12,11.43,11.99,10358867,0.0,1.0
2011-02-22,12.1,13.19,12.1,12.95,47030068,0.0,1.0
2011-02-23,12.66,13.15,12.5,12.99,25084930,0.0,1.0
2011-02-24,13,13.9,12.74,13.78,28326983,0.0,1.0
2011-02-25,13.55,13.86,13.09,13.82,19675150,0.0,1.0
2011-02-28,13.55,13.65,12.98,13.19,31762271,0.0,1.0
2011-03-01,13.2,13.29,12.84,13.11,24706540,0.0,1.0
2011-03-02,12.98,13.22,12.85,13.19,15040731,0.0,1.0
2011-03-03,13.15,13.32,12.8,12.81,14266576,0.0,1.0
2011-03-04,12.84,13.08,12.61,13,7421943,0.0,1.0
2011-03-07,12.98,13.27,12.85,13.26,12584173,0.0,1.0
2011-03-08,13.18,13.61,13.18,13.31,15126031,0.0,1.0
2011-03-09,13.29,13.59,13.22,13.41,13947687,0.0,1.0
2011-03-10,13.35,13.53,13.09,13.1,9148471,0.0,1.0
2011-03-11,13,13.21,12.87,13.03,8405158,0.0,1.0
2011-03-14,12.87,14.1,12.86,13.99,30075209,0.0,1.0
2011-03-16,13.66,14,13.31,13.86,17678818,0.0,1.0
2011-03-17,13.7,13.7,13.11,13.21,13995164,0.0,1.0
2011-03-18,13.37,13.83,13.3,13.47,12569062,0.0,1.0
2011-03-21,13.79,13.79,13.13,13.33,10437938,0.0,1.0
2011-03-22,13.45,13.45,12.73,12.93,11672916,0.0,1.0
2011-03-23,12.84,13.1,12.83,13.09,7280792,0.0,1.0
2011-03-24,13.1,13.15,12.9,12.95,6934781,0.0,1.0
2011-03-25,13.02,13.16,12.92,13.09,7724573,0.0,1.0
2011-03-28,13.38,13.46,13.05,13.13,11018272,0.0,1.0
2011-03-29,13.15,13.21,12.6,12.69,10545972,0.0,1.0
2011-03-30,12.67,12.73,12.16,12.3,9601386,0.0,1.0
2011-03-31,12.3,12.54,12.05,12.23,5627140,0.0,1.0
2011-04-01,12.27,12.72,12.27,12.67,5769727,0.0,1.0
2011-04-06,12.65,12.89,12.56,12.79,5102288,0.0,1.0
2011-04-07,12.71,12.89,12.45,12.57,8513229,0.0,1.0
2011-04-08,12.5,12.77,12.18,12.71,11570363,0.0,1.0
2011-04-11,12.65,12.65,12.38,12.44,6058709,0.0,1.0
2011-04-12,12.23,12.68,12.23,12.63,6765179,0.0,1.0
2011-04-13,12.81,12.85,12.6,12.79,6284245,0.0,1.0
2011-04-14,12.9,13.2,12.8,12.82,9507101,0.0,1.0
2011-04-15,12.89,12.93,12.65,12.85,4360477,0.0,1.0
2011-04-18,12.83,13.08,12.67,13.05,6722414,0.0,1.0
2011-04-19,12.92,12.97,12.55,12.6,6528198,0.0,1.0
2011-04-20,12.75,12.75,12.45,12.59,4035674,0.0,1.0
2011-04-21,12.53,12.75,12.47,12.7,4161473,0.0,1.0
2011-04-22,12.76,12.76,12.33,12.39,5179617,0.0,1.0
2011-04-25,12.49,12.57,12.08,12.5,7618945,0.0,1.0
2011-04-26,12.38,12.39,12.11,12.14,3599087,0.0,1.0
2011-04-27,12.25,12.32,12.03,12.05,3734056,0.0,1.0
2011-04-28,12.53,12.53,11.49,11.55,4893658,0.0,1.0
2011-04-29,11.6,11.75,11.36,11.72,4567532,0.0,1.0
2011-05-03,11.71,12.08,10.55,12.06,4652785,0.0,1.0
2011-05-04,12,12,11.44,11.5,4364650,0.0,1.0
2011-05-05,11.46,11.68,11.39,11.4,2758975,0.0,1.0
2011-05-06,11.42,11.42,11,11.21,3686994,0.0,1.0
2011-05-09,11.22,11.35,11.05,11.15,4057043,0.0,1.0
2011-05-10,11.2,11.2,10.8,11.04,4956547,0.0,1.0
2011-05-11,11.02,11.32,11.01,11.16,3488222,0.0,1.0
2011-05-12,11.1,11.15,10.91,10.93,2844692,0.0,1.0
2011-05-13,11.01,11.29,10.93,11.27,4956242,0.0,1.0
2011-05-16,11.23,11.5,11.15,11.33,4924254,0.0,1.0
2011-05-17,11.33,11.36,10.95,11.18,3478539,0.0,1.0
2011-05-19,11.29,11.33,11.2,11.24,3316847,0.0,1.0
2011-05-20,11.2,11.33,10.97,11,2670645,0.0,1.0
2011-05-23,11.06,11.06,9.9,10.26,4387148,0.0,1.0
2011-05-24,10.18,10.25,10,10.15,3165088,0.0,1.0
2011-05-25,10.16,10.28,9.91,9.97,3614111,0.0,1.0
2011-05-26,10.07,10.11,9.62,9.71,3891192,0.0,1.0
2011-05-27,9.79,9.81,8.96,9.11,9503516,0.0,1.0
2011-05-30,9.07,9.11,8.49,8.53,8020043,0.04521,1.0
2011-05-31,8.63,8.86,8.55,8.83,6524505,0.0,1.0
2011-06-01,8.86,8.94,8.76,8.9,4351897,0.0,1.0
2011-06-02,8.7,8.88,8.55,8.83,5449161,0.0,1.0
2011-06-03,8.82,9.04,8.71,8.98,4803235,0.0,1.0
2011-06-07,8.95,9.07,8.9,9,2728740,0.0,1.0
2011-06-08,9,9.08,8.87,9.03,3234683,0.0,1.0
2011-06-09,9.05,9.05,8.74,8.79,3722689,0.0,1.0
2011-06-10,8.76,8.83,8.49,8.72,3048219,0.0,1.0
2011-06-13,8.7,8.72,8.56,8.7,2486223,0.0,1.0
2011-06-14,8.7,9.03,8.61,8.94,4737369,0.0,1.0
2011-06-15,8.94,9.01,8.81,8.85,2965981,0.0,1.0
2011-06-16,8.8,8.8,8.54,8.64,2868708,0.0,1.0
2011-06-17,8.64,8.68,8.4,8.44,3212300,0.0,1.0
2011-06-20,8.5,8.5,8.22,8.48,3282376,0.0,1.0
2011-06-21,8.55,8.56,8.4,8.48,3342490,0.0,1.0
2011-06-22,8.62,8.67,8.48,8.49,3105322,0.0,1.0
2011-06-23,8.43,8.75,8.4,8.7,4515473,0.0,1.0
2011-06-24,8.62,8.95,8.62,8.88,7604329,0.0,1.0
2011-06-27,8.87,9.12,8.82,9.02,6185200,0.0,1.0
2011-06-28,9,9.14,8.87,9,4492038,0.0,1.0
2011-06-29,9.02,9.09,8.81,8.81,4264592,0.0,1.0
2011-06-30,8.83,8.99,8.8,8.94,4423258,0.0,1.0
2011-07-01,8.99,9.02,8.89,8.94,3627843,0.0,1.0
2011-07-04,8.98,9.27,8.94,9.24,6864449,0.0,1.0
2011-07-05,9.29,9.75,9.17,9.69,14641753,0.0,1.0
2011-07-06,9.57,9.6,9.41,9.51,7715297,0.0,1.0
2011-07-07,9.48,9.64,9.4,9.41,6278454,0.0,1.0
2011-07-08,9.42,9.49,9.28,9.36,4539029,0.0,1.0
2011-07-11,9.29,9.33,9.02,9.14,14065916,0.0,1.0
2011-07-12,9.05,9.08,8.98,8.99,10476282,0.0,1.0
2011-07-13,8.99,9.16,8.99,9.16,7329548,0.0,1.0
2011-07-14,9.18,9.3,9.13,9.28,7089217,0.0,1.0
2011-07-15,9.28,9.28,9.13,9.21,9425331,0.0,1.0
2011-07-18,9.3,9.47,9.22,9.4,10273487,0.0,1.0
2011-07-19,9.34,9.36,9.03,9.14,10382603,0.0,1.0
2011-07-20,9.18,9.24,9.04,9.18,5693722,0.0,1.0
2011-07-21,9.17,9.17,8.96,8.99,12558944,0.0,1.0
2011-07-22,9.02,9.07,8.9,8.98,9023685,0.0,1.0
2011-07-25,8.92,8.96,8.35,8.41,9637926,0.0,1.0
2011-07-26,8.42,8.69,8.28,8.43,6728579,0.0,1.0
2011-07-27,8.42,8.61,8.4,8.53,7322784,0.0,1.0
2011-07-28,8.45,8.47,8.22,8.34,7587424,0.0,1.0
2011-07-29,8.39,8.4,8.15,8.25,5349075,0.0,1.0
2011-08-01,8.31,8.4,8.28,8.34,3311475,0.0,1.0
2011-08-02,8.34,8.34,8.1,8.23,4619243,0.0,1.0
2011-08-03,8.14,8.26,8.1,8.15,3666059,0.0,1.0
2011-08-04,8.15,8.29,8.12,8.21,5022235,0.0,1.0
2011-08-05,7.9,7.96,7.8,7.92,5645908,0.0,1.0
2011-08-08,7.8,7.8,7.13,7.21,8523181,0.0,1.0
2011-08-09,6.92,7.25,6.8,7.1,8972924,0.0,1.0
2011-08-10,7.24,7.34,7.14,7.19,6208673,0.0,1.0
2011-08-11,6.99,7.33,6.92,7.3,6278150,0.0,1.0
2011-08-12,7.35,7.55,7.34,7.52,7626160,0.0,1.0
2011-08-15,7.48,7.82,7.47,7.8,8974225,0.0,1.0
2011-08-16,7.79,7.79,7.6,7.62,7972742,0.0,1.0
2011-08-17,7.65,7.69,7.47,7.54,7432707,0.0,1.0
2011-08-18,7.55,7.8,7.5,7.78,9437650,0.0,1.0
2011-08-19,7.65,8.08,7.53,7.95,12716122,0.0,1.0
2011-08-22,8,8.46,7.81,8.14,29655590,0.0,1.0
2011-08-23,8.18,8.35,7.83,8.18,26830366,0.0,1.0
2011-08-24,8.19,8.3,7.92,8,22372782,0.0,1.0
2011-08-25,8.02,8.16,7.86,8.11,12886800,0.0,1.0
2011-08-26,8.04,8.07,7.93,8.02,9314951,0.0,1.0
2011-08-29,8.01,8.01,7.8,7.82,6589947,0.0,1.0
2011-08-30,7.87,8.02,7.76,7.77,6119543,0.0,1.0
2011-08-31,7.78,7.83,7.56,7.69,5260495,0.0,1.0
2011-09-01,7.66,7.84,7.63,7.69,4222272,0.0,1.0
2011-09-02,7.7,7.75,7.44,7.46,6651781,0.0,1.0
2011-09-05,7.37,7.38,7.2,7.21,4607098,0.0,1.0
2011-09-06,7.18,7.23,7.09,7.15,3832419,0.0,1.0
2011-09-07,7.2,7.41,7.16,7.38,5889153,0.0,1.0
2011-09-08,7.4,7.46,7.29,7.3,5143907,0.0,1.0
2011-09-09,7.29,7.4,7.15,7.21,3586303,0.0,1.0
2011-09-13,7.1,7.1,6.98,7.02,5672751,0.0,1.0
2011-09-14,7.03,7.12,6.93,7.11,7111819,0.0,1.0
2011-09-15,7.12,7.24,7.07,7.15,5823424,0.0,1.0
2011-09-16,7.21,7.29,7.09,7.1,5166901,0.0,1.0
2011-09-19,7.08,7.08,6.95,6.95,4129131,0.0,1.0
2011-09-20,6.96,7.04,6.85,6.98,7094182,0.0,1.0
2011-09-21,6.99,7.29,6.93,7.25,10085728,0.0,1.0
2011-09-22,7.18,7.22,6.97,7.06,9907594,0.0,1.0
2011-09-23,6.89,7.08,6.84,7.06,7047517,0.0,1.0
2011-09-26,6.94,7.1,6.93,6.94,4750397,0.0,1.0
2011-09-27,7,7.09,6.93,7.05,4570340,0.0,1.0
2011-09-28,7.09,7.15,6.92,6.93,4755263,0.0,1.0
2011-09-29,6.94,6.95,6.72,6.75,4706739,0.0,1.0
2011-09-30,6.76,6.82,6.67,6.74,3053772,0.0,1.0
2011-10-10,6.75,6.88,6.75,6.8,3449207,0.0,1.0
2011-10-11,6.97,7.02,6.82,6.91,6203749,0.0,1.0
2011-10-12,6.89,7.24,6.82,7.21,9120287,0.0,1.0
2011-10-13,7.17,7.28,7.1,7.19,8358565,0.0,1.0
2011-10-17,7.21,7.27,7.11,7.14,5766044,0.0,1.0
2011-10-18,7.1,7.27,6.91,6.98,9321912,0.0,1.0
2011-10-19,7.01,7.1,6.91,6.99,4787618,0.0,1.0
2011-10-20,6.93,7.03,6.63,6.71,6924015,0.0,1.0
2011-10-21,6.72,6.74,6.56,6.59,3479811,0.0,1.0
2011-10-24,6.66,6.75,6.5,6.71,6050896,0.0,1.0
2011-10-25,6.74,7.03,6.65,6.97,8366878,0.0,1.0
2011-10-26,6.91,7.25,6.88,7.1,11911667,0.0,1.0
2011-10-27,7.11,7.19,7.06,7.15,7478712,0.0,1.0
2011-10-28,7.22,7.27,7.12,7.23,10560651,0.0,1.0
2011-10-31,7.19,7.32,7.14,7.22,8074459,0.0,1.0
2011-11-01,7.15,7.42,7.12,7.32,14764473,0.0,1.0
2011-11-02,7.18,7.74,7.16,7.7,24492174,0.0,1.0
2011-11-03,7.75,7.95,7.56,7.64,25762121,0.0,1.0
2011-11-04,7.72,7.75,7.59,7.66,10018151,0.0,1.0
2011-11-07,7.65,7.77,7.59,7.66,7809239,0.0,1.0
2011-11-08,7.65,7.67,7.4,7.49,8684629,0.0,1.0
2011-11-09,7.56,7.7,7.34,7.69,10656313,0.0,1.0
2011-11-10,7.57,7.63,7.46,7.48,9430238,0.0,1.0
2011-11-11,7.48,7.6,7.4,7.45,5284882,0.0,1.0
2011-11-14,7.56,7.66,7.49,7.62,8624591,0.0,1.0
2011-11-15,7.72,8.38,7.65,8.38,37045074,0.0,1.0
2011-11-16,8.7,9.22,8.64,9.22,53066796,0.0,1.0
2011-11-17,9.86,9.86,9.19,9.47,110429616,0.0,1.0
2011-11-18,9.39,9.68,9.26,9.36,80138616,0.0,1.0
2011-11-21,9.33,9.49,8.75,9,57172760,0.0,1.0
2011-11-22,8.96,9.18,8.81,9.1,49977884,0.0,1.0
2011-11-23,9.09,9.16,8.84,8.9,30866517,0.0,1.0
2011-11-24,8.76,9.05,8.76,8.92,29153843,0.0,1.0
2011-11-25,8.85,8.86,8.35,8.36,44057208,0.0,1.0
2011-11-28,8.4,8.46,8.22,8.34,29435566,0.0,1.0
2011-11-29,8.42,8.67,8.27,8.61,45677361,0.0,1.0
2011-11-30,8.5,8.5,7.75,7.99,47553182,0.0,1.0
2011-12-01,8.2,8.68,8.04,8.27,52388157,0.0,1.0
2011-12-02,8.08,8.15,7.8,7.81,25633779,0.0,1.0
2011-12-05,7.8,7.8,7.27,7.39,16571553,0.0,1.0
2011-12-06,7.29,7.55,7.26,7.46,14843267,0.0,1.0
2011-12-07,7.47,7.56,7.3,7.54,14127002,0.0,1.0
2011-12-08,7.47,7.92,7.21,7.66,32113415,0.0,1.0
2011-12-09,7.49,7.67,7.4,7.41,14941393,0.0,1.0
2011-12-12,7.43,7.82,7.42,7.65,26796934,0.0,1.0
2011-12-13,7.52,7.68,7.35,7.42,20638914,0.0,1.0
2011-12-14,7.31,7.36,7,7.17,18165573,0.0,1.0
2011-12-15,7.1,7.47,7.05,7.16,21591390,0.0,1.0
2011-12-16,7.18,7.76,7.07,7.73,29249104,0.0,1.0
2011-12-19,7.66,7.88,7.5,7.84,28842875,0.0,1.0
2011-12-20,7.74,7.84,7.37,7.39,25492018,0.0,1.0
2011-12-21,7.49,7.69,7.23,7.3,21418033,0.0,1.0
2011-12-22,7.15,7.26,6.72,7.03,21095701,0.0,1.0
2011-12-23,6.96,7.3,6.89,7.18,17480500,0.0,1.0
2011-12-26,7.22,7.37,7,7.02,15818769,0.0,1.0
2011-12-27,6.98,7,6.61,6.68,15788814,0.0,1.0
2011-12-28,6.58,6.85,6.53,6.83,11458835,0.0,1.0
2011-12-29,6.83,6.86,6.72,6.75,8419655,0.0,1.0
2011-12-30,6.8,6.92,6.78,6.82,8113561,0.0,1.0
2012-01-04,6.91,6.91,6.33,6.35,10788668,0.0,1.0
2012-01-05,6.38,6.44,5.88,5.96,16104642,0.0,1.0
2012-01-06,5.92,6.06,5.77,6.04,8360478,0.0,1.0
2012-01-09,5.98,6.33,5.98,6.32,10661703,0.0,1.0
2012-01-10,6.3,6.64,6.24,6.62,15676204,0.0,1.0
2012-01-11,6.57,7.07,6.52,6.7,22443346,0.0,1.0
2012-01-12,6.61,6.75,6.53,6.61,14174411,0.0,1.0
2012-01-13,6.62,6.67,6.21,6.24,14415741,0.0,1.0
2012-01-16,6.13,6.24,5.96,5.97,7840296,0.0,1.0
2012-01-17,6,6.5,6,6.45,10907148,0.0,1.0
2012-01-18,6.41,6.56,6.19,6.3,11449787,0.0,1.0
2012-01-19,6.3,6.48,6.28,6.38,9664178,0.0,1.0
2012-01-20,6.42,6.51,6.41,6.49,7645325,0.0,1.0
2012-01-30,6.5,6.54,6.3,6.4,7907869,0.0,1.0
2012-01-31,6.37,6.54,6.34,6.5,7252838,0.0,1.0
2012-02-01,6.48,6.6,6.36,6.39,8412810,0.0,1.0
2012-02-02,6.42,6.58,6.35,6.57,8691929,0.0,1.0
2012-02-03,6.54,6.79,6.51,6.72,16812523,0.0,1.0
2012-02-06,6.76,6.86,6.67,6.77,15701640,0.0,1.0
2012-02-07,6.77,6.78,6.52,6.6,11531582,0.0,1.0
2012-02-08,6.6,6.87,6.54,6.85,20420701,0.0,1.0
2012-02-09,6.8,7.18,6.74,6.95,26704111,0.0,1.0
2012-02-10,6.9,6.97,6.77,6.88,15708873,0.0,1.0
2012-02-13,6.8,7.27,6.71,7.11,26860485,0.0,1.0
2012-02-14,7.05,7.1,6.93,7.03,14700410,0.0,1.0
2012-02-15,7,7.32,6.98,7.29,28528793,0.0,1.0
2012-02-16,7.37,7.46,7.14,7.24,26032013,0.0,1.0
2012-02-17,7.29,7.32,7.06,7.16,17334448,0.0,1.0
2012-02-20,7.28,7.58,7.2,7.28,27758123,0.0,1.0
2012-02-21,7.28,7.45,7.15,7.41,23546565,0.0,1.0
2012-02-22,7.37,7.71,7.33,7.67,32559761,0.0,1.0
2012-02-23,7.6,7.66,7.44,7.57,24705756,0.0,1.0
2012-02-24,7.54,7.62,7.51,7.59,16784301,0.0,1.0
2012-02-27,7.68,7.77,7.48,7.49,27875660,0.0,1.0
2012-02-28,7.44,7.5,7.34,7.47,18713156,0.0,1.0
2012-02-29,7.45,7.58,7.36,7.38,13844024,0.0,1.0
2012-03-01,7.33,7.8,7.32,7.54,30354557,0.0,1.0
2012-03-02,7.56,7.67,7.51,7.63,16864859,0.0,1.0
2012-03-05,7.7,7.85,7.57,7.6,19687599,0.0,1.0
2012-03-06,7.6,7.82,7.44,7.8,27856363,0.0,1.0
2012-03-07,7.68,7.83,7.62,7.63,21665844,0.0,1.0
2012-03-08,7.68,7.78,7.63,7.67,15170264,0.0,1.0
2012-03-09,7.71,8,7.68,7.85,26009975,0.0,1.0
2012-03-12,7.82,7.94,7.78,7.91,19294134,0.0,1.0
2012-03-13,7.9,7.96,7.81,7.94,17354522,0.0,1.0
2012-03-14,7.97,8.05,7.33,7.43,31942658,0.0,1.0
2012-03-15,7.39,7.46,7.09,7.26,16529791,0.0,1.0
2012-03-16,7.28,7.45,7.19,7.44,12728351,0.0,1.0
2012-03-19,7.42,7.62,7.35,7.56,13947132,0.0,1.0
2012-03-20,7.49,7.54,7.19,7.2,14464444,0.0,1.0
2012-03-21,7.25,7.35,7.1,7.3,10283587,0.0,1.0
2012-03-22,7.28,7.33,7.17,7.24,7125723,0.0,1.0
2012-03-23,7.2,7.2,6.98,7.02,12348805,0.0,1.0
2012-03-26,7,7.09,6.98,7.06,5518071,0.0,1.0
2012-03-27,7.11,7.21,7.09,7.12,7479541,0.0,1.0
2012-03-28,7.12,7.12,6.68,6.73,11250394,0.0,1.0
2012-03-29,6.66,6.78,6.45,6.53,7973906,0.0,1.0
2012-03-30,6.52,6.6,6.46,6.54,6566637,0.0,1.0
2012-04-05,6.56,6.77,6.52,6.76,7622834,0.0,1.0
2012-04-06,6.75,6.89,6.7,6.8,6864953,0.0,1.0
2012-04-09,6.75,6.82,6.63,6.65,5609898,0.0,1.0
2012-04-10,6.63,6.78,6.45,6.77,6983767,0.0,1.0
2012-04-11,6.66,6.85,6.63,6.85,7433884,0.0,1.0
2012-04-12,6.89,7.22,6.8,7.2,21560306,0.0,1.0
2012-04-13,7.18,7.33,7.11,7.31,15024644,0.0,1.0
2012-04-16,7.25,7.59,7.19,7.5,31476468,0.0,1.0
2012-04-17,7.37,7.64,7.26,7.37,26487378,0.0,1.0
2012-04-18,7.35,7.88,7.31,7.83,32724885,0.0,1.0
2012-04-19,7.75,8.5,7.65,8.17,56849610,0.0,1.0
2012-04-20,8,8.16,7.83,7.9,49807513,0.0,1.0
2012-04-23,7.72,7.76,7.37,7.46,31105298,0.0,1.0
2012-04-24,7.35,7.58,7.2,7.52,19219837,0.0,1.0
2012-04-25,7.45,7.59,7.33,7.51,17009157,0.0,1.0
2012-04-26,7.51,7.51,7.3,7.34,13300590,0.0,1.0
2012-04-27,7.33,7.47,7.29,7.37,8500076,0.0,1.0
2012-05-02,7.51,7.52,7.38,7.39,10206459,0.0,1.0
2012-05-03,7.35,7.58,7.3,7.56,12772641,0.0,1.0
2012-05-04,7.57,7.72,7.45,7.67,16702481,0.0,1.0
2012-05-07,7.74,7.84,7.6,7.78,19395117,0.0,1.0
2012-05-08,7.71,7.74,7.53,7.6,11676523,0.0,1.0
2012-05-09,7.53,7.53,7.28,7.29,11762895,0.0,1.0
2012-05-10,7.37,7.39,7.2,7.3,11925936,0.0,1.0
2012-05-11,7.3,7.3,7.3,7.3,0,0.0,1.0
2012-05-14,7.35,7.36,7.16,7.17,10735714,0.0,1.0
2012-05-15,7.1,7.1,6.96,7.09,8248031,0.0,1.0
2012-05-16,7.09,7.17,7.02,7.05,7252578,0.0,1.0
2012-05-17,7.04,7.22,7.01,7.2,7630547,0.0,1.0
2012-05-18,7.15,7.2,7.07,7.09,5479728,0.0,1.0
2012-05-21,7.09,7.31,7.03,7.25,13923616,0.0,1.0
2012-05-22,7.25,7.32,7.21,7.27,15852801,0.0,1.0
2012-05-23,7.25,7.25,7.03,7.07,9563932,0.0,1.0
2012-05-24,7.05,7.27,7.01,7.16,10358632,0.0,1.0
2012-05-25,7.16,7.2,7.04,7.14,7277356,0.0,1.0
2012-05-28,7.05,7.69,7.03,7.26,13582216,0.0,1.0
2012-05-29,7.25,7.32,7.19,7.28,12026997,0.0,1.0
2012-05-30,7.29,7.32,7.2,7.28,7456817,0.0,1.0
2012-05-31,7.22,7.41,7.18,7.3,12407202,0.0,1.0
2012-06-01,7.3,7.38,7.21,7.23,7507191,0.0,1.0
2012-06-04,7.09,7.11,6.68,6.69,13775539,0.0,1.0
2012-06-05,6.7,6.77,6.63,6.7,6027346,0.0,1.0
2012-06-06,6.71,6.77,6.63,6.68,5069242,0.0,1.0
2012-06-07,6.79,6.82,6.63,6.65,3844787,0.0,1.0
2012-06-08,6.71,6.73,6.61,6.62,3726096,0.0,1.0
2012-06-11,6.59,6.73,6.58,6.71,4444914,0.0,1.0
2012-06-12,6.68,6.69,6.58,6.58,4834558,0.0,1.0
2012-06-13,6.64,6.68,6.53,6.67,4430891,0.0,1.0
2012-06-14,6.66,6.75,6.62,6.67,5019989,0.0,1.0
2012-06-15,6.7,6.74,6.57,6.67,4099147,0.0,1.0
2012-06-18,6.74,6.76,6.68,6.71,3630548,0.0,1.0
2012-06-19,6.71,6.73,6.64,6.67,3570488,0.0,1.0
2012-06-20,6.71,6.79,6.66,6.74,5546023,0.0,1.0
2012-06-21,6.71,6.78,6.53,6.55,4457034,0.0,1.0
2012-06-25,6.48,6.5,6.24,6.25,5235594,0.0,1.0
2012-06-26,6.21,6.29,6.16,6.24,3676479,0.0,1.0
2012-06-27,6.24,6.29,6.17,6.18,3068907,0.0,1.0
2012-06-28,6.2,6.23,6.01,6.02,3055459,0.0,1.0
2012-06-29,6.02,6.13,5.99,6.12,2948830,0.0,1.0
2012-07-02,6.16,6.22,6.11,6.14,2695250,0.0,1.0
2012-07-03,6.15,6.18,6.07,6.1,4345707,0.0,1.0
2012-07-04,6.12,6.15,6.03,6.05,4421911,0.0,1.0
2012-07-05,6.08,6.08,5.85,5.85,4423222,0.0,1.0
2012-07-06,5.94,6.06,5.78,6.02,4753667,0.0,1.0
2012-07-09,5.95,6.02,5.78,5.84,3971993,0.0,1.0
2012-07-10,5.8,5.8,5.65,5.73,2775761,0.05730,1.0
2012-07-11,5.7,5.79,5.69,5.77,2212649,0.0,1.0
2012-07-12,5.77,5.93,5.71,5.9,3883819,0.0,1.0
2012-07-13,5.87,5.95,5.82,5.85,2910949,0.0,1.0
2012-07-16,5.87,5.88,5.62,5.64,4053667,0.0,1.0
2012-07-17,5.61,5.76,5.56,5.72,2330306,0.0,1.0
2012-07-18,5.72,5.84,5.67,5.83,4812477,0.0,1.0
2012-07-19,5.81,5.95,5.8,5.84,5702543,0.0,1.0
2012-07-20,5.84,5.93,5.78,5.86,4373264,0.0,1.0
2012-07-23,5.81,5.81,5.7,5.75,2981160,0.0,1.0
2012-07-24,5.71,5.86,5.69,5.78,2389346,0.0,1.0
2012-07-25,5.75,5.81,5.69,5.74,2438766,0.0,1.0
2012-07-26,5.72,5.82,5.67,5.73,3248578,0.0,1.0
2012-07-27,5.75,5.78,5.7,5.76,2206879,0.0,1.0
2012-07-30,5.79,5.79,5.47,5.55,3641396,0.0,1.0
2012-07-31,5.53,5.55,5.37,5.42,2559834,0.0,1.0
2012-08-01,5.42,5.56,5.39,5.55,2699145,0.0,1.0
2012-08-02,5.55,5.67,5.5,5.53,2205695,0.0,1.0
2012-08-03,5.55,5.63,5.5,5.63,2084613,0.0,1.0
2012-08-06,5.58,5.75,5.58,5.74,4008745,0.0,1.0
2012-08-07,5.75,5.82,5.7,5.79,4120403,0.0,1.0
2012-08-08,5.8,5.84,5.72,5.79,4637890,0.0,1.0
2012-08-09,5.77,5.95,5.72,5.92,6349761,0.0,1.0
2012-08-10,5.92,6.01,5.85,5.89,4601263,0.0,1.0
2012-08-13,5.83,5.87,5.66,5.7,4269011,0.0,1.0
2012-08-14,5.69,5.78,5.56,5.73,4922194,0.0,1.0
2012-08-15,5.74,5.85,5.67,5.72,4494995,0.0,1.0
2012-08-16,5.68,5.7,5.55,5.58,3186388,0.0,1.0
2012-08-17,5.57,5.63,5.54,5.61,1701820,0.0,1.0
2012-08-20,5.6,5.74,5.55,5.72,3066456,0.0,1.0
2012-08-21,5.7,5.88,5.7,5.83,5250978,0.0,1.0
2012-08-22,5.83,5.83,5.7,5.73,3366754,0.0,1.0
2012-08-23,5.75,5.84,5.72,5.83,5743589,0.0,1.0
2012-08-24,5.79,5.84,5.63,5.64,4585896,0.0,1.0
2012-08-27,5.6,5.63,5.46,5.47,3593659,0.0,1.0
2012-08-28,5.47,5.61,5.45,5.55,3285023,0.0,1.0
2012-08-29,5.5,5.72,5.5,5.57,4973857,0.0,1.0
2012-08-30,5.56,5.86,5.54,5.74,10753020,0.0,1.0
2012-08-31,5.71,5.76,5.65,5.75,4081912,0.0,1.0
2012-09-03,5.75,5.83,5.69,5.78,4143159,0.0,1.0
2012-09-04,5.78,5.95,5.73,5.86,11930207,0.0,1.0
2012-09-05,5.85,6.14,5.76,5.99,12934913,0.0,1.0
2012-09-06,5.95,6.12,5.89,6.02,9059297,0.0,1.0
2012-09-07,6.1,6.24,6,6.16,16137745,0.0,1.0
2012-09-10,6.18,6.28,6.08,6.18,11786385,0.0,1.0
2012-09-11,6.16,6.18,6.08,6.14,6902769,0.0,1.0
2012-09-12,6.15,6.24,6.04,6.14,9524432,0.0,1.0
2012-09-13,6.14,6.16,6,6.01,6868563,0.0,1.0
2012-09-14,6.07,6.1,5.96,6.05,6521063,0.0,1.0
2012-09-17,6.05,6.05,5.79,5.8,6781056,0.0,1.0
2012-09-18,5.79,5.84,5.74,5.76,3803331,0.0,1.0
2012-09-19,5.8,6.34,5.78,6.34,30039611,0.0,1.0
2012-09-20,6.39,6.44,6.03,6.09,34116094,0.0,1.0
2012-09-21,5.98,6.04,5.73,5.75,17123762,0.0,1.0
2012-09-24,5.65,5.72,5.51,5.66,10551350,0.0,1.0
2012-09-25,5.65,5.76,5.55,5.7,9802072,0.0,1.0
2012-09-26,5.66,6.27,5.65,6.27,45209145,0.0,1.0
2012-09-27,6.19,6.65,6.06,6.42,67445574,0.0,1.0
2012-09-28,6.27,6.56,6.16,6.39,43364714,0.0,1.0
2012-10-08,6.3,6.47,6.22,6.29,24927853,0.0,1.0
2012-10-09,6.26,6.46,6.26,6.41,26505151,0.0,1.0
2012-10-10,6.38,6.7,6.33,6.49,34350904,0.0,1.0
2012-10-11,6.41,6.42,6.2,6.25,20934306,0.0,1.0
2012-10-12,6.24,6.4,6.1,6.34,18540241,0.0,1.0
2012-10-15,6.29,6.35,6.13,6.27,10361182,0.0,1.0
2012-10-16,6.22,6.39,6.17,6.22,11075710,0.0,1.0
2012-10-17,6.26,6.53,6.18,6.46,21273119,0.0,1.0
2012-10-18,6.4,6.53,6.39,6.46,16102906,0.0,1.0
2012-10-19,6.45,6.51,6.3,6.31,11623402,0.0,1.0
2012-10-22,6.26,6.3,6.19,6.28,8577522,0.0,1.0
2012-10-23,6.28,6.33,6.08,6.1,11915899,0.0,1.0
2012-10-24,6.02,6.16,6.02,6.12,6252425,0.0,1.0
2012-10-25,6.1,6.19,6.02,6.06,6860021,0.0,1.0
2012-10-26,6.02,6.08,5.83,5.86,7540769,0.0,1.0
2012-10-29,5.9,6,5.86,5.93,5187264,0.0,1.0
2012-10-30,5.92,6.04,5.92,5.96,4905024,0.0,1.0
2012-10-31,5.97,5.97,5.72,5.83,7224786,0.0,1.0
2012-11-01,5.82,5.98,5.82,5.93,5872083,0.0,1.0
2012-11-02,5.92,5.98,5.87,5.95,5584707,0.0,1.0
2012-11-05,5.96,5.97,5.85,5.9,4117931,0.0,1.0
2012-11-06,5.9,5.93,5.67,5.78,7493105,0.0,1.0
2012-11-07,5.76,5.83,5.72,5.79,4212565,0.0,1.0
2012-11-08,5.73,5.75,5.54,5.56,6593779,0.0,1.0
2012-11-09,5.55,5.63,5.53,5.57,4073360,0.0,1.0
2012-11-12,5.58,5.7,5.57,5.69,4275247,0.0,1.0
2012-11-13,5.71,5.71,5.56,5.59,3604157,0.0,1.0
2012-11-14,5.6,5.64,5.52,5.61,2779717,0.0,1.0
2012-11-15,5.61,5.67,5.51,5.56,4033451,0.0,1.0
2012-11-16,5.54,6.03,5.38,5.74,7800754,0.0,1.0
2012-11-19,5.67,5.73,5.56,5.69,5472620,0.0,1.0
2012-11-20,5.69,5.73,5.64,5.66,3896470,0.0,1.0
2012-11-21,5.66,5.74,5.58,5.74,4209593,0.0,1.0
2012-11-22,5.68,5.71,5.61,5.61,3287065,0.0,1.0
2012-11-23,5.61,5.67,5.51,5.54,3674405,0.0,1.0
2012-11-26,5.55,5.57,5.45,5.47,2758738,0.0,1.0
2012-11-27,5.46,5.48,5.18,5.19,5263154,0.0,1.0
2012-11-28,5.07,5.17,5.06,5.1,3047545,0.0,1.0
2012-11-29,5.1,5.15,4.97,4.97,3002203,0.0,1.0
2012-11-30,4.98,5.06,4.95,5.05,2918024,0.0,1.0
2012-12-03,5.06,5.08,4.83,4.84,2769678,0.0,1.0
2012-12-04,4.83,4.99,4.76,4.94,3728632,0.0,1.0
2012-12-05,4.9,5.15,4.88,5.09,5158010,0.0,1.0
2012-12-06,5.12,5.24,5.08,5.08,4112001,0.0,1.0
2012-12-07,5.08,5.24,5.06,5.22,5733323,0.0,1.0
2012-12-10,5.26,5.34,5.21,5.3,6362824,0.0,1.0
2012-12-11,5.26,5.33,5.22,5.23,5497471,0.0,1.0
2012-12-12,5.22,5.29,5.14,5.21,4338647,0.0,1.0
2012-12-13,5.19,5.22,5.06,5.07,5200736,0.0,1.0
2012-12-14,5.07,5.33,5.06,5.3,8308431,0.0,1.0
2012-12-17,5.31,5.58,5.3,5.49,12569884,0.0,1.0
2012-12-18,5.45,5.56,5.37,5.54,11155628,0.0,1.0
2012-12-19,5.52,6.07,5.48,5.83,29140197,0.0,1.0
2012-12-20,5.76,6.02,5.74,5.78,33462272,0.0,1.0
2012-12-21,5.79,5.84,5.57,5.61,12157416,0.0,1.0
2012-12-24,5.6,5.88,5.55,5.82,7369605,0.0,1.0
2012-12-25,5.76,6.01,5.74,5.87,30398314,0.0,1.0
2012-12-26,5.83,5.84,5.69,5.79,19504513,0.0,1.0
2012-12-27,5.79,5.82,5.7,5.71,9124815,0.0,1.0
2012-12-28,5.7,5.79,5.68,5.77,6681482,0.0,1.0
2012-12-31,5.79,5.87,5.76,5.8,7775172,0.0,1.0
2013-01-04,5.84,5.85,5.62,5.69,6555947,0.0,1.0
2013-01-07,5.67,5.77,5.67,5.76,4797073,0.0,1.0
2013-01-08,5.76,6.15,5.73,6.01,27441928,0.0,1.0
2013-01-09,5.95,6.07,5.86,5.95,15266186,0.0,1.0
2013-01-10,5.92,6.05,5.89,6.02,16041623,0.0,1.0
2013-01-11,6.04,6.15,5.94,5.97,25772849,0.0,1.0
2013-01-14,5.88,6.09,5.83,6.07,27291903,0.0,1.0
2013-01-15,6.08,6.26,6.05,6.1,25781541,0.0,1.0
2013-01-16,6.08,6.13,5.88,6.01,18774416,0.0,1.0
2013-01-17,6.01,6.03,5.86,5.89,10250622,0.0,1.0
2013-01-18,5.91,6,5.83,5.96,10994956,0.0,1.0
2013-01-21,5.97,5.98,5.9,5.97,9411980,0.0,1.0
2013-01-22,5.95,6.05,5.85,5.87,13769278,0.0,1.0
2013-01-23,5.85,6,5.76,6,12527904,0.0,1.0
2013-01-24,5.96,6.03,5.73,5.76,14353695,0.0,1.0
2013-01-25,5.73,5.8,5.65,5.71,6261050,0.0,1.0
2013-01-28,5.7,5.87,5.7,5.86,6432150,0.0,1.0
2013-01-29,5.86,5.97,5.82,5.89,8178570,0.0,1.0
2013-01-30,5.93,5.93,5.81,5.89,7984829,0.0,1.0
2013-01-31,5.88,5.9,5.78,5.81,6231841,0.0,1.0
2013-02-01,5.81,5.88,5.78,5.85,4994317,0.0,1.0
2013-02-04,5.88,5.95,5.84,5.94,10593540,0.0,1.0
2013-02-05,5.92,5.92,5.8,5.9,7525459,0.0,1.0
2013-02-06,5.88,5.99,5.88,5.92,8268852,0.0,1.0
2013-02-07,5.9,5.96,5.89,5.93,7138164,0.0,1.0
2013-02-08,5.95,6.07,5.93,6,10710923,0.0,1.0
2013-02-18,6.03,6.1,5.99,6.05,9542239,0.0,1.0
2013-02-19,6.05,6.08,5.86,5.92,9464725,0.0,1.0
2013-02-20,5.92,6.51,5.88,6.51,45203805,0.0,1.0
2013-02-21,6.47,6.65,6.32,6.39,58937938,0.0,1.0
2013-02-22,6.42,6.42,6.18,6.19,19033236,0.0,1.0
2013-02-25,6.2,6.48,6.12,6.46,23891024,0.0,1.0
2013-02-26,6.38,6.62,6.22,6.31,44772799,0.0,1.0
2013-02-27,6.27,6.43,6.25,6.31,12786704,0.0,1.0
2013-02-28,6.32,6.56,6.27,6.52,37102944,0.0,1.0
2013-03-01,6.5,6.54,6.32,6.48,28312735,0.0,1.0
2013-03-04,6.38,6.41,6.13,6.15,17945198,0.0,1.0
2013-03-05,6.17,6.39,6.12,6.38,16395105,0.0,1.0
2013-03-06,6.43,6.82,6.4,6.62,37064721,0.0,1.0
2013-03-07,6.58,6.68,6.5,6.56,23664619,0.0,1.0
2013-03-08,6.56,6.67,6.43,6.47,16252721,0.0,1.0
2013-03-11,6.48,6.58,6.38,6.49,8859201,0.0,1.0
2013-03-12,6.46,6.51,6.06,6.2,16367341,0.0,1.0
2013-03-13,6.43,6.62,6.29,6.43,25123195,0.0,1.0
2013-03-14,6.4,6.86,6.29,6.74,32688036,0.0,1.0
2013-03-15,6.73,6.96,6.55,6.8,35162598,0.0,1.0
2013-03-18,6.76,7.07,6.7,6.88,27108629,0.0,1.0
2013-03-19,6.89,6.95,6.7,6.89,20337681,0.0,1.0
2013-03-20,6.84,7,6.76,6.98,25220309,0.0,1.0
2013-03-21,6.95,6.99,6.83,6.9,21379486,0.0,1.0
2013-03-22,6.85,7.03,6.8,6.88,19165846,0.0,1.0
2013-03-25,6.88,6.93,6.73,6.83,12757258,0.0,1.0
2013-03-26,6.8,6.8,6.64,6.74,9815857,0.0,1.0
2013-03-27,6.74,7.04,6.72,7.01,22378271,0.0,1.0
2013-03-28,6.9,6.91,6.68,6.75,16211430,0.0,1.0
2013-03-29,6.78,7.22,6.72,7.06,27995388,0.0,1.0
2013-04-01,7,7.18,6.93,7.08,15818278,0.0,1.0
2013-04-02,7.08,7.13,6.76,6.87,19282786,0.0,1.0
2013-04-03,6.86,6.88,6.52,6.58,17131443,0.0,1.0
2013-04-08,6.45,6.82,6.33,6.75,14778978,0.0,1.0
2013-04-09,6.75,6.98,6.69,6.88,12857110,0.0,1.0
2013-04-10,6.84,6.95,6.67,6.74,9738727,0.0,1.0
2013-04-11,6.76,6.93,6.76,6.81,9964609,0.0,1.0
2013-04-12,6.78,6.91,6.7,6.73,10896533,0.0,1.0
2013-04-15,6.64,6.71,6.47,6.48,9461012,0.0,1.0
2013-04-16,6.42,6.65,6.41,6.61,5771917,0.0,1.0
2013-04-17,6.59,6.64,6.5,6.62,6458805,0.0,1.0
2013-04-18,6.58,6.89,6.54,6.83,11130430,0.0,1.0
2013-04-19,6.82,6.94,6.81,6.86,10960992,0.0,1.0
2013-04-22,6.83,7.15,6.82,7.07,17051074,0.0,1.0
2013-04-23,7.04,7.1,6.7,6.74,13338090,0.0,1.0
2013-04-24,6.72,7.32,6.72,7.23,26180802,0.0,1.0
2013-04-25,7.18,7.46,7.01,7.07,32570959,0.0,1.0
2013-04-26,7.01,7.14,6.79,6.94,17297297,0.0,1.0
2013-05-02,6.8,7.04,6.79,6.91,9728328,0.0,1.0
2013-05-03,6.94,7.25,6.92,7.22,16714614,0.0,1.0
2013-05-06,7.24,7.42,7.16,7.24,19657420,0.0,1.0
2013-05-07,7.2,7.45,7.19,7.37,17766708,0.0,1.0
2013-05-08,7.32,7.6,7.27,7.51,24532997,0.0,1.0
2013-05-09,7.46,7.57,7.34,7.49,16448289,0.0,1.0
2013-05-10,7.42,7.59,7.21,7.32,20010601,0.0,1.0
2013-05-13,7.3,7.45,7.2,7.44,13580391,0.0,1.0
2013-05-14,7.4,7.44,7.17,7.2,13903497,0.0,1.0
2013-05-15,7.26,7.41,7.18,7.39,12400958,0.0,1.0
2013-05-16,7.35,7.64,7.28,7.53,21886542,0.0,1.0
2013-05-17,7.5,7.73,7.44,7.66,20119798,0.0,1.0
2013-05-20,7.79,8.38,7.79,7.94,35354706,0.0,1.0
2013-05-21,7.88,8.23,7.87,8.13,29264723,0.0,1.0
2013-05-22,8.09,8.19,7.9,8.04,18392281,0.0,1.0
2013-05-23,8.08,8.46,7.98,8.08,29596627,0.0,1.0
2013-05-24,8.09,8.44,8.09,8.2,24792773,0.0,1.0
2013-05-27,8.2,8.25,7.97,8.17,17515104,0.0,1.0
2013-05-28,8.15,8.16,7.92,8,13685105,0.0,1.0
2013-05-29,8,8.03,7.82,7.93,12892254,0.0,1.0
2013-05-30,7.95,8.22,7.85,8.21,19810402,0.0,1.0
2013-05-31,8.19,8.27,7.95,7.97,14432691,0.0,1.0
2013-06-03,7.93,8.18,7.88,7.96,11166866,0.0,1.0
2013-06-04,7.95,7.99,7.52,7.64,14428508,0.0,1.0
2013-06-05,7.61,7.67,7.37,7.6,9818025,0.0,1.0
2013-06-06,7.58,7.58,7.36,7.37,6523082,0.0,1.0
2013-06-07,7.37,7.44,7.11,7.18,8901906,0.0,1.0
2013-06-13,7.08,7.08,6.65,6.87,9193008,0.0,1.0
2013-06-14,6.85,7.09,6.85,7.01,6927012,0.0,1.0
2013-06-17,6.99,7.07,6.88,6.99,6704035,0.0,1.0
2013-06-18,7.05,7.36,6.93,7.29,14054021,0.0,1.0
2013-06-19,7.19,7.24,7,7.21,10558776,0.0,1.0
2013-06-20,7.25,7.55,7.01,7.06,17364995,0.0,1.0
2013-06-21,6.9,7.22,6.75,7.17,10240960,0.0,1.0
2013-06-24,7.14,7.15,6.52,6.66,10868852,0.0,1.0
2013-06-25,6.6,6.81,5.99,6.62,14984207,0.0,1.0
2013-06-26,6.56,6.85,6.5,6.82,11595289,0.0,1.0
2013-06-27,6.95,7.08,6.71,6.85,15568766,0.0,1.0
2013-06-28,6.8,7.12,6.67,7.06,16709342,0.0,1.0
2013-07-01,7.06,7.38,6.91,7.35,22351036,0.0,1.0
2013-07-02,7.25,7.8,7.19,7.64,30932544,0.0,1.0
2013-07-03,7.51,7.93,7.31,7.72,31287479,0.0,1.0
2013-07-04,7.67,7.69,7.38,7.44,17102809,0.05729,1.0
2013-07-05,7.35,7.58,7.19,7.2,14802117,0.0,1.0
2013-07-08,6.88,7.05,6.7,6.74,12125039,0.0,1.0
2013-07-09,6.72,6.89,6.63,6.82,9780152,0.0,1.0
2013-07-10,6.83,6.95,6.69,6.93,14086998,0.0,1.0
2013-07-11,6.86,7.15,6.83,7.05,15887965,0.0,1.0
2013-07-12,7,7.36,7,7.12,17611331,0.0,1.0
2013-07-15,7.24,7.41,7.2,7.36,17857415,0.0,1.0
2013-07-16,7.38,7.48,7.2,7.41,13574678,0.0,1.0
2013-07-17,7.38,8.15,7.33,7.81,56039829,0.0,1.0
2013-07-18,7.75,8.04,7.66,7.86,35197710,0.0,1.0
2013-07-19,7.8,8.05,7.49,7.55,26615020,0.0,1.0
2013-07-22,7.96,8.31,7.9,8.31,64557175,0.0,1.0
2013-07-23,8.5,8.73,8.34,8.66,68996670,0.0,1.0
2013-07-24,8.51,8.82,8.35,8.78,49417102,0.0,1.0
2013-07-25,8.68,8.74,8.1,8.18,36264279,0.0,1.0
2013-07-26,8.1,8.45,8.05,8.3,23534935,0.0,1.0
2013-07-29,8.18,8.43,8.08,8.12,18797323,0.0,1.0
2013-07-30,8.09,8.17,7.66,7.84,21076717,0.0,1.0
2013-07-31,7.9,8.08,7.8,7.88,15350387,0.0,1.0
2013-08-01,7.88,8.29,7.83,8.28,18555142,0.0,1.0
2013-08-02,8.28,8.37,8.09,8.14,17634318,0.0,1.0
2013-08-05,8.17,8.39,8.09,8.38,15564329,0.0,1.0
2013-08-06,8.33,8.59,8.26,8.41,18936804,0.0,1.0
2013-08-07,8.39,8.5,8.03,8.08,21298170,0.0,1.0
2013-08-08,8.03,8.15,8.02,8.07,12416358,0.0,1.0
2013-08-09,8.12,8.14,7.75,7.91,15429928,0.0,1.0
2013-08-12,7.88,7.98,7.78,7.96,13674262,0.0,1.0
2013-08-13,7.91,8.13,7.91,8.08,11753447,0.0,1.0
2013-08-14,8.11,8.25,8.04,8.12,13072444,0.0,1.0
2013-08-15,8.19,8.33,8.05,8.06,15296723,0.0,1.0
2013-08-16,7.96,8.28,7.87,7.91,17566341,0.0,1.0
2013-08-19,7.8,8.19,7.66,8.18,18586840,0.0,1.0
2013-08-20,8.26,8.41,8.13,8.25,20218265,0.0,1.0
2013-08-21,8.2,8.44,8.16,8.39,22804414,0.0,1.0
2013-08-22,8.39,8.54,8.3,8.33,18504538,0.0,1.0
2013-08-23,8.41,8.41,7.94,8.11,20526059,0.0,1.0
2013-08-26,8.08,8.2,7.98,8.18,15307724,0.0,1.0
2013-08-27,8.17,8.24,7.97,8.21,20237878,0.0,1.0
2013-08-28,8.11,8.14,7.93,7.95,14979925,0.0,1.0
2013-08-29,7.97,8.04,7.9,7.97,9378941,0.0,1.0
2013-08-30,7.95,7.99,7.34,7.53,21646928,0.0,1.0
2013-09-02,7.4,7.65,7.32,7.6,10699974,0.0,1.0
2013-09-03,7.61,7.72,7.5,7.65,8866798,0.0,1.0
2013-09-04,7.63,7.78,7.61,7.69,6842117,0.0,1.0
2013-09-05,7.65,7.82,7.5,7.78,11006133,0.0,1.0
2013-09-06,7.72,7.78,7.6,7.67,8693050,0.0,1.0
2013-09-09,7.8,7.83,7.68,7.7,8099861,0.0,1.0
2013-09-10,7.68,7.74,7.51,7.59,11147478,0.0,1.0
2013-09-11,7.63,7.63,7.33,7.39,11801130,0.0,1.0
2013-09-12,7.39,7.88,7.39,7.79,20300622,0.0,1.0
2013-09-13,7.8,7.85,7.69,7.81,9975498,0.0,1.0
2013-09-16,7.81,8.07,7.74,8,14169064,0.0,1.0
2013-09-17,7.99,8,7.75,7.84,9478212,0.0,1.0
2013-09-18,7.87,7.99,7.73,7.97,7617850,0.0,1.0
2013-09-23,7.98,8.19,7.95,8.15,15634422,0.0,1.0
2013-09-24,8.12,8.28,7.99,8.16,16558123,0.0,1.0
2013-09-25,8.15,8.52,8.08,8.29,22442606,0.0,1.0
2013-09-26,8.21,8.6,8.21,8.42,25157955,0.0,1.0
2013-09-27,8.42,8.52,8.31,8.38,10823237,0.0,1.0
2013-09-30,8.32,8.75,8.32,8.61,14947309,0.0,1.0
2013-10-08,8.59,8.85,8.49,8.81,20466207,0.0,1.0
2013-10-09,8.75,8.84,8.6,8.76,18046136,0.0,1.0
2013-10-10,8.77,9.64,8.64,9.34,44591542,0.0,1.0
2013-10-11,9.3,9.39,8.8,9.13,30444385,0.0,1.0
2013-10-14,9.05,9.32,9.05,9.14,16179076,0.0,1.0
2013-10-15,9.13,9.57,8.92,9.5,24369325,0.0,1.0
2013-10-16,10.45,10.45,9.8,10.45,79610824,0.0,1.0
2013-10-17,10.55,11.04,10.1,10.23,70918727,0.0,1.0
2013-10-18,10.28,11.25,10.28,11.25,21926755,0.0,1.0
2013-10-21,12.37,12.38,11.72,11.76,76434393,0.0,1.0
2013-10-22,12.06,12.6,11.05,11.19,92226988,0.0,1.0
2013-10-23,11,11,10.07,10.07,68113421,0.0,1.0
2013-10-24,10,10.28,9.73,10.16,34827063,0.0,1.0
2013-10-25,10.04,10.11,9.49,9.68,31690937,0.0,1.0
2013-10-28,9.7,9.88,9.5,9.69,18746857,0.0,1.0
2013-10-29,9.7,9.8,8.72,8.84,43841448,0.0,1.0
2013-10-30,8.8,9.15,8.65,9.05,27036825,0.0,1.0
2013-10-31,8.9,9.08,8.63,8.7,16938797,0.0,1.0
2013-11-01,8.65,8.73,8.23,8.6,16069689,0.0,1.0
2013-11-04,8.54,8.83,8.54,8.68,11971356,0.0,1.0
2013-11-05,8.65,9.17,8.58,9.1,22670830,0.0,1.0
2013-11-06,9.04,9.35,8.89,8.96,22570908,0.0,1.0
2013-11-07,8.86,9.25,8.82,9.03,14413159,0.0,1.0
2013-11-08,9.05,9.27,8.7,9.22,20172430,0.0,1.0
2013-11-11,9.2,9.27,8.94,8.95,14525150,0.0,1.0
2013-11-12,8.87,9.02,8.73,8.95,8984982,0.0,1.0
2013-11-13,8.88,9.18,8.53,8.56,11800332,0.0,1.0
2013-11-14,8.52,8.91,8.24,8.8,15289586,0.0,1.0
2013-11-15,8.75,9.3,8.71,9.03,20481557,0.0,1.0
2013-11-18,9.05,9.28,8.96,9.25,18363243,0.0,1.0
2013-11-19,9.2,9.54,9.1,9.47,20705559,0.0,1.0
2013-11-20,9.44,9.88,9.43,9.73,22231499,0.0,1.0
2013-11-21,9.7,10.12,9.56,9.99,24448994,0.0,1.0
2013-11-22,9.95,10.06,9.62,9.7,16762315,0.0,1.0
2013-11-25,9.61,9.8,9.35,9.41,14375340,0.0,1.0
2013-11-26,9.41,9.68,9.41,9.45,10824558,0.0,1.0
2013-11-27,9.53,9.94,9.36,9.91,19548795,0.0,1.0
2013-11-28,10.28,10.45,9.72,9.8,26345332,0.0,1.0
2013-11-29,9.73,10.01,9.68,10,16294739,0.0,1.0
2013-12-02,9.62,9.85,9.03,9.13,20480124,0.0,1.0
2013-12-03,9.15,9.55,9.07,9.49,12499737,0.0,1.0
2013-12-04,9.44,9.96,9.41,9.89,17079301,0.0,1.0
2013-12-05,9.95,9.95,9.45,9.53,18178365,0.0,1.0
2013-12-06,9.48,9.48,9.16,9.4,12338895,0.0,1.0
2013-12-09,9.4,9.47,9.29,9.42,6466916,0.0,1.0
2013-12-10,9.43,9.47,9.32,9.44,7421697,0.0,1.0
2013-12-11,9.41,9.41,9.05,9.12,9858166,0.0,1.0
2013-12-12,9.08,9.22,9.06,9.1,5357408,0.0,1.0
2013-12-13,9.04,9.08,8.91,8.96,6723787,0.0,1.0
2013-12-16,8.9,9.33,8.9,9.08,6968127,0.0,1.0
2013-12-17,9.09,9.36,9.09,9.24,7129154,0.0,1.0
2013-12-18,9.32,9.32,9.05,9.13,4820580,0.0,1.0
2013-12-19,9.15,9.3,8.98,9.02,4195383,0.0,1.0
2013-12-20,9,9.13,8.96,9.08,4058176,0.0,1.0
2013-12-23,9.11,9.3,8.99,9.14,6383494,0.0,1.0
2013-12-24,9.25,9.28,9.11,9.19,4698724,0.0,1.0
2013-12-25,9.19,9.27,9.07,9.26,5184496,0.0,1.0
2013-12-26,9.28,9.28,8.85,8.88,6618549,0.0,1.0
2013-12-27,8.83,9.07,8.71,8.89,7656347,0.0,1.0
2013-12-30,8.9,9.12,8.9,8.97,6167652,0.0,1.0
2013-12-31,8.95,9.02,8.8,8.96,4171489,0.0,1.0
2014-01-02,8.91,9,8.75,8.79,6174638,0.0,1.0
2014-01-03,8.75,8.77,8.41,8.45,11643393,0.0,1.0
2014-01-06,8.41,8.41,7.78,7.86,11539896,0.0,1.0
2014-01-07,7.86,7.97,7.68,7.9,8137685,0.0,1.0
2014-01-08,7.9,8.08,7.75,7.97,8225542,0.0,1.0
2014-01-09,7.93,8.35,7.77,8.06,12653475,0.0,1.0
2014-01-10,7.96,8.03,7.7,7.8,7072836,0.0,1.0
2014-01-13,7.76,7.8,7.33,7.41,9481908,0.0,1.0
2014-01-14,7.41,7.6,7.41,7.57,5812026,0.0,1.0
2014-01-15,7.56,7.7,7.46,7.69,5291330,0.0,1.0
2014-01-16,7.69,7.86,7.62,7.76,6368527,0.0,1.0
2014-01-17,7.7,7.91,7.54,7.68,6448149,0.0,1.0
2014-01-20,7.73,7.73,7.43,7.48,4539291,0.0,1.0
2014-01-21,7.46,7.83,7.46,7.76,8094535,0.0,1.0
2014-01-22,7.75,8.12,7.69,8.07,10285284,0.0,1.0
2014-01-23,8.08,8.16,7.94,8.04,8215404,0.0,1.0
2014-01-24,8.03,8.24,7.98,8.17,8630124,0.0,1.0
2014-01-27,8.12,8.38,8.05,8.27,9115169,0.0,1.0
2014-01-28,8.23,8.34,8.06,8.17,5651546,0.0,1.0
2014-01-29,8.19,8.28,8.08,8.24,6549238,0.0,1.0
2014-01-30,8.2,8.38,8.11,8.23,5618833,0.0,1.0
2014-02-07,8.28,8.66,8.2,8.63,10637111,0.0,1.0
2014-02-10,8.64,9.14,8.56,8.95,15194436,0.0,1.0
2014-02-11,9.02,9.37,8.93,9.01,16426740,0.0,1.0
2014-02-12,8.99,9.1,8.77,9.07,13980002,0.0,1.0
2014-02-13,9,9.28,8.87,8.91,13976102,0.0,1.0
2014-02-14,8.9,9.6,8.76,9.41,25316225,0.0,1.0
2014-02-17,9.51,9.83,9.35,9.63,31601107,0.0,1.0
2014-02-18,9.6,9.73,9.46,9.68,17873655,0.0,1.0
2014-02-19,9.63,9.67,9.2,9.34,17713542,0.0,1.0
2014-02-20,9.4,9.46,9.08,9.09,13380616,0.0,1.0
2014-02-21,9.1,9.23,8.86,9.06,10679656,0.0,1.0
2014-02-24,9.01,9.35,8.92,9.3,11457607,0.0,1.0
2014-02-25,9.3,9.53,8.75,9,17924293,0.0,1.0
2014-02-26,9,9.05,8.66,8.93,8584322,0.0,1.0
2014-02-27,9.11,9.44,9.05,9.13,16985302,0.0,1.0
2014-02-28,9.35,9.44,9.02,9.42,19614039,0.0,1.0
2014-03-03,9.33,9.53,9.2,9.35,17380484,0.0,1.0
2014-03-04,9.24,9.76,9.19,9.59,27018102,0.0,1.0
2014-03-05,9.65,10.42,9.54,10.18,43506219,0.0,1.0
2014-03-06,10.1,10.1,9.78,9.91,22029775,0.0,1.0
2014-03-07,9.83,10.15,9.62,9.87,16922697,0.0,1.0
2014-03-10,9.85,9.85,9.05,9.08,18184702,0.0,1.0
2014-03-11,8.97,9.02,8.68,8.85,11658593,0.0,1.0
2014-03-12,8.84,8.91,8.4,8.57,10209991,0.0,1.0
2014-03-13,8.57,8.76,8.57,8.69,7454916,0.0,1.0
2014-03-14,8.7,8.75,8.54,8.63,5354049,0.0,1.0
2014-03-17,8.6,8.95,8.43,8.92,7521859,0.0,1.0
2014-03-18,8.9,9.02,8.8,8.82,7656959,0.0,1.0
2014-03-19,8.8,9.18,8.78,9.04,11037390,0.0,1.0
2014-03-20,9.03,9.16,8.75,8.79,9776719,0.0,1.0
2014-03-21,8.81,9.05,8.77,8.98,6191447,0.0,1.0
2014-03-24,8.98,9.16,8.95,9.11,7172833,0.0,1.0
2014-03-25,9.13,9.33,9.03,9.15,7065440,0.0,1.0
2014-03-26,9.16,9.19,8.98,8.99,6073574,0.0,1.0
2014-03-27,8.99,9.03,8.76,8.79,6319893,0.0,1.0
2014-03-28,8.74,8.82,8.48,8.49,6994563,0.0,1.0
2014-03-31,8.68,8.84,8.46,8.66,7105756,0.0,1.0
2014-04-01,8.62,8.84,8.56,8.8,5352406,0.0,1.0
2014-04-02,8.81,8.88,8.73,8.83,3519844,0.0,1.0
2014-04-03,8.86,9.02,8.74,8.95,6168849,0.0,1.0
2014-04-04,8.95,9.09,8.89,9.02,4743610,0.0,1.0
2014-04-08,8.97,9.18,8.8,9.11,5247008,0.0,1.0
2014-04-09,9.13,9.47,9.12,9.46,12553718,0.0,1.0
2014-04-10,9.58,9.59,9.36,9.38,13100940,0.0,1.0
2014-04-11,9.3,9.38,9.09,9.27,7151128,0.0,1.0
2014-04-14,9.3,9.55,9.19,9.46,9356668,0.0,1.0
2014-04-15,9.46,9.63,9.3,9.3,7511891,0.0,1.0
2014-04-16,9.3,9.54,9.25,9.41,7854487,0.0,1.0
2014-04-17,9.43,9.49,9.21,9.39,7505954,0.0,1.0
2014-04-18,9.35,9.46,9.27,9.35,6476741,0.0,1.0
2014-04-21,9.18,9.29,8.97,8.98,8193836,0.0,1.0
2014-04-22,8.95,9.01,8.7,8.91,7286593,0.0,1.0
2014-04-23,8.91,8.91,8.68,8.75,4952175,0.0,1.0
2014-04-24,8.74,8.82,8.56,8.58,5511974,0.0,1.0
2014-04-25,8.55,8.72,8.5,8.58,4813574,0.0,1.0
2014-04-28,8.5,8.5,7.99,8.17,7585711,0.0,1.0
2014-04-29,8.17,8.29,8.06,8.24,6736198,0.0,1.0
2014-04-30,8.21,8.3,8.14,8.17,4423844,0.0,1.0
2014-05-05,8.17,8.22,7.93,8.22,5089456,0.0,1.0
2014-05-06,8.22,8.32,8.16,8.27,4376366,0.0,1.0
2014-05-07,8.24,8.27,8.07,8.08,3215788,0.0,1.0
2014-05-08,8.08,8.27,8.03,8.07,3786477,0.0,1.0
2014-05-09,8.13,8.13,7.75,7.88,4729863,0.0,1.0
2014-05-12,7.95,8.25,7.9,8.23,5777710,0.0,1.0
2014-05-13,8.23,8.25,8.11,8.15,3026385,0.0,1.0
2014-05-14,8.15,8.23,8.1,8.15,2968887,0.0,1.0
2014-05-15,8.15,8.21,7.94,7.94,4001579,0.0,1.0
2014-05-16,8.2,8.62,8.09,8.27,10949074,0.0,1.0
2014-05-19,8.18,8.19,8.02,8.16,3689293,0.0,1.0
2014-05-20,8.27,8.28,8.09,8.22,5309474,0.0,1.0
2014-05-21,8.22,8.28,8.1,8.27,3960384,0.0,1.0
2014-05-22,8.25,8.45,8.19,8.2,8336942,0.0,1.0
2014-05-23,8.21,8.46,8.15,8.41,9102267,0.0,1.0
2014-05-26,8.41,8.48,8.35,8.45,5998489,0.0,1.0
2014-05-27,8.45,8.57,8.3,8.32,7646092,0.0,1.0
2014-05-28,8.37,9.15,8.32,9.09,37128804,0.0,1.0
2014-05-29,8.9,9.01,8.78,8.93,17724967,0.0,1.0
2014-05-30,8.91,9.14,8.81,8.97,14939448,0.0,1.0
2014-06-03,8.97,8.98,8.71,8.73,9203126,0.0,1.0
2014-06-04,8.77,8.78,8.37,8.46,12566334,0.0,1.0
2014-06-05,8.45,8.65,8.32,8.63,8626119,0.0,1.0
2014-06-06,8.6,8.75,8.45,8.52,6756915,0.0,1.0
2014-06-09,8.52,8.57,8.27,8.29,7253279,0.0,1.0
2014-06-10,8.3,8.58,8.23,8.54,9028362,0.0,1.0
2014-06-11,8.53,8.74,8.48,8.61,11586808,0.0,1.0
2014-06-12,8.56,8.95,8.47,8.92,17534659,0.0,1.0
2014-06-13,8.81,9,8.77,8.87,15563651,0.0,1.0
2014-06-16,8.85,9.06,8.8,8.92,12112070,0.0,1.0
2014-06-17,8.9,9.24,8.83,9.1,22660962,0.0,1.0
2014-06-18,9.05,9.12,8.85,8.93,12299147,0.0,1.0
2014-06-19,8.86,8.98,8.38,8.49,13190075,0.0,1.0
2014-06-20,8.5,8.61,8.4,8.59,6188626,0.0,1.0
2014-06-23,8.59,8.77,8.54,8.57,6020207,0.0,1.0
2014-06-24,8.58,8.84,8.57,8.83,10176338,0.0,1.0
2014-06-25,8.84,8.87,8.53,8.68,7855060,0.0,1.0
2014-06-26,8.65,8.95,8.65,8.91,13245305,0.0,1.0
2014-06-27,8.95,9.08,8.85,8.91,12896307,0.0,1.0
2014-06-30,8.91,9.03,8.79,8.95,20851734,0.0,1.0
2014-07-01,8.96,9.13,8.9,8.98,22323885,0.0,1.0
2014-07-02,9.01,9.05,8.68,8.85,19075696,0.0,1.0
2014-07-03,8.8,8.84,8.73,8.82,13425509,0.0,1.0
2014-07-04,8.8,8.94,8.72,8.87,13105952,0.0,1.0
2014-07-07,8.88,9.18,8.86,9.15,19873476,0.0,1.0
2014-07-08,9.13,9.2,8.98,9.15,16660285,0.0,1.0
2014-07-09,9.13,9.46,9.06,9.15,29329332,0.0,1.0
2014-07-10,9.22,10.04,9.15,9.65,46541426,0.0,1.0
2014-07-11,9.6,9.65,9.45,9.58,23169786,0.0,1.0
2014-07-14,9.52,9.83,9.48,9.64,24631158,0.0,1.0
2014-07-15,9.62,9.73,9.3,9.49,21388862,0.0,1.0
2014-07-16,9.45,9.49,9.13,9.19,13088054,0.04319,1.0
2014-07-17,9.11,9.27,9.09,9.2,8841191,0.0,1.0
2014-07-18,9.16,9.33,9.12,9.14,9309153,0.0,1.0
2014-07-21,9.14,9.47,9.14,9.42,15522184,0.0,1.0
2014-07-22,9.38,9.53,9.33,9.47,17998121,0.0,1.0
2014-07-23,9.48,9.48,9.05,9.16,16866210,0.0,1.0
2014-07-24,9.16,9.24,8.88,8.97,13231877,0.0,1.0
2014-07-25,8.95,9.14,8.92,9.12,9382024,0.0,1.0
2014-07-28,9.14,9.25,9.09,9.23,17000178,0.0,1.0
2014-07-29,9.24,9.36,9.15,9.25,13340290,0.0,1.0
2014-07-30,9.29,9.39,9.21,9.37,14777052,0.0,1.0
2014-07-31,9.35,9.43,9.27,9.42,16103137,0.0,1.0
2014-08-01,9.4,9.42,9.13,9.16,17239445,0.0,1.0
2014-08-04,9.18,9.32,9.16,9.31,8908160,0.0,1.0
2014-08-05,9.33,9.52,9.26,9.49,18323728,0.0,1.0
2014-08-06,9.47,9.48,9.34,9.43,12642460,0.0,1.0
2014-08-07,9.45,9.6,9.33,9.34,14161984,0.0,1.0
2014-08-08,9.34,9.48,9.29,9.4,13320356,0.0,1.0
2014-08-11,9.4,9.65,9.31,9.63,25219489,0.0,1.0
2014-08-12,9.61,9.7,9.5,9.58,19040661,0.0,1.0
2014-08-13,9.52,9.67,9.33,9.49,16981585,0.0,1.0
2014-08-14,9.53,9.83,9.45,9.7,33562195,0.0,1.0
2014-08-15,9.74,9.92,9.66,9.87,29738834,0.0,1.0
2014-08-18,9.88,9.95,9.75,9.93,21776083,0.0,1.0
2014-08-19,9.92,10.19,9.8,9.91,31298331,0.0,1.0
2014-08-20,9.87,10.06,9.71,9.73,24183647,0.0,1.0
2014-08-21,9.73,9.83,9.63,9.82,17312956,0.0,1.0
2014-08-22,9.79,10.19,9.76,10.1,31476253,0.0,1.0
2014-08-25,10.27,10.35,9.81,9.87,20624755,0.0,1.0
2014-08-26,9.87,9.96,9.5,9.59,16940238,0.0,1.0
2014-08-27,9.65,9.84,9.63,9.78,11973638,0.0,1.0
2014-08-28,9.77,9.79,9.54,9.68,9711544,0.0,1.0
2014-08-29,9.67,9.79,9.6,9.76,9231433,0.0,1.0
2014-09-01,9.8,9.96,9.72,9.92,11567588,0.0,1.0
2014-09-02,9.91,10.11,9.89,10.05,19996443,0.0,1.0
2014-09-03,10.15,10.17,9.91,10.05,25982082,0.0,1.0
2014-09-04,10.06,10.99,10.01,10.6,49933498,0.0,1.0
2014-09-05,10.5,10.6,10.35,10.52,25721551,0.0,1.0
2014-09-09,10.55,10.75,10.48,10.72,31250651,0.0,1.0
2014-09-10,10.63,10.79,10.5,10.63,21804999,0.0,1.0
2014-09-11,10.62,10.81,10.28,10.32,31488966,0.0,1.0
2014-09-12,10.36,10.48,10.31,10.46,15837005,0.0,1.0
2014-09-15,10.43,10.7,10.39,10.66,22310951,0.0,1.0
2014-09-16,10.65,10.66,9.97,9.99,27067744,0.0,1.0
2014-09-17,10,10.14,9.82,10.11,17227447,0.0,1.0
2014-09-18,10.01,10.26,10.01,10.25,14132302,0.0,1.0
2014-09-19,10.25,10.33,10.14,10.2,12033907,0.0,1.0
2014-09-22,10.2,10.23,9.91,9.97,13363741,0.0,1.0
2014-09-23,9.98,10.19,9.93,10.12,11959094,0.0,1.0
2014-09-24,10.09,10.33,10.03,10.3,20188076,0.0,1.0
2014-09-25,10.26,10.6,10.26,10.55,23026082,0.0,1.0
2014-09-26,10.5,11.25,10.41,10.83,40547983,0.0,1.0
2014-09-29,10.8,11.23,10.7,10.85,30197395,0.0,1.0
2014-09-30,10.86,10.98,10.72,10.8,21562392,0.0,1.0
2014-10-08,10.93,11.09,10.82,11,24027860,0.0,1.0
2014-10-09,11.01,11.03,10.63,10.76,23473456,0.0,1.0
2014-10-10,10.76,10.91,10.62,10.77,16503466,0.0,1.0
2014-10-13,10.76,10.76,10.5,10.64,13032714,0.0,1.0
2014-10-14,10.59,10.76,10.37,10.48,16537400,0.0,1.0
2014-10-15,10.5,10.7,10.42,10.69,15051965,0.0,1.0
2014-10-16,10.61,10.7,10.27,10.27,17482783,0.0,1.0
2014-10-17,10.25,10.37,9.91,10.07,18690660,0.0,1.0
2014-10-20,10.13,10.24,10.02,10.22,10018278,0.0,1.0
2014-10-21,10.23,10.42,10.11,10.16,15502932,0.0,1.0
2014-10-22,10.12,10.27,9.98,10,11378565,0.0,1.0
2014-10-23,10.05,10.1,9.58,9.66,14051023,0.0,1.0
2014-10-24,9.73,9.79,9.62,9.75,8250624,0.0,1.0
2014-10-27,9.74,9.94,9.7,9.92,9460507,0.0,1.0
2014-10-28,9.98,10.2,9.93,10.15,14992565,0.0,1.0
2014-10-29,10.19,10.8,10.14,10.67,42819154,0.0,1.0
2014-10-30,10.58,10.61,10.41,10.47,23747751,0.0,1.0
2014-10-31,10.47,10.73,10.4,10.58,23832479,0.0,1.0
2014-11-03,10.58,10.84,10.53,10.78,25657409,0.0,1.0
2014-11-04,10.83,10.83,10.43,10.45,25691688,0.0,1.0
2014-11-05,10.4,10.49,10.29,10.33,13817869,0.0,1.0
2014-11-06,10.34,10.53,10.27,10.48,12567033,0.0,1.0
2014-11-07,10.45,10.55,10.2,10.21,18325038,0.0,1.0
2014-11-10,10.29,10.29,10,10.15,13960164,0.0,1.0
2014-11-11,10.2,10.21,9.6,9.79,21240983,0.0,1.0
2014-11-12,9.85,9.98,9.79,9.94,8920907,0.0,1.0
2014-11-13,9.9,9.96,9.5,9.69,14799173,0.0,1.0
2014-11-14,9.71,9.85,9.57,9.83,9255851,0.0,1.0
2014-11-17,9.84,10.04,9.75,10.02,12621232,0.0,1.0
2014-11-18,9.99,10.25,9.91,10.23,16868010,0.0,1.0
2014-11-19,10.19,10.54,10.12,10.41,24666132,0.0,1.0
2014-11-20,10.3,10.35,10.17,10.27,11201920,0.0,1.0
2014-11-21,10.29,10.33,10.14,10.2,12613571,0.0,1.0
2014-11-24,10.32,10.49,10.18,10.43,22328340,0.0,1.0
2014-11-25,10.44,10.7,10.4,10.53,26820242,0.0,1.0
2014-11-26,10.71,10.8,10.3,10.4,24643400,0.0,1.0
2014-11-27,10.38,10.61,10.34,10.56,23528686,0.0,1.0
2014-11-28,10.86,11.62,10.77,11.62,62477603,0.0,1.0
2014-12-01,11.8,12.78,11.69,12.4,121984890,0.0,1.0
2014-12-02,12.51,12.58,12.04,12.44,83278893,0.0,1.0
2014-12-03,12.43,13.08,12.13,12.45,75870233,0.0,1.0
2014-12-04,12.31,12.46,12.11,12.28,50632438,0.0,1.0
2014-12-05,12.2,12.28,11.1,11.38,54683106,0.0,1.0
2014-12-08,11.41,11.78,11.32,11.38,45004158,0.0,1.0
2014-12-09,11.08,11.27,10.54,10.64,45754670,0.0,1.0
2014-12-10,10.61,11,10.6,10.97,24245014,0.0,1.0
2014-12-11,10.97,11.3,10.91,11.26,36767838,0.0,1.0
2014-12-12,11.49,11.56,11.15,11.21,22623025,0.0,1.0
2014-12-15,11.08,11.43,11,11.38,24997547,0.0,1.0
2014-12-16,11.19,11.26,11.1,11.2,21194898,0.0,1.0
2014-12-17,11.18,11.18,10.82,10.92,20591646,0.0,1.0
2014-12-18,10.9,11.12,10.84,10.94,16442260,0.0,1.0
2014-12-19,10.88,11.56,10.75,11.48,48009024,0.0,1.0
2014-12-22,11.4,11.58,10.33,10.47,41208404,0.0,1.0
2014-12-23,10.38,10.52,9.98,9.99,20884619,0.0,1.0
2014-12-24,10.09,10.25,9.92,10.2,13002683,0.0,1.0
2014-12-25,10.19,10.32,10.12,10.3,12169649,0.0,1.0
2014-12-26,10.31,10.47,10.11,10.43,19674184,0.0,1.0
2014-12-29,10.37,10.38,10.02,10.08,17264385,0.0,1.0
2014-12-30,10.02,10.15,9.7,9.78,14079554,0.0,1.0
2014-12-31,9.8,9.95,9.73,9.9,9022414,0.0,1.0
2015-01-05,9.8,10.08,9.64,10.02,14640378,0.0,1.0
2015-01-06,9.93,10.27,9.83,10.24,16006859,0.0,1.0
2015-01-07,10.2,10.41,10.1,10.28,19191873,0.0,1.0
2015-01-08,10.23,10.86,10.15,10.61,30001641,0.0,1.0
2015-01-09,10.51,10.64,10.31,10.32,16951683,0.0,1.0
2015-01-12,10.3,10.43,10.1,10.19,10092518,0.0,1.0
2015-01-13,10.24,10.66,10.17,10.61,24116639,0.0,1.0
2015-01-14,10.6,10.6,10.3,10.4,11617045,0.0,1.0
2015-01-15,10.41,10.65,10.37,10.46,11831285,0.0,1.0
2015-01-16,10.5,10.99,10.45,10.78,35057496,0.0,1.0
2015-01-19,10.45,10.95,9.9,10.08,27233067,0.0,1.0
2015-01-20,10.22,10.8,10.11,10.75,28681207,0.0,1.0
2015-01-21,10.81,11.07,10.74,10.95,33198485,0.0,1.0
2015-01-22,11.08,11.26,10.87,11.24,34753452,0.0,1.0
2015-01-23,11.17,11.17,10.82,11,26433580,0.0,1.0
2015-01-26,11.02,11.27,11,11.23,23934746,0.0,1.0
2015-01-27,11.2,11.36,10.99,11.18,22715944,0.0,1.0
2015-01-28,11.2,11.28,10.91,11.01,19392522,0.0,1.0
2015-01-29,10.85,11,10.63,10.73,16701921,0.0,1.0
2015-01-30,10.74,10.85,10.57,10.58,14813659,0.0,1.0
2015-02-02,10.55,10.85,10.51,10.78,12305850,0.0,1.0
2015-02-03,10.75,11.29,10.73,11.09,22825986,0.0,1.0
2015-02-04,11.06,11.26,11,11.05,19746117,0.0,1.0
2015-02-05,11.05,11.55,11.04,11.29,40121057,0.0,1.0
2015-02-06,11.26,11.37,10.79,10.9,19965031,0.0,1.0
2015-02-09,10.9,11.19,10.82,11.02,14713833,0.0,1.0
2015-02-10,10.96,11.12,10.58,10.96,23185137,0.0,1.0
2015-02-11,10.9,11.56,10.9,11.48,37363236,0.0,1.0
2015-02-12,11.36,11.69,11.35,11.37,32540337,0.0,1.0
2015-02-13,11.44,11.64,11.42,11.61,31384653,0.0,1.0
2015-02-16,11.72,12.05,11.52,12.01,45686225,0.0,1.0
2015-02-17,12.28,12.41,11.83,11.87,41725875,0.0,1.0
2015-02-25,11.9,12.24,11.83,12,32865241,0.0,1.0
2015-02-26,11.99,12.06,11.63,11.91,29314721,0.0,1.0
2015-02-27,11.93,12.55,11.78,12.41,51682471,0.0,1.0
2015-03-02,12.4,12.55,12.27,12.48,37532067,0.0,1.0
2015-03-03,12.4,12.65,12.25,12.54,38623678,0.0,1.0
2015-03-04,12.5,12.68,12.45,12.66,34938302,0.0,1.0
2015-03-05,12.64,12.64,12.26,12.4,26550398,0.0,1.0
2015-03-06,12.44,12.79,12.06,12.08,37772032,0.0,1.0
2015-03-09,11.88,12.3,11.81,12.25,24498214,0.0,1.0
2015-03-10,12.23,12.57,12.19,12.43,22732343,0.0,1.0
2015-03-11,12.4,12.44,12.1,12.24,20752461,0.0,1.0
2015-03-12,12.31,12.54,12,12.19,21799257,0.0,1.0
2015-03-13,12.16,12.68,12.11,12.61,34126573,0.0,1.0
2015-03-16,12.88,13.38,12.71,13.15,59109340,0.0,1.0
2015-03-17,13.2,13.49,12.91,13.13,48498410,0.0,1.0
2015-03-18,13.15,13.63,13.1,13.46,45459170,0.0,1.0
2015-03-19,13.4,13.55,13.16,13.3,35350480,0.0,1.0
2015-03-20,13.48,14.63,13.47,14.63,70288310,0.0,1.0
2015-03-23,15.22,15.98,14.96,15.49,93060379,0.0,1.0
2015-03-24,15.75,16.08,14.71,15.95,85366529,0.0,1.0
2015-03-25,15.65,15.95,15.31,15.63,54341783,0.0,1.0
2015-03-26,15.65,15.65,14.75,14.81,48208378,0.0,1.0
2015-03-27,14.7,15.28,14.66,15.21,27496310,0.0,1.0
2015-03-30,15.32,15.5,15.08,15.2,28504017,0.0,1.0
2015-03-31,15.25,15.57,14.9,15.33,35533427,0.0,1.0
2015-04-01,15.59,16.5,15.34,16.299999,51018281,0.0,1.0
2015-04-02,16.4,16.459999,15.74,16.280001,40112246,0.0,1.0
2015-04-03,16.33,17.139999,15.85,17.110001,53218346,0.0,1.0
2015-04-07,17.01,17.450001,16.85,16.98,43910155,0.0,1.0
2015-04-08,16.9,17,15.86,16.25,43231777,0.0,1.0
2015-04-09,16.25,16.379999,15,15.57,35904165,0.0,1.0
2015-04-10,15.56,16.09,15.36,15.98,26423292,0.0,1.0
2015-04-13,16,17.35,16,17.27,50069990,0.0,1.0
2015-04-14,17.17,17.17,16.799999,16.940001,29501337,0.0,1.0
2015-04-15,18.629999,18.629999,18.629999,18.629999,12230814,0.0,1.0
2015-04-16,19,20.49,18.68,20.49,86110867,0.0,1.0
2015-04-17,20.98,22.200001,20.02,20.52,74745905,0.0,1.0
2015-04-20,20.049999,21.34,19.58,20.25,52777439,0.0,1.0
2015-04-21,20.450001,21.92,20.200001,21.530001,44529342,0.0,1.0
2015-04-22,22.1,22.780001,21.200001,21.280001,47357142,0.0,1.0
2015-04-23,21.25,21.25,20.559999,20.709999,35324622,0.0,1.0
2015-04-24,20.200001,21.280001,20.16,21.17,33121580,0.0,1.0
2015-04-27,21.450001,21.780001,20.559999,20.75,34124128,0.0,1.0
2015-04-28,20.73,20.73,19.190001,19.41,36348574,0.0,1.0
2015-04-29,19.450001,20.559999,19.440001,20.49,26546504,0.0,1.0
2015-04-30,20.5,21.379999,20.389999,20.620001,33113295,0.0,1.0
2015-05-04,20.65,21.6,20.5,20.83,28158099,0.0,1.0
2015-05-05,20.76,21.360001,20.1,20.370001,28769516,0.0,1.0
2015-05-06,20.51,21.5,20.41,20.959999,34128310,0.0,1.0
2015-05-07,20.9,21.879999,20.75,21.379999,39676168,0.0,1.0
2015-05-08,21.860001,23.389999,21.040001,22.950001,51485619,0.0,1.0
2015-05-11,22.65,24.280001,22.299999,23.870001,50476418,0.0,1.0
2015-05-12,23.780001,24.440001,22.91,23.959999,46349163,0.0,1.0
2015-05-13,23.959999,23.959999,23.959999,23.959999,0,0.0,1.0
2015-05-14,23.959999,23.959999,23.959999,23.959999,0,0.0,1.0
2015-05-15,23.959999,23.959999,23.959999,23.959999,0,0.0,1.0
2015-05-18,23.959999,23.959999,23.959999,23.959999,0,0.0,1.0
2015-05-19,23.959999,23.959999,23.959999,23.959999,0,0.0,1.0
2015-05-20,23.959999,23.959999,23.959999,23.959999,0,0.0,1.0
2015-05-21,23.959999,23.959999,23.959999,23.959999,0,0.0,1.0
2015-05-22,23.959999,23.959999,23.959999,23.959999,0,0.0,1.0
2015-05-25,23.959999,23.959999,23.959999,23.959999,0,0.0,1.0
2015-05-26,23.959999,23.959999,23.959999,23.959999,0,0.0,1.0
2015-05-27,26.360001,26.360001,26.360001,26.360001,268749,0.0,1.0
2015-05-28,29,29,29,29,2377599,0.0,1.0
2015-05-29,28.940001,31.799999,26.059999,30.18,66803272,0.05734,1.0
2015-06-01,30.23,32.57,29.26,31.65,45713715,0.0,1.0
2015-06-02,31.6,32.68,30.040001,31.110001,43452660,0.0,1.0
2015-06-03,31.049999,31.07,28.6,29.459999,44963894,0.0,1.0
2015-06-04,29.58,30.15,27.6,30.049999,34183509,0.0,1.0
2015-06-05,30.450001,30.9,28.82,29.290001,32319803,0.0,1.0
2015-06-08,29.27,29.27,27.049999,27.290001,35452244,0.0,1.0
2015-06-09,27.379999,28.1,27,28.02,22377100,0.0,1.0
2015-06-10,27.5,29.280001,27.360001,28.98,25831127,0.0,1.0
2015-06-11,28.629999,29.5,28.280001,29.379999,21167508,0.0,1.0
2015-06-12,29.48,29.879999,28.879999,29.1,21647341,0.0,1.0
2015-06-15,29.16,29.4,27.309999,27.5,23322437,0.0,1.0
2015-06-16,27.58,27.58,25.110001,25.370001,23158304,0.0,1.0
2015-06-17,25.4,26.26,24.629999,26.15,19922081,0.0,1.0
2015-06-18,25.9,26.6,24.799999,24.85,16973074,0.0,1.0
2015-06-19,24,24.5,22.370001,22.370001,23026746,0.0,1.0
2015-06-23,22.219999,23.4,20.91,23.360001,26518447,0.0,1.0
2015-06-24,23.6,24.24,23.049999,23.91,27973665,0.0,1.0
2015-06-25,24.51,24.83,22,22.68,27150205,0.0,1.0
2015-06-26,21.57,21.93,20.41,20.41,24529877,0.0,1.0
2015-06-29,21,21,18.370001,18.92,43141189,0.0,1.0
2015-06-30,18.52,20.07,17.030001,19.93,41825482,0.0,1.0
2015-07-01,19.58,20.5,17.940001,17.940001,36408036,0.0,1.0
2015-07-02,18.110001,18.450001,16.15,16.15,37445107,0.0,1.0
2015-07-03,16.15,16.15,16.15,16.15,0,0.0,1.0
2015-07-06,16.15,16.15,16.15,16.15,0,0.0,1.0
2015-07-07,16.15,16.15,16.15,16.15,0,0.0,1.0
2015-07-08,16.15,16.15,16.15,16.15,0,0.0,1.0
2015-07-09,16.15,16.15,16.15,16.15,0,0.0,1.0
2015-07-10,16.15,16.15,16.15,16.15,0,0.0,1.0
2015-07-13,16.15,16.15,16.15,16.15,0,0.0,1.0
2015-07-14,16.15,16.15,16.15,16.15,0,0.0,1.0
2015-07-15,16.15,16.15,16.15,16.15,0,0.0,1.0
2015-07-16,16.15,16.15,16.15,16.15,0,0.0,1.0
2015-07-17,16.15,16.15,16.15,16.15,0,0.0,1.0
2015-07-20,16.15,16.15,16.15,16.15,0,0.0,1.0
2015-07-21,16.15,16.15,16.15,16.15,0,0.0,1.0
2015-07-22,16.15,16.15,16.15,16.15,0,0.0,1.0
2015-07-23,16.15,16.15,16.15,16.15,0,0.0,1.0
2015-07-24,17.77,17.77,17.77,17.77,1078141,0.0,1.0
2015-07-27,19.549999,19.549999,19.1,19.549999,96811353,0.0,1.0
2015-07-28,18.4,20.35,17.6,18.969999,101004857,0.0,1.0
2015-07-29,19.52,19.99,17.6,19.59,63197926,0.0,1.0
2015-07-30,19.290001,19.68,17.860001,17.93,51108247,0.0,1.0
2015-07-31,17.6,17.92,16.309999,17.120001,37993174,0.0,1.0
2015-08-03,16.870001,16.870001,15.5,16.16,35630507,0.0,1.0
2015-08-04,16.18,17.459999,16.16,17.379999,23512934,0.0,1.0
2015-08-05,17.4,17.57,16.41,16.950001,27054829,0.0,1.0
2015-08-06,16.5,17.07,16.209999,16.860001,14497582,0.0,1.0
2015-08-07,18.549999,18.549999,18.549999,18.549999,4799096,0.0,1.0
2015-08-10,20.01,20.049999,19.200001,19.889999,65498108,0.0,1.0
2015-08-11,19.889999,20.98,19.709999,20.01,59613133,0.0,1.0
2015-08-12,19.52,20.24,19.25,19.43,32964780,0.0,1.0
2015-08-13,19.33,21.370001,19.26,21.370001,70093981,0.0,1.0
2015-08-14,22,22.82,21.379999,21.799999,73450954,0.0,1.0
2015-08-17,21.700001,22.98,21.41,22.58,48206174,0.0,1.0
2015-08-18,22.799999,23.290001,20.32,20.32,51033688,0.0,1.0
2015-08-19,18.799999,20.879999,18.290001,20.360001,47216639,0.0,1.0
2015-08-20,20,20.98,19.02,19.049999,37294835,0.0,1.0
2015-08-21,18.5,19.049999,17.15,17.33,30773765,0.0,1.0
2015-08-24,16.35,16.35,15.6,15.6,24339219,0.0,1.0
2015-08-25,15.6,15.6,15.6,15.6,0,0.0,1.0
2015-08-26,15.6,15.6,15.6,15.6,0,0.0,1.0
2015-08-27,15.6,15.6,15.6,15.6,0,0.0,1.0
2015-08-28,15.6,15.6,15.6,15.6,0,0.0,1.0
2015-08-31,15.6,15.6,15.6,15.6,0,0.0,1.0
2015-09-01,15.6,15.6,15.6,15.6,0,0.0,1.0
2015-09-02,15.6,15.6,15.6,15.6,0,0.0,1.0
2015-09-07,15.6,15.6,15.6,15.6,0,0.0,1.0
2015-09-08,15.6,15.6,15.6,15.6,0,0.0,1.0
2015-09-09,15.6,15.6,15.6,15.6,0,0.0,1.0
2015-09-10,15,16.790001,14.6,15.99,40198445,0.0,1.0
2015-09-11,15.85,16.389999,15.35,15.89,27336649,0.0,1.0
2015-09-14,15.93,16.209999,14.3,14.3,24559876,0.0,1.0
2015-09-15,13.05,13.47,12.87,12.87,22166101,0.0,1.0
2015-09-16,12.23,14.16,12.17,13.97,46709872,0.0,1.0
2015-09-17,13.6,14.65,13.15,13.24,49450919,0.0,1.0
2015-09-18,13.45,13.56,12.65,13,29179178,0.0,1.0
2015-09-21,12.69,13.65,12.69,13.55,27224917,0.0,1.0
2015-09-22,13.6,14.15,13.52,13.95,38589222,0.0,1.0
2015-09-23,13.59,13.86,13.17,13.48,23700569,0.0,1.0
2015-09-24,13.7,14.08,13.52,13.99,30313119,0.0,1.0
2015-09-25,13.9,14.2,13.01,13.14,24917233,0.0,1.0
2015-09-28,13.3,13.7,12.88,13.65,16922809,0.0,1.0
2015-09-29,13.28,13.38,12.83,12.98,15581243,0.0,1.0
2015-09-30,13.05,13.25,12.74,12.76,15222963,0.0,1.0
2015-10-08,13.29,13.78,13.07,13.64,24760954,0.0,1.0
2015-10-09,13.64,14.16,13.45,13.92,29358363,0.0,1.0
2015-10-12,14.09,15.31,14.01,15.31,54396729,0.0,1.0
2015-10-13,15.01,15.99,15,15.94,55915944,0.0,1.0
2015-10-14,15.65,15.85,15.26,15.31,32416139,0.0,1.0
2015-10-15,15.24,16.24,15.24,16.18,38250514,0.0,1.0
2015-10-16,16.32,16.68,15.8,16.35,38855104,0.0,1.0
2015-10-19,16.799999,17.77,16.59,16.75,47540912,0.0,1.0
2015-10-20,16.57,18.049999,16.57,17.780001,42679230,0.0,1.0
2015-10-21,17.74,17.83,16,16,39508115,0.0,1.0
2015-10-22,15.85,17.09,15.6,16.98,34760593,0.0,1.0
2015-10-23,17.18,17.83,16.709999,17.49,42697735,0.0,1.0
2015-10-26,17.799999,18.32,17.41,17.85,39012877,0.0,1.0
2015-10-27,17.99,18.32,16.799999,18.139999,29651997,0.0,1.0
2015-10-28,18.139999,18.139999,16.98,17.1,24071605,0.0,1.0
2015-10-29,17.15,17.440001,16.299999,16.950001,16065727,0.0,1.0
2015-10-30,16.940001,17.549999,16.309999,17.07,20343306,0.0,1.0
2015-11-02,16.440001,17.280001,16.379999,16.389999,16426545,0.0,1.0
2015-11-03,16.48,16.68,15.9,16.01,14837062,0.0,1.0
2015-11-04,16.17,17.17,16.07,17.030001,19915146,0.0,1.0
2015-11-05,17,17.559999,16.76,17.540001,33768933,0.0,1.0
2015-11-06,17.950001,18.129999,17.610001,18.01,38779777,0.0,1.0
2015-11-09,17.68,18.200001,17.450001,18.040001,31130879,0.0,1.0
2015-11-10,17.99,18.139999,17.4,17.700001,33170522,0.0,1.0
2015-11-11,17.709999,18.65,17.5,18.5,37319170,0.0,1.0
2015-11-12,18.299999,18.969999,17.799999,18.51,36598901,0.0,1.0
2015-11-13,18.25,18.99,17.530001,18.25,33735362,0.0,1.0
2015-11-16,18.1,19.190001,17.799999,19.18,35933931,0.0,1.0
2015-11-17,19.200001,19.51,18.450001,18.57,33156477,0.0,1.0
2015-11-18,18.549999,18.860001,17.9,18.030001,18471342,0.0,1.0
2015-11-19,18.280001,18.6,18,18.58,14097512,0.0,1.0
2015-11-20,18.58,20.379999,18.459999,20.209999,53045123,0.0,1.0
2015-11-23,19.9,20.870001,19.41,19.68,38179513,0.0,1.0
2015-11-24,19.5,20.35,18.950001,20.190001,25169812,0.0,1.0
2015-11-25,19.969999,21.379999,19.85,20.790001,31422562,0.0,1.0
2015-11-26,20.91,21.34,20.299999,20.459999,20056562,0.0,1.0
2015-11-27,20.35,20.379999,18.41,18.41,25210336,0.0,1.0
2015-11-30,18.379999,19,16.950001,18.790001,23162189,0.0,1.0
2015-12-01,18.74,19.200001,18.34,18.49,13846672,0.0,1.0
2015-12-02,18.58,18.75,17.16,18,12674281,0.0,1.0
2015-12-03,18.129999,18.68,18,18.67,13636762,0.0,1.0
2015-12-04,18.5,18.67,17.719999,18.08,14915217,0.0,1.0
2015-12-07,18.120001,18.549999,17.860001,18.32,14012877,0.0,1.0
2015-12-08,18.200001,18.610001,17.610001,17.98,18982885,0.0,1.0
2015-12-09,17.870001,18.17,17.34,17.4,19627953,0.0,1.0
2015-12-10,17.42,17.67,17.08,17.48,23755865,0.0,1.0
2015-12-11,17.360001,17.6,17.16,17.48,13054678,0.0,1.0
2015-12-14,17.299999,17.98,17.18,17.950001,13692004,0.0,1.0
2015-12-15,17.91,18.370001,17.780001,17.99,26366184,0.0,1.0
2015-12-16,18.08,18.469999,17.99,18.120001,22506023,0.0,1.0
2015-12-17,18.299999,19.17,18.120001,18.959999,37619479,0.0,1.0
2015-12-18,18.809999,18.98,18.23,18.360001,21695776,0.0,1.0
2015-12-21,18.110001,18.620001,18.1,18.469999,16717014,0.0,1.0
2015-12-22,18.559999,18.860001,18.379999,18.83,17350222,0.0,1.0
2015-12-23,18.799999,18.98,18.200001,18.290001,16915672,0.0,1.0
2015-12-24,18.32,18.32,17.559999,18.02,13462523,0.0,1.0
2015-12-25,18.059999,18.17,17.75,18,10299868,0.0,1.0
2015-12-28,18.209999,18.549999,17.780001,17.799999,19268158,0.0,1.0
2015-12-29,17.790001,17.959999,17.4,17.940001,11014135,0.0,1.0
2015-12-30,18.02,19.73,18.02,19.73,32413776,0.0,1.0
2015-12-31,20,20.879999,19.6,19.700001,63082249,0.0,1.0
2016-01-04,19.889999,20.33,17.76,17.959999,25809960,0.0,1.0
2016-01-05,16.879999,18.799999,16.879999,18.209999,35915488,0.0,1.0
2016-01-06,18,18.25,17.219999,18.18,25486331,0.0,1.0
2016-01-07,17.700001,17.700001,16.360001,16.360001,5980813,0.0,1.0
2016-01-08,16.450001,18,14.98,16.83,35194810,0.0,1.0
2016-01-11,16,16.299999,15.15,15.15,24586243,0.0,1.0
2016-01-12,14.5,14.76,13.64,13.97,30582522,0.0,1.0
2016-01-13,13.97,14.2,12.57,12.57,25996114,0.0,1.0
2016-01-14,11.87,13.13,11.68,12.9,25597135,0.0,1.0
2016-01-15,12.69,12.94,11.61,11.89,22731170,0.0,1.0
2016-01-18,11.7,12.65,11.53,12.35,22664611,0.0,1.0
2016-01-19,12.3,13.18,12.2,12.97,21142466,0.0,1.0
2016-01-20,12.88,13.7,12.78,13.18,25703511,0.0,1.0
2016-01-21,12.78,13.43,12.21,12.24,18144806,0.0,1.0
2016-01-22,12.46,12.8,11.95,12.76,18879774,0.0,1.0
2016-01-25,12.89,13.27,12.81,13.09,14091908,0.0,1.0
2016-01-26,12.98,12.98,11.78,11.78,16471808,0.0,1.0
2016-01-27,11.8,11.99,10.7,11.49,22445777,0.0,1.0
2016-01-28,11.27,11.48,10.39,10.41,16126145,0.0,1.0
2016-01-29,10.5,11.2,10.36,11.01,16010431,0.0,1.0
2016-02-01,11.08,11.31,10.8,11.17,14692560,0.0,1.0
2016-02-02,11.2,11.8,11.14,11.68,14394342,0.0,1.0
2016-02-03,11.38,11.75,11.23,11.67,12996968,0.0,1.0
2016-02-04,11.75,12,11.65,11.95,16257696,0.0,1.0
2016-02-05,11.99,12.01,11.53,11.57,12517824,0.0,1.0
2016-02-15,11.08,11.64,10.92,11.56,12615688,0.0,1.0
2016-02-16,11.6,12.72,11.57,12.72,18399274,0.0,1.0
2016-02-17,13.14,13.23,12.66,13.04,33597870,0.0,1.0
2016-02-18,13.08,13.29,12.8,13.07,23630445,0.0,1.0
2016-02-19,12.98,14.3,12.97,13.92,41603522,0.0,1.0
2016-02-22,14.16,14.16,13.68,14,25070720,0.0,1.0
2016-02-23,14.01,14.06,13.41,13.75,20384051,0.0,1.0
2016-02-24,13.86,14.06,13.36,13.92,18909568,0.0,1.0
2016-02-25,13.97,13.97,12.53,12.53,25915298,0.0,1.0
2016-02-26,12.6,12.84,11.75,12.21,22230599,0.0,1.0
2016-02-29,12,12,10.99,11,24590183,0.0,1.0
2016-03-01,11.05,11.64,10.72,11.48,19007857,0.0,1.0
2016-03-02,11.4,12.46,11.36,12.35,21961088,0.0,1.0
2016-03-03,12.3,12.78,12.21,12.31,22411244,0.0,1.0
2016-03-04,12.12,12.35,11.3,11.54,17925948,0.0,1.0
2016-03-07,11.8,12.15,11.68,11.89,13295720,0.0,1.0
2016-03-08,11.9,12.22,11.2,12.2,17713415,0.0,1.0
2016-03-09,11.86,12.09,11.6,11.82,11716638,0.0,1.0
2016-03-10,11.86,12,11.5,11.55,10711459,0.0,1.0
2016-03-11,11.31,11.57,11.2,11.43,10037209,0.0,1.0
2016-03-14,11.61,12.27,11.61,11.96,15714104,0.0,1.0
2016-03-15,11.96,12.16,11.68,11.84,14283820,0.0,1.0
2016-03-16,12,12.06,11.43,11.54,14646703,0.0,1.0
2016-03-17,11.7,12.37,11.58,12.34,27423569,0.0,1.0
2016-03-18,12.48,13.12,12.41,12.94,26225886,0.0,1.0
2016-03-21,13.15,13.42,12.96,13.38,28273475,0.0,1.0
2016-03-22,13.11,13.4,13,13.17,22352197,0.0,1.0
2016-03-23,13.2,13.45,13.1,13.36,22850950,0.0,1.0
2016-03-24,13.2,14,13.1,13.32,33609396,0.0,1.0
2016-03-25,13.22,13.65,13.16,13.64,18892381,0.0,1.0
2016-03-28,13.8,14.09,13.32,13.43,25001088,0.0,1.0
2016-03-29,13.38,13.49,12.9,13.03,16880731,0.0,1.0
2016-03-30,13.23,13.8,13.22,13.79,20698925,0.0,1.0
2016-03-31,13.98,14.32,13.79,13.86,28417617,0.0,1.0
2016-04-01,13.68,14.44,13.56,14.3,32426355,0.0,1.0
2016-04-05,14.27,14.74,13.93,14.64,27405859,0.0,1.0
2016-04-06,14.45,14.68,14.21,14.5,18487408,0.0,1.0
2016-04-07,14.54,14.65,13.89,13.9,21591848,0.0,1.0
2016-04-08,13.61,13.82,13.46,13.79,16931750,0.0,1.0
2016-04-11,14.05,14.3,13.91,14.08,14929669,0.0,1.0
2016-04-12,13.91,14.5,13.91,14.44,25868081,0.0,1.0
2016-04-13,14.4,15.34,14.4,14.98,36329190,0.0,1.0
2016-04-14,15.15,15.19,14.83,14.99,18271128,0.0,1.0
2016-04-15,14.92,15.14,14.75,14.93,12642387,0.0,1.0
2016-04-18,14.76,14.76,14.23,14.36,15780868,0.0,1.0
2016-04-19,14.54,14.6,14.23,14.48,11866152,0.0,1.0
2016-04-20,14.6,14.66,13.06,13.52,24495088,0.0,1.0
2016-04-21,13.31,13.68,13.16,13.18,10583653,0.0,1.0
2016-04-22,13.17,13.43,13.01,13.42,10566383,0.0,1.0
2016-04-25,13.22,13.28,12.88,13.17,10812405,0.0,1.0
2016-04-26,13.17,13.54,13.07,13.52,13966275,0.0,1.0
2016-04-27,13.5,13.52,13.16,13.18,12759518,0.0,1.0
2016-04-28,13.22,13.36,12.8,13.31,13688341,0.0,1.0
2016-04-29,13.16,13.42,13.08,13.2,9588523,0.0,1.0
2016-05-03,13.26,13.8,13.08,13.73,14053570,0.0,1.0
2016-05-04,13.65,13.82,13.55,13.61,12829712,0.0,1.0
2016-05-05,13.8,14.55,13.77,14.5,29295861,0.0,1.0
2016-05-06,14.43,14.73,13.97,14.13,33366531,0.0,1.0
2016-05-09,14,14,13.31,13.4,15210806,0.0,1.0
2016-05-10,13.49,13.7,13.23,13.54,13746797,0.0,1.0
2016-05-11,13.64,13.73,13.12,13.13,11775007,0.0,1.0
2016-05-12,12.8,12.86,12.3,12.64,14195012,0.0,1.0
2016-05-13,12.7,12.85,12.37,12.44,9078471,0.0,1.0
2016-05-16,12.45,12.74,12.3,12.72,8975243,0.0,1.0
2016-05-17,12.72,13.18,12.72,12.86,12086930,0.0,1.0
2016-05-18,13,13.14,12.17,12.44,12511525,0.0,1.0
2016-05-19,12.5,12.92,12.45,12.62,10373645,0.0,1.0
2016-05-20,12.48,12.8,12.37,12.77,9291814,0.0,1.0
2016-05-23,12.8,13.08,12.78,13.06,11040486,0.0,1.0
2016-05-24,12.9,12.94,12.5,12.69,10251247,0.0,1.0
2016-05-25,12.8,13.01,12.65,12.69,8760332,0.0,1.0
2016-05-26,12.77,12.88,12.39,12.84,9283614,0.0,1.0
2016-05-27,12.76,12.93,12.71,12.81,7791008,0.0,1.0
2016-05-30,12.63,12.93,12.5,12.71,7805482,0.0,1.0
2016-05-31,12.76,13.57,12.7,13.56,23597513,0.0,1.0
2016-06-01,13.55,13.84,13.48,13.6,20396253,0.0,1.0
2016-06-02,13.6,13.76,13.43,13.75,16820769,0.0,1.0
2016-06-03,13.76,13.83,13.55,13.69,16144557,0.0,1.0
2016-06-06,13.75,13.82,13.46,13.61,13464835,0.0,1.0
2016-06-07,13.62,13.79,13.48,13.77,13843028,0.0,1.0
2016-06-08,13.71,13.96,13.48,13.72,14648218,0.0,1.0
2016-06-13,13.43,13.62,12.9,12.98,16678764,0.0,1.0
2016-06-14,12.85,13.06,12.65,12.8,12700337,0.0,1.0
2016-06-15,12.61,13.44,12.53,13.28,14973445,0.0,1.0
2016-06-16,13.22,13.57,13.13,13.38,15115842,0.0,1.0
2016-06-17,13.37,13.67,13.2,13.36,13978345,0.0,1.0
2016-06-20,13.36,13.48,13.15,13.39,9710090,0.0,1.0
2016-06-21,13.51,13.65,13.03,13.11,13031152,0.0,1.0
2016-06-22,13.09,13.52,13.03,13.49,11120934,0.0,1.0
2016-06-23,13.5,14.06,13.45,13.91,31042004,0.0,1.0
2016-06-24,13.78,13.98,13.21,13.66,25088149,0.0,1.0
2016-06-27,13.5,14.28,13.45,14.21,29203461,0.0,1.0
2016-06-28,14.06,14.29,13.97,14.26,20714082,0.0,1.0
2016-06-29,14.29,14.34,14.03,14.16,14770003,0.0,1.0
2016-06-30,14.19,14.19,13.88,13.99,16284105,0.0,1.0
2016-07-01,14.02,14.27,13.93,13.98,12395313,0.0,1.0
2016-07-04,13.81,14.26,13.77,14.21,16347958,0.0,1.0
2016-07-05,14.21,14.32,14.1,14.3,18269407,0.0,1.0
2016-07-06,14.21,14.27,14.12,14.18,14878395,0.0,1.0
2016-07-07,14.18,14.18,13.81,14.04,13935672,0.0,1.0
2016-07-08,13.99,14.23,13.88,14.09,12666953,0.0,1.0
2016-07-11,14.03,14.3,13.95,14.02,15294107,0.0,1.0
2016-07-12,14.02,14.16,13.72,14.14,14860383,0.0,1.0
2016-07-13,14.16,14.64,14.03,14.58,30989295,0.0,1.0
2016-07-14,14.49,14.54,14.22,14.41,23206378,0.0,1.0
2016-07-15,14.38,14.48,14.13,14.19,15652569,0.0,1.0
2016-07-18,14.14,14.25,13.92,14.2,15587384,0.0,1.0
2016-07-19,14.21,14.25,13.97,14.24,13123587,0.0,1.0
2016-07-20,14.2,14.32,14.09,14.15,12114879,0.0,1.0
2016-07-21,14.18,14.69,14.16,14.43,29047798,0.0,1.0
2016-07-22,14.46,14.76,14.32,14.6,28108748,0.0,1.0
2016-07-25,14.58,15.15,14.46,14.89,31200154,0.0,1.0
2016-07-26,14.9,15.04,14.76,14.98,20436829,0.0,1.0
2016-07-27,14.97,15.17,13.93,14.08,30905450,0.0,1.0
2016-07-28,14.13,14.2,13.55,13.8,17600795,0.0,1.0
2016-07-29,13.79,13.9,13.51,13.64,9590980,0.0,1.0
2016-08-01,13.67,13.68,13.05,13.34,9626519,0.0,1.0
2016-08-02,13.4,13.52,13.33,13.5,6745867,0.0,1.0
2016-08-03,13.5,13.57,13.24,13.42,9633445,0.0,1.0
2016-08-04,13.4,13.85,13.39,13.79,13665771,0.0,1.0
2016-08-05,13.68,14.08,13.61,14,14293180,0.02520,1.0
2016-08-08,13.92,14.49,13.88,14.35,14812283,0.0,1.0
2016-08-09,14.25,14.57,14.16,14.39,11517141,0.0,1.0
2016-08-10,14.34,14.83,14.28,14.49,16652388,0.0,1.0
2016-08-11,14.35,14.4,13.94,13.95,15073957,0.0,1.0
2016-08-12,13.93,14.33,13.92,14.19,14359498,0.0,1.0
2016-08-15,14.2,14.57,14.04,14.46,32216151,0.0,1.0
2016-08-16,14.48,14.48,14.18,14.34,19969302,0.0,1.0
2016-08-17,14.33,14.53,14.24,14.41,15208350,0.0,1.0
2016-08-18,14.37,14.4,14.16,14.22,13397965,0.0,1.0
2016-08-19,14.23,14.29,13.95,14.02,12675928,0.0,1.0
2016-08-22,14.03,14.12,13.67,13.7,12107736,0.0,1.0
2016-08-23,13.72,13.87,13.63,13.76,7571283,0.0,1.0
2016-08-24,13.77,13.98,13.76,13.96,9002650,0.0,1.0
2016-08-25,13.87,13.92,13.67,13.85,9989058,0.0,1.0
2016-08-26,13.89,14.21,13.85,14.01,12953271,0.0,1.0
2016-08-29,14,14.21,13.92,14.12,7695827,0.0,1.0
2016-08-30,14.12,14.34,14.11,14.25,12793111,0.0,1.0
2016-08-31,14.16,14.25,13.95,14.12,8006460,0.0,1.0
2016-09-01,14.08,14.17,13.95,13.96,6746288,0.0,1.0
2016-09-02,13.9,13.97,13.56,13.73,9459602,0.0,1.0
2016-09-05,13.79,13.87,13.71,13.78,4287965,0.0,1.0
2016-09-06,13.8,14.32,13.65,14.24,14780129,0.0,1.0
2016-09-07,14.22,14.34,14.15,14.32,18183753,0.0,1.0
2016-09-08,14.27,14.86,14.27,14.58,32544114,0.0,1.0
2016-09-09,14.51,14.8,14.37,14.61,22484873,0.0,1.0
2016-09-12,14.37,15.35,14.28,15.03,49556919,0.0,1.0
2016-09-13,14.98,15.41,14.83,15.38,38541029,0.0,1.0
2016-09-14,15.13,15.25,14.9,14.97,20846907,0.0,1.0
2016-09-19,15.08,15.65,15.08,15.22,27990859,0.0,1.0
2016-09-20,15.3,15.37,14.83,14.96,26365316,0.0,1.0
2016-09-21,14.92,15.59,14.92,15.48,33619844,0.0,1.0
2016-09-22,15.62,15.68,15.18,15.35,25786016,0.0,1.0
2016-09-23,15.4,15.87,15.32,15.58,34635907,0.0,1.0
2016-09-26,15.63,15.63,14.69,14.71,27759603,0.0,1.0
2016-09-27,14.73,15.19,14.69,15.18,18833712,0.0,1.0
2016-09-28,15.17,15.17,14.95,15.01,10729112,0.0,1.0
2016-09-29,15,16.299999,14.92,15.88,33505972,0.0,1.0
2016-09-30,15.76,15.97,15.65,15.85,18593235,0.0,1.0
2016-10-10,15.94,16.76,15.75,16.459999,32897224,0.0,1.0
2016-10-11,16.4,16.780001,16.139999,16.290001,30860897,0.0,1.0
2016-10-12,16.15,16.290001,15.8,16.059999,22173185,0.0,1.0
2016-10-13,16.030001,16.690001,15.81,16.51,37258331,0.0,1.0
2016-10-14,16.4,16.469999,15.66,15.81,37288100,0.0,1.0
2016-10-17,15.71,15.75,15.5,15.66,20196110,0.0,1.0
2016-10-18,15.65,15.82,15.48,15.79,20550032,0.0,1.0
2016-10-19,15.76,15.95,15.21,15.43,23334188,0.0,1.0
2016-10-20,15.35,15.47,15.18,15.45,15647795,0.0,1.0
2016-10-21,15.43,15.56,14.98,15.11,19865089,0.0,1.0
2016-10-24,15.11,15.42,15.08,15.33,14746856,0.0,1.0
2016-10-25,15.32,15.46,15.23,15.38,10152621,0.0,1.0
2016-10-26,15.43,15.44,15.11,15.25,12241577,0.0,1.0
2016-10-27,15.23,15.43,15.17,15.38,12075814,0.0,1.0
2016-10-28,15.38,15.44,15,15.02,13995123,0.0,1.0
2016-10-31,14.99,15.15,14.81,15.13,8138489,0.0,1.0
2016-11-01,15.13,15.22,15.02,15.17,8709112,0.0,1.0
2016-11-02,15.15,15.18,14.84,14.9,12709853,0.0,1.0
2016-11-03,14.88,15.08,14.75,14.85,15279169,0.0,1.0
2016-11-04,14.84,15.02,14.78,14.91,9637282,0.0,1.0
2016-11-07,14.88,15.1,14.86,14.97,8364660,0.0,1.0
2016-11-08,15.1,15.16,15.01,15.12,10726707,0.0,1.0
2016-11-09,15.14,15.16,14.6,14.74,14964294,0.0,1.0
2016-11-10,14.91,15,14.79,14.86,12078356,0.0,1.0
2016-11-11,14.9,14.96,14.74,14.95,12129228,0.0,1.0
2016-11-14,14.96,15.13,14.93,15.11,14296030,0.0,1.0
2016-11-15,15.12,15.35,15.01,15.32,16426551,0.0,1.0
2016-11-16,15.3,15.36,15.18,15.21,8558992,0.0,1.0
2016-11-17,15.21,15.21,14.96,15.02,10156628,0.0,1.0
2016-11-18,15.04,15.06,14.77,14.82,11637445,0.0,1.0
2016-11-21,14.82,14.94,14.76,14.82,8526445,0.0,1.0
2016-11-22,14.82,14.91,14.76,14.91,8889582,0.0,1.0
2016-11-23,14.91,14.96,14.55,14.66,12638696,0.0,1.0
2016-11-24,14.66,14.72,14.46,14.49,10040841,0.0,1.0
2016-11-25,14.53,14.58,14.25,14.58,9478452,0.0,1.0
2016-11-28,14.6,14.61,14.49,14.53,6359823,0.0,1.0
2016-11-29,14.52,14.52,14.28,14.29,7635649,0.0,1.0
2016-11-30,14.29,14.46,14.23,14.31,10382093,0.0,1.0
2016-12-01,14.32,14.4,14.31,14.38,5126093,0.0,1.0
2016-12-02,14.41,14.43,13.83,13.89,12702995,0.0,1.0
2016-12-05,13.78,13.91,13.68,13.81,6129293,0.0,1.0
2016-12-06,13.83,13.96,13.81,13.85,4371703,0.0,1.0
2016-12-07,13.81,14.14,13.81,14.08,6541343,0.0,1.0
2016-12-08,14.08,14.11,13.84,13.87,5034428,0.0,1.0
2016-12-09,13.87,13.97,13.71,13.77,6021560,0.0,1.0
2016-12-12,13.84,13.84,12.74,12.76,12624836,0.0,1.0
2016-12-13,12.8,12.93,12.71,12.85,5701566,0.0,1.0
2016-12-14,12.84,12.94,12.61,12.75,6367691,0.0,1.0
2016-12-15,12.71,12.99,12.66,12.9,5392656,0.0,1.0
2016-12-16,12.94,13.07,12.85,13.02,4660657,0.0,1.0
2016-12-19,13,13.03,12.81,12.9,4626200,0.0,1.0
2016-12-20,12.86,12.98,12.82,12.89,3590701,0.0,1.0
2016-12-21,12.93,13.06,12.93,13.02,4555465,0.0,1.0
2016-12-22,13.02,13.12,12.92,13.08,4397364,0.0,1.0
2016-12-23,13.06,13.1,12.79,12.83,4668165,0.0,1.0
2016-12-26,12.85,12.95,12.5,12.93,5216592,0.0,1.0
2016-12-27,12.93,13.13,12.85,13.1,7134522,0.0,1.0
2016-12-28,13,13.24,13,13.22,7777537,0.0,1.0
2016-12-29,13.19,13.23,13,13.06,5735269,0.0,1.0
2016-12-30,13.03,13.15,12.88,12.95,5531635,0.0,1.0
2017-01-03,12.95,13.16,12.93,13.15,3846559,0.0,1.0
2017-01-04,13.14,13.25,13.14,13.24,5449977,0.0,1.0
2017-01-05,13.25,13.35,13.15,13.18,5400548,0.0,1.0
2017-01-06,13.25,13.29,13.04,13.1,3220036,0.0,1.0
2017-01-09,13.12,13.16,13.02,13.15,3840441,0.0,1.0
2017-01-10,13.15,13.18,13.06,13.1,3151896,0.0,1.0
2017-01-11,13.11,13.23,13.06,13.08,4240701,0.0,1.0
2017-01-12,13.12,13.13,12.8,12.82,5048399,0.0,1.0
2017-01-13,12.83,12.89,12.54,12.56,4681533,0.0,1.0
2017-01-16,12.55,12.6,11.5,11.9,8219689,0.0,1.0
2017-01-17,11.89,12.2,11.71,12.08,5313679,0.0,1.0
2017-01-18,12.08,12.39,12.03,12.17,7435681,0.0,1.0
2017-01-19,12.13,12.37,12.1,12.23,4792237,0.0,1.0
2017-01-20,12.26,12.45,12.21,12.37,2904042,0.0,1.0
2017-01-23,12.32,12.5,12.3,12.37,3079736,0.0,1.0
2017-01-24,12.32,12.39,12.2,12.22,2793537,0.0,1.0
2017-01-25,12.21,12.39,12.18,12.34,3121526,0.0,1.0
2017-01-26,12.34,12.48,12.31,12.45,3070622,0.0,1.0
2017-02-03,12.46,12.5,12.27,12.32,3808909,0.0,1.0
2017-02-06,12.36,12.48,12.3,12.47,3819437,0.0,1.0
2017-02-07,12.48,12.48,12.28,12.37,5269595,0.0,1.0
2017-02-08,12.37,12.52,12.26,12.51,5896049,0.0,1.0
2017-02-09,12.51,12.63,12.47,12.61,5412822,0.0,1.0
2017-02-10,12.59,12.74,12.51,12.64,6740232,0.0,1.0
2017-02-13,12.59,12.71,12.5,12.65,5912238,0.0,1.0
2017-02-14,12.61,12.74,12.6,12.65,4054253,0.0,1.0
2017-02-15,12.64,12.74,12.55,12.62,5107119,0.0,1.0
2017-02-16,12.6,12.68,12.55,12.66,4679000,0.0,1.0
2017-02-17,12.72,12.78,12.41,12.48,6856252,0.0,1.0
2017-02-20,12.46,12.6,12.43,12.59,4141879,0.0,1.0
2017-02-21,12.63,13.15,12.59,13.1,14137821,0.0,1.0
2017-02-22,13.02,13.05,12.86,13.01,12723721,0.0,1.0
2017-02-23,12.93,13.11,12.9,13.09,8333620,0.0,1.0
2017-02-24,13.08,13.23,13.02,13.19,6631275,0.0,1.0
2017-02-27,13.2,13.22,12.95,13.05,6494533,0.0,1.0
2017-02-28,13,13.08,12.89,13.04,4333775,0.0,1.0
2017-03-01,12.99,13.06,12.9,13.03,6003394,0.0,1.0
2017-03-02,13.03,13.15,12.89,12.99,6183040,0.0,1.0
2017-03-03,12.92,12.93,12.81,12.9,3901616,0.0,1.0
2017-03-06,12.9,13.13,12.9,13.11,5740283,0.0,1.0
2017-03-07,13.16,13.17,12.98,13.12,6201604,0.0,1.0
2017-03-08,13.08,13.15,12.96,13.09,5328079,0.0,1.0
2017-03-09,13.06,13.07,12.93,12.96,4844386,0.0,1.0
2017-03-10,12.93,13.19,12.93,13.13,7507585,0.0,1.0
2017-03-13,13.13,13.4,13.04,13.32,9126282,0.0,1.0
2017-03-14,13.33,13.36,13.1,13.13,7123582,0.0,1.0
2017-03-15,13.1,13.3,13.06,13.16,4253163,0.0,1.0
2017-03-16,13.19,13.27,13.13,13.27,6125816,0.0,1.0
2017-03-17,13.25,13.3,13.14,13.16,5627230,0.0,1.0
2017-03-20,13.16,13.22,12.94,13.04,9139582,0.0,1.0
2017-03-21,13.05,13.16,12.98,13.05,4759650,0.0,1.0
2017-03-22,12.99,13.06,12.87,12.95,4549440,0.0,1.0
2017-03-23,12.91,13.06,12.81,12.97,4654888,0.0,1.0
2017-03-24,13,13.05,12.9,13.04,3629456,0.0,1.0
2017-03-27,13.01,13.06,12.94,12.96,4097538,0.0,1.0
2017-03-28,12.92,13.07,12.92,12.96,3080217,0.0,1.0
2017-03-29,12.95,13.04,12.66,12.7,5553693,0.0,1.0
2017-03-30,12.72,12.75,12.3,12.31,6809967,0.0,1.0
2017-03-31,12.36,12.52,12.35,12.41,3513472,0.0,1.0
2017-04-05,12.41,12.97,12.4,12.95,7210870,0.0,1.0
2017-04-06,12.9,12.94,12.81,12.9,3334979,0.0,1.0
2017-04-07,12.88,12.91,12.79,12.85,3956594,0.0,1.0
2017-04-10,12.86,12.86,12.67,12.75,4148989,0.0,1.0
2017-04-11,12.78,12.95,12.51,12.72,10809112,0.0,1.0
2017-04-12,12.72,12.74,12.5,12.54,5804904,0.0,1.0
2017-04-13,12.6,12.63,12.5,12.57,4091545,0.0,1.0
2017-04-14,12.58,12.58,12.34,12.42,4897376,0.0,1.0
2017-04-17,12.44,12.5,12.32,12.4,3860758,0.0,1.0
2017-04-18,12.41,12.49,12.13,12.14,6555479,0.0,1.0
2017-04-19,12.09,12.14,11.6,11.79,7602058,0.0,1.0
2017-04-20,11.78,11.85,11.6,11.75,5650816,0.0,1.0
2017-04-21,11.81,11.86,11.58,11.64,4826286,0.0,1.0
2017-04-24,11.65,11.65,10.95,11.09,9123676,0.0,1.0
2017-04-25,11.07,11.2,10.88,10.91,6876979,0.0,1.0
2017-04-26,10.9,11.08,10.88,10.97,4468552,0.0,1.0
2017-04-27,10.9,11.08,10.72,11.07,4878974,0.0,1.0
2017-04-28,11.09,11.25,11.03,11.18,4646565,0.0,1.0
2017-05-02,11.3,11.3,11.08,11.13,3304501,0.0,1.0
2017-05-03,11.15,11.19,11.06,11.12,2370082,0.0,1.0
2017-05-04,11.12,11.17,11,11.08,3974024,0.0,1.0
2017-05-05,11.06,11.06,10.91,10.95,3277739,0.0,1.0
2017-05-08,10.95,11.04,10.88,10.9,3097240,0.0,1.0
2017-05-09,10.81,11.01,10.76,11,3333880,0.0,1.0
2017-05-10,11,11,11,11,0,0.0,1.0
2017-05-11,11,11,11,11,0,0.0,1.0
2017-05-12,11,11,11,11,0,0.0,1.0
2017-05-15,11,11,11,11,0,0.0,1.0
2017-05-16,11,11,11,11,0,0.0,1.0
2017-05-17,11,11,11,11,0,0.0,1.0
2017-05-18,11,11,11,11,0,0.0,1.0
2017-05-19,11,11,11,11,0,0.0,1.0
2017-05-22,11,11,11,11,0,0.0,1.0
2017-05-23,11,11,11,11,0,0.0,1.0
2017-05-24,11,11,11,11,0,0.0,1.0
2017-05-25,11,11,11,11,0,0.0,1.0
2017-05-26,11,11,11,11,0,0.0,1.0
2017-05-31,11,11,11,11,0,0.0,1.0
2017-06-01,11,11,11,11,0,0.0,1.0
2017-06-02,11,11,11,11,0,0.0,1.0
2017-06-05,11,11,11,11,0,0.0,1.0
2017-06-06,11,11,11,11,0,0.0,1.0
2017-06-07,11,11,11,11,0,0.0,1.0
2017-06-08,11,11,11,11,0,0.0,1.0
2017-06-09,11,11,11,11,0,0.0,1.0
2017-06-12,11,11,11,11,0,0.0,1.0
2017-06-13,11,11,11,11,0,0.0,1.0
2017-06-14,11,11,11,11,0,0.0,1.0
2017-06-15,11,11,11,11,0,0.0,1.0
2017-06-16,11,11,11,11,0,0.0,1.0
2017-06-19,11,11,11,11,0,0.0,1.0
2017-06-20,11,11,11,11,0,0.0,1.0
2017-06-21,11,11,11,11,0,0.0,1.0
2017-06-22,11,11,11,11,0,0.0,1.0
2017-06-23,11,11,11,11,0,0.06490,1.0
2017-06-26,11,11,11,11,0,0.0,1.0
2017-06-27,11,11,11,11,0,0.0,1.0
2017-06-28,11,11,11,11,0,0.0,1.0
2017-06-29,11,11,11,11,0,0.0,1.0
2017-06-30,11,11,11,11,0,0.0,1.0
2017-07-03,11,11,11,11,0,0.0,1.0
2017-07-04,11,11,11,11,0,0.0,1.0
2017-07-05,11,11,11,11,0,0.0,1.0
2017-07-06,11,11,11,11,0,0.0,1.0
2017-07-07,11,11,11,11,0,0.0,1.0
2017-07-10,11,11,11,11,0,0.0,1.0
2017-07-11,11,11,11,11,0,0.0,1.0
2017-07-12,11,11,11,11,0,0.0,1.0
2017-07-13,11,11,11,11,0,0.0,1.0
2017-07-14,11,11,11,11,0,0.0,1.0
2017-07-17,11,11,11,11,0,0.0,1.0
2017-07-18,11,11,11,11,0,0.0,1.0
2017-07-19,11,11,11,11,0,0.0,1.0
2017-07-20,11,11,11,11,0,0.0,1.0
2017-07-21,11,11,11,11,0,0.0,1.0
2017-07-24,11,11,11,11,0,0.0,1.0
2017-07-25,11,11,11,11,0,0.0,1.0
2017-07-26,11,11,11,11,0,0.0,1.0
2017-07-27,11,11,11,11,0,0.0,1.0
2017-07-28,11,11,11,11,0,0.0,1.0
2017-07-31,11,11,11,11,0,0.0,1.0
2017-08-01,11,11,11,11,0,0.0,1.0
2017-08-02,11,11,11,11,0,0.0,1.0
2017-08-03,11,11,11,11,0,0.0,1.0
2017-08-04,11,11,11,11,0,0.0,1.0
2017-08-07,11,11,11,11,0,0.0,1.0
2017-08-08,11,11,11,11,0,0.0,1.0
2017-08-09,11,11,11,11,0,0.0,1.0
2017-08-10,11,11,11,11,0,0.0,1.0
2017-08-11,11,11,11,11,0,0.0,1.0
2017-08-14,11,11,11,11,0,0.0,1.0
2017-08-15,11,11,11,11,0,0.0,1.0
2017-08-16,11,11,11,11,0,0.0,1.0
2017-08-17,11,11,11,11,0,0.0,1.0
2017-08-18,12.03,12.03,11.69,12.03,52730972,0.0,1.0
2017-08-21,11.99,12.37,11.6,12.33,63420377,0.0,1.0
2017-08-22,12.06,12.17,11.79,11.85,27864142,0.0,1.0
2017-08-23,11.75,11.75,11.41,11.53,21642375,0.0,1.0
2017-08-24,11.51,11.62,11.22,11.28,14025471,0.0,1.0
2017-08-25,11.29,11.55,11.26,11.4,12205454,0.0,1.0
2017-08-28,11.45,11.77,11.41,11.59,20602794,0.0,1.0
2017-08-29,11.51,11.56,11.35,11.42,12218777,0.0,1.0
2017-08-30,11.4,11.48,11.36,11.42,7774420,0.0,1.0
2017-08-31,11.41,11.44,11.32,11.42,7129745,0.0,1.0
2017-09-01,11.41,11.59,11.39,11.58,11363494,0.0,1.0
2017-09-04,11.58,11.75,11.46,11.7,13104938,0.0,1.0
2017-09-05,11.69,11.76,11.54,11.58,8751566,0.0,1.0
2017-09-06,11.53,11.7,11.5,11.69,9984550,0.0,1.0
2017-09-07,11.68,11.7,11.44,11.49,8704780,0.0,1.0
2017-09-08,11.48,11.54,11.31,11.38,8321981,0.0,1.0
2017-09-11,11.39,11.62,11.35,11.56,7595756,0.0,1.0
2017-09-12,11.57,11.63,11.42,11.47,8986647,0.0,1.0
2017-09-13,11.4,11.49,11.38,11.47,4526599,0.0,1.0
2017-09-14,11.45,11.51,11.4,11.41,4946450,0.0,1.0
2017-09-15,11.36,11.41,11.27,11.29,5451216,0.0,1.0
2017-09-18,11.3,11.44,11.27,11.43,4616996,0.0,1.0
2017-09-19,11.45,11.46,11.31,11.36,3331500,0.0,1.0
2017-09-20,11.31,11.5,11.31,11.48,7602375,0.0,1.0
2017-09-21,11.47,11.68,11.43,11.56,15069508,0.0,1.0
2017-09-22,11.53,12.15,11.38,11.95,37194171,0.0,1.0
2017-09-25,11.88,12.03,11.55,11.59,23265064,0.0,1.0
2017-09-26,11.59,11.59,11.59,11.59,0,0.0,1.0
2017-09-27,11.59,11.59,11.59,11.59,0,0.0,1.0
2017-09-28,11.59,11.59,11.59,11.59,0,0.0,1.0
2017-09-29,11.59,11.59,11.59,11.59,0,0.0,1.0
2017-10-09,11.59,11.59,11.59,11.59,0,0.0,1.0
2017-10-10,11.59,11.59,11.59,11.59,0,0.0,1.0
2017-10-11,11.59,11.59,11.59,11.59,0,0.0,1.0
2017-10-12,11.59,11.59,11.59,11.59,0,0.0,1.0
2017-10-13,11.59,11.59,11.59,11.59,0,0.0,1.0
2017-10-16,11.59,11.59,11.59,11.59,0,0.0,1.0
2017-10-17,11.59,11.59,11.59,11.59,0,0.0,1.0
2017-10-18,11.59,11.59,11.59,11.59,0,0.0,1.0
2017-10-19,11.59,11.59,11.59,11.59,0,0.0,1.0
2017-10-20,11.59,11.59,11.59,11.59,0,0.0,1.0
2017-10-23,11.59,11.59,11.59,11.59,0,0.0,1.0
2017-10-24,11.59,11.59,11.59,11.59,0,0.0,1.0
2017-10-25,11.59,11.59,11.59,11.59,0,0.0,1.0
2017-10-26,11.59,11.59,11.59,11.59,0,0.0,1.0
2017-10-27,11.59,11.59,11.59,11.59,0,0.0,1.0
2017-10-30,11.59,11.59,11.59,11.59,0,0.0,1.0
2017-10-31,11.59,11.59,11.59,11.59,0,0.0,1.0
2017-11-01,11.59,11.59,11.59,11.59,0,0.0,1.0
2017-11-02,11.59,11.59,11.59,11.59,0,0.0,1.0
2017-11-03,11.59,11.59,11.59,11.59,0,0.0,1.0
2017-11-06,11.59,11.59,11.59,11.59,0,0.0,1.0
2017-11-07,11.59,11.59,11.59,11.59,0,0.0,1.0
2017-11-08,11.59,11.59,11.59,11.59,0,0.0,1.0
2017-11-09,11.59,11.59,11.59,11.59,0,0.0,1.0
2017-11-10,11.59,11.59,11.59,11.59,0,0.0,1.0
2017-11-13,11.59,11.59,11.59,11.59,0,0.0,1.0
2017-11-14,11.59,11.59,11.59,11.59,0,0.0,1.0
2017-11-15,11.59,11.59,11.59,11.59,0,0.0,1.0
2017-11-16,11.59,11.59,11.59,11.59,0,0.0,1.0
2017-11-17,11.59,11.59,11.59,11.59,0,0.0,1.0
2017-11-20,11.59,11.59,11.59,11.59,0,0.0,1.0
2017-11-21,11.59,11.59,11.59,11.59,0,0.0,1.0
2017-11-22,11.59,11.59,11.59,11.59,0,0.0,1.0
2017-11-23,11.59,11.59,11.59,11.59,0,0.0,1.0
2017-11-24,11.59,11.59,11.59,11.59,0,0.0,1.0
2017-11-27,11.59,11.59,11.59,11.59,0,0.0,1.0
2017-11-28,11.59,11.59,11.59,11.59,0,0.0,1.0
2017-11-29,11.59,11.59,11.59,11.59,0,0.0,1.0
2017-11-30,11.59,11.59,11.59,11.59,0,0.0,1.0
2017-12-01,11.59,11.59,11.59,11.59,0,0.0,1.0
2017-12-04,11.59,11.59,11.59,11.59,0,0.0,1.0
2017-12-05,11.59,11.59,11.59,11.59,0,0.0,1.0
2017-12-06,11.59,11.59,11.59,11.59,0,0.0,1.0
2017-12-07,11.59,11.59,11.59,11.59,0,0.0,1.0
2017-12-08,11.59,11.59,11.59,11.59,0,0.0,1.0
2017-12-11,11.59,11.59,11.59,11.59,0,0.0,1.0
2017-12-12,11.59,11.59,11.59,11.59,0,0.0,1.0
2017-12-13,11.59,11.59,11.59,11.59,0,0.0,1.0
2017-12-14,11.59,11.59,11.59,11.59,0,0.0,1.0
2017-12-15,11.59,11.59,11.59,11.59,0,0.0,1.0
2017-12-18,11.59,11.59,11.59,11.59,0,0.0,1.0
2017-12-19,11.59,11.59,11.59,11.59,0,0.0,1.0
2017-12-20,11.59,11.59,11.59,11.59,0,0.0,1.0
2017-12-21,11.59,11.59,11.59,11.59,0,0.0,1.0
2017-12-22,11.59,11.59,11.59,11.59,0,0.0,1.0
2017-12-25,11.59,11.59,11.59,11.59,0,0.0,1.0
2017-12-26,11.59,11.59,11.59,11.59,0,0.0,1.0
2017-12-27,11.59,11.59,11.59,11.59,0,0.0,1.0
2017-12-28,11.59,11.59,11.59,11.59,0,0.0,1.0
2017-12-29,11.59,11.59,11.59,11.59,0,0.0,1.0
2018-01-02,11.59,11.59,11.59,11.59,0,0.0,1.0
2018-01-03,11.59,11.59,11.59,11.59,0,0.0,1.0
2018-01-04,11.59,11.59,11.59,11.59,0,0.0,1.0
2018-01-05,11.59,11.59,11.59,11.59,0,0.0,1.0
2018-01-08,11.59,11.59,11.59,11.59,0,0.0,1.0
2018-01-09,11.59,11.59,11.59,11.59,0,0.0,1.0
2018-01-10,11.59,11.59,11.59,11.59,0,0.0,1.0
2018-01-11,11.59,11.59,11.59,11.59,0,0.0,1.0
2018-01-12,11.59,11.59,11.59,11.59,0,0.0,1.0
2018-01-15,11.59,11.59,11.59,11.59,0,0.0,1.0
2018-01-16,11.59,11.59,11.59,11.59,0,0.0,1.0
2018-01-17,11.59,11.59,11.59,11.59,0,0.0,1.0
2018-01-18,5.1,5.55,5.1,5.21,70031878,0.0,1.0
2018-01-19,5.12,5.21,5.05,5.06,31910251,0.0,1.0
2018-01-22,5.06,5.18,5.06,5.1,20695067,0.0,1.0
2018-01-23,5.11,5.14,4.98,5.06,20611384,0.0,1.0
2018-01-24,5.04,5.11,5.01,5.08,15945404,0.0,1.0
2018-01-25,5.08,5.17,5.04,5.11,15857129,0.0,1.0
2018-01-26,5.09,5.12,5.04,5.04,12313543,0.0,1.0
2018-01-29,5.01,5.01,4.79,4.8,27793414,0.0,1.0
2018-01-30,4.76,4.8,4.56,4.56,22404254,0.0,1.0
2018-01-31,4.56,4.56,4.56,4.56,0,0.0,1.0
2018-02-01,4.56,4.56,4.56,4.56,0,0.0,1.0
2018-02-02,4.56,4.56,4.56,4.56,0,0.0,1.0
2018-02-05,4.56,4.56,4.56,4.56,0,0.0,1.0
2018-02-06,4.56,4.56,4.56,4.56,0,0.0,1.0
2018-02-07,3.47,3.52,3.34,3.34,25801346,0.0,1.0
2018-02-08,3.34,3.34,3.34,3.34,0,0.0,1.0
2018-02-09,3.51,3.69,3.41,3.57,29506635,0.0,1.0
2018-02-12,3.52,3.61,3.48,3.59,17745226,0.0,1.0
2018-02-13,3.54,3.62,3.41,3.42,16831656,0.0,1.0
2018-02-14,3.39,3.59,3.35,3.51,12050511,0.0,1.0
2018-02-22,3.51,3.51,3.51,3.51,0,0.0,1.0
2018-02-23,3.72,3.87,3.69,3.75,21846571,0.0,1.0
2018-02-26,3.73,3.86,3.63,3.84,16878486,0.0,1.0
2018-02-27,3.83,3.94,3.78,3.87,12832887,0.0,1.0
2018-02-28,3.81,3.99,3.78,3.97,12906654,0.0,1.0
2018-03-01,3.97,3.97,3.97,3.97,0,0.0,1.0
2018-03-02,4.3,4.38,4.13,4.14,25934263,0.0,1.0
2018-03-05,3.96,4.1,3.93,3.96,18919888,0.0,1.0
2018-03-06,3.99,4.15,3.96,4.07,12921641,0.0,1.0
2018-03-07,4.06,4.2,4.05,4.09,9911494,0.0,1.0
2018-03-08,4.09,4.14,3.99,4.01,9285720,0.0,1.0
2018-03-09,4.01,4.07,3.98,4.04,8559111,0.0,1.0
2018-03-12,3.95,4.07,3.95,4.04,11983822,0.0,1.0
2018-03-13,4.01,4.18,4,4.13,14805071,0.0,1.0
2018-03-14,4.13,4.13,3.93,3.97,13881947,0.0,1.0
2018-03-15,3.96,3.99,3.77,3.84,16136488,0.0,1.0
2018-03-16,3.83,3.87,3.79,3.8,8141457,0.0,1.0
2018-03-19,3.8,3.83,3.75,3.79,5906486,0.0,1.0
2018-03-20,3.78,3.85,3.71,3.83,6811177,0.0,1.0
2018-03-21,3.84,3.89,3.77,3.78,7445244,0.0,1.0
2018-03-22,3.81,3.83,3.76,3.78,5617900,0.0,1.0
2018-03-23,3.78,3.78,3.78,3.78,0,0.0,1.0
2018-03-26,3.47,3.53,3.41,3.51,8889364,0.0,1.0
2018-03-27,3.55,3.69,3.53,3.67,10374006,0.0,1.0
2018-03-28,3.59,3.66,3.57,3.61,6979808,0.0,1.0
2018-03-29,3.64,3.66,3.61,3.63,4882171,0.0,1.0
2018-03-30,3.63,3.7,3.63,3.67,5173517,0.0,1.0
2018-04-02,3.66,3.73,3.64,3.67,5531636,0.0,1.0
2018-04-03,3.62,3.66,3.56,3.58,4500799,0.0,1.0
2018-04-04,3.59,3.65,3.59,3.6,3529488,0.0,1.0
2018-04-09,3.62,3.65,3.51,3.56,5499501,0.0,1.0
2018-04-10,3.55,3.56,3.47,3.52,6242897,0.0,1.0
2018-04-11,3.52,3.58,3.48,3.56,7331932,0.0,1.0
2018-04-12,3.53,3.54,3.49,3.49,4728912,0.0,1.0
2018-04-13,3.5,3.55,3.47,3.52,5825249,0.0,1.0
2018-04-16,3.51,3.51,3.44,3.46,4306936,0.0,1.0
2018-04-17,3.45,3.58,3.44,3.45,6314487,0.0,1.0
2018-04-18,3.46,3.48,3.28,3.35,10667920,0.0,1.0
2018-04-19,3.32,3.43,3.32,3.4,6353690,0.0,1.0
2018-04-20,3.4,3.48,3.35,3.38,6080587,0.0,1.0
2018-04-23,3.34,3.37,3.23,3.29,6815381,0.0,1.0
2018-04-24,3.25,3.34,3.25,3.31,4814184,0.0,1.0
2018-04-25,3.31,3.31,3.31,3.31,0,0.0,1.0
2018-04-26,3.19,3.41,3.19,3.32,11244783,0.0,1.0
2018-04-27,3.35,3.49,3.31,3.49,11469498,0.0,1.0
2018-05-02,3.45,3.49,3.35,3.37,9307126,0.0,1.0
2018-05-03,3.37,3.41,3.33,3.38,4718994,0.0,1.0
2018-05-04,3.4,3.47,3.38,3.45,7399789,0.0,1.0
2018-05-07,3.45,3.5,3.42,3.45,5941023,0.0,1.0
2018-05-08,3.44,3.53,3.44,3.47,5625878,0.0,1.0
2018-05-09,3.46,3.48,3.44,3.45,3892212,0.0,1.0
2018-05-10,3.41,3.44,3.3,3.34,10223874,0.0,1.0
2018-05-11,3.33,3.34,3.29,3.31,4426872,0.0,1.0
2018-05-14,3.31,3.31,3.2,3.25,5655265,0.0,1.0
2018-05-15,3.27,3.33,3.26,3.28,3716572,0.0,1.0
2018-05-16,3.25,3.35,3.25,3.3,3954400,0.0,1.0
2018-05-17,3.3,3.33,3.29,3.32,3078300,0.0,1.0
2018-05-18,3.33,3.38,3.3,3.37,3884265,0.0,1.0
2018-05-21,3.38,3.41,3.33,3.39,5218446,0.0,1.0
2018-05-22,3.39,3.45,3.38,3.44,4803102,0.0,1.0
2018-05-23,3.41,3.42,3.33,3.35,6306853,0.0,1.0
2018-05-24,3.33,3.38,3.33,3.34,3845800,0.0,1.0
2018-05-25,3.43,3.51,3.39,3.41,17227592,0.0,1.0
2018-05-28,3.35,3.37,3.24,3.24,11538916,0.0,1.0
2018-05-29,3.13,3.24,3.09,3.14,7851364,0.0,1.0
2018-05-30,3.1,3.12,2.98,2.98,8741000,0.0,1.0
2018-05-31,2.98,3.01,2.9,2.95,7653850,0.0,1.0
2018-06-01,2.94,3.02,2.93,2.95,5355509,0.0,1.0
2018-06-04,2.92,2.92,2.8,2.8,10325111,0.0,1.0
2018-06-05,2.8,2.84,2.78,2.83,5390287,0.0,1.0
2018-06-06,2.83,2.86,2.8,2.85,6463158,0.0,1.0
2018-06-07,2.85,2.88,2.83,2.83,4062900,0.0,1.0
2018-06-08,2.84,2.85,2.7,2.74,4911013,0.0,1.0
2018-06-11,2.69,2.81,2.69,2.77,5001554,0.0,1.0
2018-06-12,2.76,2.84,2.76,2.81,5096717,0.0,1.0
2018-06-13,2.81,2.95,2.79,2.9,11795213,0.0,1.0
2018-06-14,2.9,2.9,2.81,2.82,5368327,0.0,1.0
2018-06-15,2.81,2.83,2.68,2.68,5930270,0.0,1.0
2018-06-19,2.68,2.68,2.68,2.68,0,0.0,1.0
2018-06-20,2.44,2.47,2.42,2.44,8253835,0.0,1.0
2018-06-21,2.45,2.51,2.32,2.32,9196110,0.0,1.0
2018-06-22,2.29,2.34,2.21,2.33,7409118,0.0,1.0
2018-06-25,2.34,2.37,2.31,2.32,3724254,0.0,1.0
2018-06-26,2.29,2.4,2.27,2.39,5359450,0.0,1.0
2018-06-27,2.39,2.51,2.38,2.45,6673068,0.0,1.0
2018-06-28,2.44,2.49,2.33,2.34,6251141,0.0,1.0
2018-06-29,2.35,2.42,2.34,2.42,5039005,0.0,1.0
2018-07-02,2.42,2.42,2.42,2.42,0,0.0,1.0
2018-07-03,2.63,2.63,2.52,2.58,9332100,0.0,1.0
2018-07-04,2.56,2.63,2.54,2.6,5563902,0.0,1.0
2018-07-05,2.57,2.6,2.5,2.5,3893700,0.0,1.0
2018-07-06,2.51,2.54,2.38,2.49,4845468,0.0,1.0
2018-07-09,2.48,2.52,2.47,2.52,2246648,0.0,1.0
2018-07-10,2.5,2.53,2.49,2.52,1475000,0.0,1.0
2018-07-11,2.5,2.5,2.4,2.44,2556400,0.0,1.0
2018-07-12,2.44,2.52,2.42,2.51,2205761,0.0,1.0
2018-07-13,2.5,2.55,2.5,2.53,1742161,0.0,1.0
2018-07-16,2.57,2.6,2.53,2.54,2345300,0.0,1.0
2018-07-17,2.54,2.59,2.48,2.56,2833002,0.0,1.0
2018-07-18,2.55,2.62,2.54,2.57,2562000,0.0,1.0
2018-07-19,2.56,2.59,2.5,2.5,2154641,0.0,1.0
2018-07-20,2.49,2.54,2.48,2.52,2044800,0.0,1.0
2018-07-23,2.5,2.5,2.45,2.49,2629811,0.0,1.0
2018-07-24,2.48,2.52,2.47,2.51,2771919,0.0,1.0
2018-07-25,2.51,2.54,2.5,2.53,2327548,0.0,1.0
2018-07-26,2.52,2.66,2.51,2.63,6164100,0.0,1.0
2018-07-27,2.61,2.64,2.58,2.6,2512100,0.0,1.0
2018-07-30,2.59,2.59,2.47,2.48,3632459,0.0,1.0
2018-07-31,2.49,2.51,2.45,2.5,1361991,0.0,1.0
2018-08-01,2.51,2.54,2.47,2.48,2135101,0.0,1.0
2018-08-02,2.57,2.57,2.36,2.39,5742694,0.0,1.0
2018-08-03,2.37,2.41,2.34,2.35,2357900,0.0,1.0
2018-08-06,2.36,2.39,2.29,2.3,2200200,0.0,1.0
2018-08-07,2.33,2.38,2.31,2.37,2135413,0.0,1.0
2018-08-08,2.37,2.4,2.35,2.36,1489980,0.0,1.0
2018-08-09,2.35,2.41,2.35,2.4,1990869,0.0,1.0
2018-08-10,2.4,2.43,2.38,2.42,1458374,0.0,1.0
2018-08-13,2.39,2.42,2.36,2.41,2477312,0.0,1.0
2018-08-14,2.42,2.48,2.41,2.46,4756901,0.0,1.0
2018-08-15,2.46,2.47,2.42,2.44,2549311,0.0,1.0
2018-08-16,2.42,2.48,2.4,2.46,3052600,0.0,1.0
2018-08-17,2.47,2.48,2.4,2.4,1835300,0.0,1.0
2018-08-20,2.4,2.43,2.38,2.43,1361047,0.0,1.0
2018-08-21,2.43,2.54,2.41,2.5,4694305,0.0,1.0
2018-08-22,2.46,2.62,2.45,2.55,7713272,0.0,1.0
2018-08-23,2.51,2.6,2.51,2.56,4571500,0.0,1.0
2018-08-24,2.57,2.61,2.53,2.58,3503000,0.0,1.0
2018-08-27,2.59,2.65,2.57,2.61,3952726,0.0,1.0
2018-08-28,2.61,2.67,2.59,2.62,5247073,0.0,1.0
2018-08-29,2.61,2.62,2.56,2.61,3955219,0.0,1.0
2018-08-30,2.58,2.68,2.58,2.61,6232778,0.0,1.0
2018-08-31,2.61,2.61,2.5,2.52,4021339,0.0,1.0
2018-09-03,2.52,2.52,2.52,2.52,0,0.0,1.0
2018-09-04,2.67,2.7,2.61,2.65,7424857,0.0,1.0
2018-09-05,2.63,2.73,2.61,2.65,5807316,0.0,1.0
2018-09-06,2.64,2.69,2.63,2.63,4255218,0.0,1.0
2018-09-07,2.63,2.65,2.55,2.6,4305844,0.0,1.0
2018-09-10,2.57,2.58,2.48,2.51,3904798,0.0,1.0
2018-09-11,2.47,2.5,2.44,2.47,2670700,0.0,1.0
2018-09-12,2.45,2.52,2.45,2.49,2452415,0.0,1.0
2018-09-13,2.48,2.51,2.44,2.47,2716915,0.0,1.0
2018-09-14,2.44,2.46,2.37,2.4,3663800,0.0,1.0
2018-09-17,2.38,2.39,2.33,2.35,2707937,0.0,1.0
2018-09-18,2.35,2.41,2.35,2.41,2622501,0.0,1.0
2018-09-19,2.4,2.44,2.4,2.42,1990026,0.0,1.0
2018-09-20,2.42,2.44,2.41,2.43,2118201,0.0,1.0
2018-09-21,2.43,2.45,2.4,2.45,2625700,0.0,1.0
2018-09-25,2.44,2.45,2.4,2.41,1858400,0.0,1.0
2018-09-26,2.42,2.43,2.41,2.41,1950481,0.0,1.0
2018-09-27,2.42,2.45,2.41,2.42,2840120,0.0,1.0
2018-09-28,2.4,2.45,2.4,2.44,3383925,0.0,1.0
2018-10-08,2.56,2.56,2.51,2.51,7096418,0.0,1.0
2018-10-09,2.45,2.53,2.45,2.51,5489909,0.0,1.0
2018-10-10,2.49,2.53,2.48,2.51,4194257,0.0,1.0
2018-10-11,2.47,2.51,2.38,2.38,6289553,0.0,1.0
2018-10-12,2.29,2.37,2.26,2.36,5219131,0.0,1.0
2018-10-15,2.36,2.39,2.28,2.31,2680960,0.0,1.0
2018-10-16,2.35,2.35,2.23,2.26,2553272,0.0,1.0
2018-10-17,2.29,2.3,2.24,2.28,2617476,0.0,1.0
2018-10-18,2.27,2.28,2.17,2.17,3008677,0.0,1.0
2018-10-19,2.09,2.09,2.06,2.06,7703871,0.0,1.0
2018-10-22,2.1,2.16,2.1,2.16,6303920,0.0,1.0
2018-10-23,2.17,2.27,2.13,2.17,6255219,0.0,1.0
2018-10-24,2.15,2.23,2.13,2.19,3550054,0.0,1.0
2018-10-25,2.13,2.17,2.1,2.17,3363000,0.0,1.0
2018-10-26,2.17,2.26,2.17,2.24,3363726,0.0,1.0
2018-10-29,2.22,2.34,2.2,2.27,4496603,0.0,1.0
2018-10-30,2.26,2.29,2.19,2.26,3920772,0.0,1.0
2018-10-31,2.27,2.35,2.26,2.31,4510774,0.0,1.0
2018-11-01,2.3,2.35,2.29,2.33,3734403,0.0,1.0
2018-11-02,2.32,2.34,2.28,2.32,5200004,0.0,1.0
2018-11-05,2.36,2.4,2.33,2.35,5269600,0.0,1.0
2018-11-06,2.33,2.33,2.24,2.28,4540927,0.0,1.0
2018-11-07,2.26,2.33,2.25,2.31,5922899,0.0,1.0
2018-11-08,2.33,2.43,2.31,2.4,8654822,0.0,1.0
2018-11-09,2.35,2.44,2.34,2.4,7522344,0.0,1.0
2018-11-12,2.4,2.4,2.4,2.4,0,0.0,1.0
2018-11-13,2.4,2.4,2.4,2.4,0,0.0,1.0
2018-11-14,2.78,2.78,2.6,2.6,20803871,0.0,1.0
2018-11-15,2.56,2.61,2.48,2.53,12796484,0.0,1.0
2018-11-16,2.52,2.64,2.5,2.61,8015106,0.0,1.0
2018-11-19,2.49,2.58,2.49,2.56,6117205,0.0,1.0
2018-11-20,2.52,2.68,2.52,2.59,8427643,0.0,1.0
2018-11-21,2.55,2.72,2.54,2.72,10313750,0.0,1.0
2018-11-22,2.78,2.86,2.69,2.74,11362755,0.0,1.0
2018-11-23,2.73,2.83,2.6,2.63,11984603,0.0,1.0
2018-11-26,2.62,2.67,2.52,2.54,6072167,0.0,1.0
2018-11-27,2.55,2.67,2.55,2.67,8145013,0.0,1.0
2018-11-28,2.67,2.78,2.65,2.69,11008815,0.0,1.0
2018-11-29,2.69,2.72,2.58,2.58,6567916,0.0,1.0
2018-11-30,2.58,2.61,2.5,2.55,5079415,0.0,1.0
2018-12-03,2.55,2.55,2.55,2.55,0,0.0,1.0
2018-12-04,2.69,2.78,2.67,2.75,9890602,0.0,1.0
2018-12-05,2.68,2.89,2.66,2.89,12525867,0.0,1.0
2018-12-06,2.93,2.99,2.76,2.83,12819991,0.0,1.0
2018-12-07,2.83,2.83,2.83,2.83,0,0.0,1.0
2018-12-10,3,3.12,2.96,3.03,19374805,0.0,1.0
2018-12-11,3,3.05,2.88,2.89,13554606,0.0,1.0
2018-12-12,2.87,2.92,2.77,2.86,8217208,0.0,1.0
2018-12-13,2.85,2.86,2.79,2.81,5955733,0.0,1.0
2018-12-14,2.81,2.85,2.68,2.7,6292116,0.0,1.0
2018-12-17,2.68,2.72,2.58,2.7,6828153,0.0,1.0
2018-12-18,2.68,2.79,2.66,2.75,5420100,0.0,1.0
2018-12-19,2.71,2.77,2.71,2.71,4314600,0.0,1.0
2018-12-20,2.67,2.74,2.67,2.73,3775475,0.0,1.0
2018-12-21,2.7,2.74,2.68,2.7,3952900,0.0,1.0
2018-12-24,2.7,2.75,2.63,2.69,4786501,0.0,1.0
2018-12-25,2.66,2.66,2.56,2.57,7232461,0.0,1.0
2018-12-26,2.58,2.62,2.54,2.57,3658893,0.0,1.0
2018-12-27,2.6,2.61,2.44,2.44,4949159,0.0,1.0
2018-12-28,2.37,2.51,2.37,2.5,3568808,0.0,1.0
2019-01-02,2.63,2.63,2.57,2.63,6861725,0.0,1.0
2019-01-03,2.63,2.76,2.63,2.7,7900501,0.0,1.0
2019-01-04,2.68,2.72,2.58,2.7,5455626,0.0,1.0
2019-01-07,2.68,2.75,2.58,2.73,4458581,0.0,1.0
2019-01-08,2.71,2.78,2.71,2.76,4397745,0.0,1.0
2019-01-09,2.76,2.78,2.72,2.74,4052700,0.0,1.0
2019-01-10,2.74,2.77,2.71,2.71,2501801,0.0,1.0
2019-01-11,2.71,2.85,2.71,2.82,7284981,0.0,1.0
2019-01-14,2.77,2.79,2.68,2.68,7468964,0.0,1.0
2019-01-15,2.71,2.72,2.68,2.69,3231465,0.0,1.0
2019-01-16,2.68,2.69,2.61,2.66,2913601,0.0,1.0
2019-01-17,2.66,2.69,2.63,2.67,3284688,0.0,1.0
2019-01-18,2.65,2.68,2.54,2.57,7177100,0.0,1.0
2019-01-21,2.57,2.6,2.53,2.55,3824200,0.0,1.0
2019-01-22,2.54,2.58,2.5,2.51,5033973,0.0,1.0
2019-01-23,2.5,2.57,2.5,2.54,3394259,0.0,1.0
2019-01-24,2.54,2.54,2.54,2.54,0,0.0,1.0
2019-01-25,2.66,2.66,2.54,2.54,9098210,0.0,1.0
2019-01-28,2.52,2.55,2.41,2.41,8943010,0.0,1.0
2019-01-29,2.38,2.38,2.29,2.31,5553153,0.0,1.0
2019-01-30,2.29,2.43,2.26,2.4,7485895,0.0,1.0
2019-01-31,2.34,2.38,2.28,2.28,6530100,0.0,1.0
2019-02-01,2.28,2.36,2.28,2.34,2613588,0.0,1.0
2019-02-11,2.37,2.43,2.35,2.42,3167851,0.0,1.0
2019-02-12,2.43,2.51,2.4,2.48,3962281,0.0,1.0
2019-02-13,2.46,2.55,2.45,2.5,3226108,0.0,1.0
2019-02-14,2.5,2.53,2.47,2.52,2916643,0.0,1.0
2019-02-15,2.51,2.57,2.49,2.53,3630595,0.0,1.0
2019-02-18,2.53,2.6,2.51,2.6,3761496,0.0,1.0
2019-02-19,2.58,2.65,2.57,2.59,4762510,0.0,1.0
2019-02-20,2.6,2.6,2.56,2.58,4109581,0.0,1.0
2019-02-21,2.58,2.63,2.53,2.57,6452700,0.0,1.0
2019-02-22,2.55,2.61,2.49,2.59,7662918,0.0,1.0
2019-02-25,2.72,2.72,2.67,2.7,19077824,0.0,1.0
2019-02-26,2.69,2.73,2.6,2.67,13236031,0.0,1.0
2019-02-27,2.67,2.8,2.64,2.79,15985111,0.0,1.0
2019-02-28,2.73,2.8,2.71,2.75,9524766,0.0,1.0
2019-03-01,2.75,2.77,2.71,2.76,5597022,0.0,1.0
2019-03-04,2.76,2.81,2.73,2.75,10837057,0.0,1.0
2019-03-05,2.74,2.77,2.71,2.76,9397304,0.0,1.0
2019-03-06,2.78,2.9,2.77,2.9,20729926,0.0,1.0
2019-03-07,2.9,3.03,2.76,2.95,19646127,0.0,1.0
2019-03-08,2.92,2.96,2.8,2.8,16401039,0.0,1.0
2019-03-11,2.79,2.86,2.73,2.85,11017943,0.0,1.0
2019-03-12,2.86,2.93,2.83,2.89,13039819,0.0,1.0
2019-03-13,2.89,2.92,2.76,2.78,12310724,0.0,1.0
2019-03-14,2.75,2.91,2.68,2.75,13765432,0.0,1.0
2019-03-15,2.75,2.84,2.72,2.8,8093608,0.0,1.0
2019-03-18,2.8,2.88,2.8,2.88,8557614,0.0,1.0
2019-03-19,2.88,2.95,2.84,2.87,8586068,0.0,1.0
2019-03-20,2.86,2.93,2.84,2.92,11373072,0.0,1.0
2019-03-21,2.9,3.07,2.89,3.04,16512454,0.0,1.0
2019-03-22,3.04,3.04,3.04,3.04,0,0.0,1.0
2019-03-25,3.04,3.04,3.04,3.04,0,0.0,1.0
2019-03-26,3.52,3.52,3.18,3.21,27922959,0.0,1.0
2019-03-27,3.16,3.33,3.05,3.05,19923617,0.0,1.0
2019-03-28,2.97,3.09,2.92,2.94,14886720,0.0,1.0
2019-03-29,2.95,3.01,2.84,2.98,12737628,0.0,1.0
2019-04-01,3.01,3.07,2.98,3.07,11764225,0.0,1.0
2019-04-02,3.07,3.13,3.04,3.08,9698439,0.0,1.0
2019-04-03,3.09,3.23,3.04,3.18,11812112,0.0,1.0
2019-04-04,3.17,3.25,3.14,3.18,10432022,0.0,1.0
2019-04-08,3.18,3.25,3.06,3.14,11622087,0.0,1.0
2019-04-09,3.14,3.14,3.08,3.13,7072462,0.0,1.0
2019-04-10,3.1,3.14,3.06,3.1,6602113,0.0,1.0
2019-04-11,3.09,3.17,3.06,3.08,7322220,0.0,1.0
2019-04-12,3.01,3.08,3,3.07,6298990,0.0,1.0
2019-04-15,3.09,3.17,3.08,3.1,8590807,0.0,1.0
2019-04-16,3.1,3.26,3.03,3.26,13706931,0.0,1.0
2019-04-17,3.3,3.42,3.3,3.42,19488107,0.0,1.0
2019-04-18,3.5,3.59,3.26,3.39,16218423,0.0,1.0
2019-04-19,3.31,3.48,3.22,3.42,21123402,0.0,1.0
2019-04-22,3.38,3.4,3.25,3.25,15223252,0.0,1.0
2019-04-23,3.18,3.18,3.09,3.1,10628233,0.0,1.0
2019-04-24,3.1,3.1,3.1,3.1,0,0.0,1.0
2019-04-25,3.32,3.4,3.18,3.25,17149236,0.0,1.0
2019-04-26,3.23,3.41,3.22,3.33,19992264,0.0,1.0
2019-05-06,3.55,3.55,3.55,3.55,0,0.0,1.0
2019-05-07,3.31,3.4,3.2,3.2,12026844,0.0,1.0
2019-05-08,3.08,3.21,3.04,3.04,9367441,0.0,1.0
2019-05-09,3.06,3.15,2.97,3.14,7548139,0.0,1.0
2019-05-10,3.11,3.28,3.11,3.25,7762400,0.0,1.0
2019-05-13,3.12,3.18,3.09,3.09,7088585,0.0,1.0
2019-05-14,3,3.12,3,3.05,3750842,0.0,1.0
2019-05-15,3.09,3.2,3.06,3.1,4243800,0.0,1.0
2019-05-16,3.07,3.19,3.07,3.13,3919584,0.0,1.0
2019-05-17,3.16,3.18,3.06,3.06,4411705,0.0,1.0
2019-05-20,3,3.05,2.91,2.93,7104828,0.0,1.0
2019-05-21,2.96,3,2.91,2.93,3715058,0.0,1.0
2019-05-22,2.96,2.97,2.78,2.78,5491000,0.0,1.0
2019-05-23,2.8,2.82,2.64,2.66,6191196,0.0,1.0
2019-05-24,2.55,2.64,2.55,2.58,3923435,0.0,1.0
2019-05-27,2.55,2.65,2.55,2.63,2410896,0.0,1.0
2019-05-28,2.63,2.68,2.63,2.63,3267738,0.0,1.0
2019-05-29,2.55,2.63,2.55,2.63,2913618,0.0,1.0
2019-05-30,2.61,2.63,2.57,2.6,2792289,0.0,1.0
2019-05-31,2.48,2.65,2.48,2.58,2229400,0.0,1.0
2019-06-03,2.6,2.71,2.56,2.71,4938385,0.0,1.0
2019-06-04,2.72,2.85,2.72,2.79,7204633,0.0,1.0
2019-06-05,2.82,2.82,2.7,2.71,3763100,0.0,1.0
2019-06-06,2.75,2.85,2.75,2.85,8034309,0.0,1.0
2019-06-10,2.88,2.94,2.79,2.83,5305844,0.0,1.0
2019-06-11,2.8,2.84,2.73,2.83,4748116,0.0,1.0
2019-06-12,2.82,2.84,2.79,2.83,2767380,0.0,1.0
2019-06-13,2.8,2.84,2.76,2.83,2986340,0.0,1.0
2019-06-14,2.82,2.96,2.79,2.81,3932500,0.0,1.0
2019-06-19,2.74,2.83,2.73,2.8,2779345,0.0,1.0
2019-06-20,2.78,2.79,2.74,2.78,1869056,0.0,1.0
2019-06-21,2.92,2.92,2.82,2.86,3466292,0.0,1.0
2019-06-24,2.86,2.92,2.83,2.91,2782157,0.0,1.0
2019-06-25,2.91,2.99,2.88,2.94,4060885,0.0,1.0
2019-06-26,2.92,2.95,2.9,2.92,1509030,0.0,1.0
2019-06-27,2.92,2.97,2.91,2.93,1937088,0.0,1.0
2019-06-28,2.93,2.95,2.78,2.81,2686604,0.0,1.0
2019-07-01,2.85,2.87,2.81,2.86,2944402,0.0,1.0
2019-07-02,2.83,2.98,2.83,2.95,3796332,0.0,1.0
2019-07-03,2.93,2.93,2.82,2.84,2882843,0.0,1.0
2019-07-04,2.81,2.86,2.81,2.84,1367600,0.0,1.0
2019-07-05,2.84,2.84,2.7,2.79,3701300,0.0,1.0
2019-07-08,2.7,2.75,2.65,2.65,3190730,0.0,1.0
2019-07-09,2.65,2.71,2.61,2.67,2241266,0.0,1.0
2019-07-10,2.68,2.68,2.64,2.68,955400,0.0,1.0
2019-07-11,2.66,2.73,2.66,2.69,1544478,0.0,1.0
2019-07-12,2.68,2.79,2.67,2.76,1997813,0.0,1.0
2019-07-15,2.76,2.79,2.74,2.78,1347232,0.0,1.0
2019-07-16,2.78,2.8,2.69,2.74,1813500,0.0,1.0
2019-07-17,2.71,2.75,2.7,2.7,1157800,0.0,1.0
2019-07-18,2.69,2.69,2.65,2.66,1423300,0.0,1.0
2019-07-19,2.66,2.69,2.65,2.66,1013500,0.0,1.0
2019-07-22,2.66,2.66,2.57,2.57,1779540,0.0,1.0
2019-07-23,2.57,2.61,2.54,2.6,1241106,0.0,1.0
2019-07-24,2.6,2.65,2.58,2.64,1335374,0.0,1.0
2019-07-25,2.64,2.66,2.61,2.63,1136600,0.0,1.0
2019-07-26,2.66,2.66,2.61,2.63,1151776,0.0,1.0
